ticker,cik,concept,unit,start,end,val,accn,form,filed,note
CTAS,0000723254,WeightedAverageNumberOfDilutedSharesOutstanding,shares,2021-06-01,2022-05-31,105523000,0000723254-22-000019,10-K,2022-07-27,
CTAS,0000723254,WeightedAverageNumberOfDilutedSharesOutstanding,shares,2021-06-01,2022-05-31,105523000,0000723254-23-000025,10-K,2023-07-27,
CTAS,0000723254,WeightedAverageNumberOfDilutedSharesOutstanding,shares,2021-06-01,2022-05-31,105523000,0000723254-24-000036,10-K,2024-07-25,
CTAS,0000723254,WeightedAverageNumberOfDilutedSharesOutstanding,shares,2023-06-01,2024-05-31,103367000,0000723254-24-000036,10-K,2024-07-25,
CTAS,0000723254,WeightedAverageNumberOfDilutedSharesOutstanding,shares,2023-06-01,2024-05-31,413468000,0000723254-25-000017,10-K,2025-07-28,
CTAS,0000723254,WeightedAverageNumberOfDilutedSharesOutstanding,shares,2023-06-01,2024-05-31,413468000,0000723254-26-000028,10-K,2026-07-29,
CTAS,0000723254,WeightedAverageNumberOfDilutedSharesOutstanding,shares,2024-06-01,2025-05-31,410286000,0000723254-25-000017,10-K,2025-07-28,
CTAS,0000723254,WeightedAverageNumberOfDilutedSharesOutstanding,shares,2024-06-01,2025-05-31,410286000,0000723254-26-000028,10-K,2026-07-29,
NVDA,0001045810,WeightedAverageNumberOfDilutedSharesOutstanding,shares,2022-01-31,2023-01-29,2507000000,0001045810-23-000017,10-K,2023-02-24,
NVDA,0001045810,WeightedAverageNumberOfDilutedSharesOutstanding,shares,2022-01-31,2023-01-29,2507000000,0001045810-24-000029,10-K,2024-02-21,
NVDA,0001045810,WeightedAverageNumberOfDilutedSharesOutstanding,shares,2022-01-31,2023-01-29,25070000000,0001045810-25-000023,10-K,2025-02-26,
NVDA,0001045810,WeightedAverageNumberOfDilutedSharesOutstanding,shares,,2024-01-28,2494000000,0001045810-24-000029,10-K,2024-02-21,
NVDA,0001045810,WeightedAverageNumberOfDilutedSharesOutstanding,shares,,2024-01-28,24940000000,0001045810-25-000023,10-K,2025-02-26,
NVDA,0001045810,WeightedAverageNumberOfDilutedSharesOutstanding,shares,,2024-01-28,24940000000,0001045810-26-000021,10-K,2026-02-25,
NVDA,0001045810,WeightedAverageNumberOfDilutedSharesOutstanding,shares,,2025-01-26,24804000000,0001045810-25-000023,10-K,2025-02-26,
NVDA,0001045810,WeightedAverageNumberOfDilutedSharesOutstanding,shares,,2025-01-26,24804000000,0001045810-26-000021,10-K,2026-02-25,
NVDA,0001045810,WeightedAverageNumberOfDilutedSharesOutstanding,shares,,2026-01-25,24514000000,0001045810-26-000021,10-K,2026-02-25,
AVGO,0001730168,WeightedAverageNumberOfDilutedSharesOutstanding,shares,,2022-10-30,423000000,0001730168-22-000118,10-K,2022-12-16,
AVGO,0001730168,WeightedAverageNumberOfDilutedSharesOutstanding,shares,,2022-10-30,423000000,0001730168-23-000096,10-K,2023-12-14,
AVGO,0001730168,WeightedAverageNumberOfDilutedSharesOutstanding,shares,,2022-10-30,4232000000,0001730168-24-000139,10-K,2024-12-20,
AVGO,0001730168,WeightedAverageNumberOfDilutedSharesOutstanding,shares,,2023-10-29,427000000,0001730168-23-000096,10-K,2023-12-14,
AVGO,0001730168,WeightedAverageNumberOfDilutedSharesOutstanding,shares,,2023-10-29,4272000000,0001730168-24-000139,10-K,2024-12-20,
AVGO,0001730168,WeightedAverageNumberOfDilutedSharesOutstanding,shares,,2023-10-29,4272000000,0001730168-25-000121,10-K,2025-12-18,
AVGO,0001730168,WeightedAverageNumberOfDilutedSharesOutstanding,shares,,2024-11-03,4778000000,0001730168-24-000139,10-K,2024-12-20,
AVGO,0001730168,WeightedAverageNumberOfDilutedSharesOutstanding,shares,,2024-11-03,4778000000,0001730168-25-000121,10-K,2025-12-18,
AVGO,0001730168,WeightedAverageNumberOfDilutedSharesOutstanding,shares,,2025-11-02,4853000000,0001730168-25-000121,10-K,2025-12-18,
WMT,0000104169,WeightedAverageNumberOfDilutedSharesOutstanding,shares,2022-02-01,2023-01-31,2734000000,0000104169-23-000020,10-K,2023-03-17,
WMT,0000104169,WeightedAverageNumberOfDilutedSharesOutstanding,shares,2022-02-01,2023-01-31,8202000000,0000104169-24-000056,10-K,2024-03-15,
WMT,0000104169,WeightedAverageNumberOfDilutedSharesOutstanding,shares,2022-02-01,2023-01-31,8202000000,0000104169-25-000021,10-K,2025-03-14,
WMT,0000104169,WeightedAverageNumberOfDilutedSharesOutstanding,shares,,2024-01-31,8108000000,0000104169-24-000056,10-K,2024-03-15,
WMT,0000104169,WeightedAverageNumberOfDilutedSharesOutstanding,shares,,2024-01-31,8108000000,0000104169-25-000021,10-K,2025-03-14,
WMT,0000104169,WeightedAverageNumberOfDilutedSharesOutstanding,shares,,2024-01-31,8108000000,0000104169-26-000055,10-K,2026-03-13,
WMT,0000104169,WeightedAverageNumberOfDilutedSharesOutstanding,shares,,2025-01-31,8081000000,0000104169-25-000021,10-K,2025-03-14,
WMT,0000104169,WeightedAverageNumberOfDilutedSharesOutstanding,shares,,2025-01-31,8081000000,0000104169-26-000055,10-K,2026-03-13,
WMT,0000104169,WeightedAverageNumberOfDilutedSharesOutstanding,shares,,2026-01-31,8022000000,0000104169-26-000055,10-K,2026-03-13,
LRCX,0000707549,WeightedAverageNumberOfDilutedSharesOutstanding,shares,,2022-06-26,140628000,0000707549-22-000107,10-K,2022-08-24,
LRCX,0000707549,WeightedAverageNumberOfDilutedSharesOutstanding,shares,,2022-06-26,140628000,0000707549-23-000102,10-K,2023-08-15,
LRCX,0000707549,WeightedAverageNumberOfDilutedSharesOutstanding,shares,,2022-06-26,140628000,0000707549-24-000106,10-K,2024-08-29,
LRCX,0000707549,WeightedAverageNumberOfDilutedSharesOutstanding,shares,,2023-06-25,135834000,0000707549-23-000102,10-K,2023-08-15,
LRCX,0000707549,WeightedAverageNumberOfDilutedSharesOutstanding,shares,,2023-06-25,135834000,0000707549-24-000106,10-K,2024-08-29,
LRCX,0000707549,WeightedAverageNumberOfDilutedSharesOutstanding,shares,,2023-06-25,1358336000,0000707549-25-000075,10-K,2025-08-11,
LRCX,0000707549,WeightedAverageNumberOfDilutedSharesOutstanding,shares,,2024-06-30,131995000,0000707549-24-000106,10-K,2024-08-29,
LRCX,0000707549,WeightedAverageNumberOfDilutedSharesOutstanding,shares,,2024-06-30,1319949000,0000707549-25-000075,10-K,2025-08-11,
LRCX,0000707549,WeightedAverageNumberOfDilutedSharesOutstanding,shares,,2024-06-30,1319949000,0000707549-26-000037,10-K,2026-08-07,
LRCX,0000707549,WeightedAverageNumberOfDilutedSharesOutstanding,shares,,2025-06-29,1290142000,0000707549-25-000075,10-K,2025-08-11,
LRCX,0000707549,WeightedAverageNumberOfDilutedSharesOutstanding,shares,,2025-06-29,1290142000,0000707549-26-000037,10-K,2026-08-07,
LRCX,0000707549,WeightedAverageNumberOfDilutedSharesOutstanding,shares,,2026-06-28,1261102000,0000707549-26-000037,10-K,2026-08-07,
NFLX,0001065280,WeightedAverageNumberOfDilutedSharesOutstanding,shares,,2022-12-31,451290000,0001065280-23-000035,10-K,2023-01-26,
NFLX,0001065280,WeightedAverageNumberOfDilutedSharesOutstanding,shares,,2022-12-31,451290000,0001065280-24-000030,10-K,2024-01-26,
NFLX,0001065280,WeightedAverageNumberOfDilutedSharesOutstanding,shares,,2022-12-31,451290000,0001065280-25-000044,10-K,2025-01-27,
NFLX,0001065280,WeightedAverageNumberOfDilutedSharesOutstanding,shares,,2023-12-31,449498000,0001065280-24-000030,10-K,2024-01-26,
NFLX,0001065280,WeightedAverageNumberOfDilutedSharesOutstanding,shares,,2023-12-31,449498000,0001065280-25-000044,10-K,2025-01-27,
NFLX,0001065280,WeightedAverageNumberOfDilutedSharesOutstanding,shares,,2023-12-31,4494966000,0001065280-26-000034,10-K,2026-01-23,
NFLX,0001065280,WeightedAverageNumberOfDilutedSharesOutstanding,shares,,2024-12-31,439261000,0001065280-25-000044,10-K,2025-01-27,
NFLX,0001065280,WeightedAverageNumberOfDilutedSharesOutstanding,shares,,2024-12-31,4392608000,0001065280-26-000034,10-K,2026-01-23,
NFLX,0001065280,WeightedAverageNumberOfDilutedSharesOutstanding,shares,,2025-12-31,4343863000,0001065280-26-000034,10-K,2026-01-23,
PANW,0001327567,WeightedAverageNumberOfDilutedSharesOutstanding,shares,,2022-07-31,98500000,0001327567-22-000028,10-K,2022-09-06,
PANW,0001327567,WeightedAverageNumberOfDilutedSharesOutstanding,shares,,2022-07-31,295600000,0001327567-23-000024,10-K,2023-09-01,
PANW,0001327567,WeightedAverageNumberOfDilutedSharesOutstanding,shares,,2022-07-31,295600000,0001327567-24-000029,10-K,2024-09-06,
PANW,0001327567,WeightedAverageNumberOfDilutedSharesOutstanding,shares,,2023-07-31,342300000,0001327567-23-000024,10-K,2023-09-01,
PANW,0001327567,WeightedAverageNumberOfDilutedSharesOutstanding,shares,,2023-07-31,342300000,0001327567-24-000029,10-K,2024-09-06,
PANW,0001327567,WeightedAverageNumberOfDilutedSharesOutstanding,shares,,2023-07-31,684500000,0001327567-25-000027,10-K,2025-08-29,
PANW,0001327567,WeightedAverageNumberOfDilutedSharesOutstanding,shares,,2024-07-31,354000000,0001327567-24-000029,10-K,2024-09-06,
PANW,0001327567,WeightedAverageNumberOfDilutedSharesOutstanding,shares,,2024-07-31,707900000,0001327567-25-000027,10-K,2025-08-29,
PANW,0001327567,WeightedAverageNumberOfDilutedSharesOutstanding,shares,,2025-07-31,709300000,0001327567-25-000027,10-K,2025-08-29,
ANET,0001596532,WeightedAverageNumberOfDilutedSharesOutstanding,shares,,2022-12-31,316459000,0001596532-23-000016,10-K,2023-02-14,
ANET,0001596532,WeightedAverageNumberOfDilutedSharesOutstanding,shares,,2022-12-31,316459000,0001596532-24-000043,10-K,2024-02-13,
ANET,0001596532,WeightedAverageNumberOfDilutedSharesOutstanding,shares,,2022-12-31,1265835000,0001596532-25-000028,10-K,2025-02-19,
ANET,0001596532,WeightedAverageNumberOfDilutedSharesOutstanding,shares,,2023-12-31,317135000,0001596532-24-000043,10-K,2024-02-13,
ANET,0001596532,WeightedAverageNumberOfDilutedSharesOutstanding,shares,,2023-12-31,1268538000,0001596532-25-000028,10-K,2025-02-19,
ANET,0001596532,WeightedAverageNumberOfDilutedSharesOutstanding,shares,,2023-12-31,1268500000,0001596532-26-000013,10-K,2026-02-17,
ANET,0001596532,WeightedAverageNumberOfDilutedSharesOutstanding,shares,,2024-12-31,1281077000,0001596532-25-000028,10-K,2025-02-19,
ANET,0001596532,WeightedAverageNumberOfDilutedSharesOutstanding,shares,,2024-12-31,1281100000,0001596532-26-000013,10-K,2026-02-17,
ANET,0001596532,WeightedAverageNumberOfDilutedSharesOutstanding,shares,,2025-12-31,1275700000,0001596532-26-000013,10-K,2026-02-17,
APH,0000820313,WeightedAverageNumberOfDilutedSharesOutstanding,shares,,2022-12-31,621000000,0001558370-23-001036,10-K,2023-02-08,
APH,0000820313,WeightedAverageNumberOfDilutedSharesOutstanding,shares,,2022-12-31,621000000,0001558370-24-000866,10-K,2024-02-07,
APH,0000820313,WeightedAverageNumberOfDilutedSharesOutstanding,shares,,2022-12-31,1242000000,0001558370-25-000714,10-K,2025-02-07,
APH,0000820313,WeightedAverageNumberOfDilutedSharesOutstanding,shares,,2023-12-31,620600000,0001558370-24-000866,10-K,2024-02-07,
APH,0000820313,WeightedAverageNumberOfDilutedSharesOutstanding,shares,,2023-12-31,1241200000,0001558370-25-000714,10-K,2025-02-07,
APH,0000820313,WeightedAverageNumberOfDilutedSharesOutstanding,shares,,2023-12-31,1241200000,0001104659-26-013549,10-K,2026-02-11,
APH,0000820313,WeightedAverageNumberOfDilutedSharesOutstanding,shares,,2024-12-31,1263600000,0001558370-25-000714,10-K,2025-02-07,
APH,0000820313,WeightedAverageNumberOfDilutedSharesOutstanding,shares,,2024-12-31,1263600000,0001104659-26-013549,10-K,2026-02-11,
APH,0000820313,WeightedAverageNumberOfDilutedSharesOutstanding,shares,,2025-12-31,1277500000,0001104659-26-013549,10-K,2026-02-11,
MCD,0000063908,WeightedAverageNumberOfDilutedSharesOutstanding,shares,2022-01-01,2022-12-31,741300000,0000063908-23-000012,10-K,2023-02-24,
MCD,0000063908,WeightedAverageNumberOfDilutedSharesOutstanding,shares,2022-01-01,2022-12-31,741.3,0000063908-24-000072,10-K,2024-02-22,
MCD,0000063908,WeightedAverageNumberOfDilutedSharesOutstanding,shares,2022-01-01,2022-12-31,741.3,0000063908-25-000012,10-K,2025-02-25,
MCD,0000063908,WeightedAverageNumberOfDilutedSharesOutstanding,shares,,2023-12-31,732.3,0000063908-24-000072,10-K,2024-02-22,
MCD,0000063908,WeightedAverageNumberOfDilutedSharesOutstanding,shares,,2023-12-31,732.3,0000063908-25-000012,10-K,2025-02-25,
MCD,0000063908,WeightedAverageNumberOfDilutedSharesOutstanding,shares,,2023-12-31,732.3,0000063908-26-000035,10-K,2026-02-24,
MCD,0000063908,WeightedAverageNumberOfDilutedSharesOutstanding,shares,,2024-12-31,721.9,0000063908-25-000012,10-K,2025-02-25,
MCD,0000063908,WeightedAverageNumberOfDilutedSharesOutstanding,shares,,2024-12-31,721.9,0000063908-26-000035,10-K,2026-02-24,
MCD,0000063908,WeightedAverageNumberOfDilutedSharesOutstanding,shares,,2025-12-31,716.4,0000063908-26-000035,10-K,2026-02-24,
NOW,0001373715,WeightedAverageNumberOfDilutedSharesOutstanding,shares,,2022-12-31,203535000,0001373715-23-000035,10-K,2023-01-31,
NOW,0001373715,WeightedAverageNumberOfDilutedSharesOutstanding,shares,,2022-12-31,203535000,0001373715-24-000030,10-K,2024-01-25,
NOW,0001373715,WeightedAverageNumberOfDilutedSharesOutstanding,shares,,2022-12-31,203535000,0001373715-25-000010,10-K,2025-01-30,
NOW,0001373715,WeightedAverageNumberOfDilutedSharesOutstanding,shares,,2023-12-31,205591000,0001373715-24-000030,10-K,2024-01-25,
NOW,0001373715,WeightedAverageNumberOfDilutedSharesOutstanding,shares,,2023-12-31,205591000,0001373715-25-000010,10-K,2025-01-30,
NOW,0001373715,WeightedAverageNumberOfDilutedSharesOutstanding,shares,,2023-12-31,1027953000,0001373715-26-000007,10-K,2026-01-29,
NOW,0001373715,WeightedAverageNumberOfDilutedSharesOutstanding,shares,,2024-12-31,208423000,0001373715-25-000010,10-K,2025-01-30,
NOW,0001373715,WeightedAverageNumberOfDilutedSharesOutstanding,shares,,2024-12-31,1042113000,0001373715-26-000007,10-K,2026-01-29,
NOW,0001373715,WeightedAverageNumberOfDilutedSharesOutstanding,shares,,2025-12-31,1046691000,0001373715-26-000007,10-K,2026-01-29,
MPC,0001510295,WeightedAverageNumberOfDilutedSharesOutstanding,shares,2022-01-01,2022-12-31,516000000,0001510295-23-000012,10-K,2023-02-23,
MPC,0001510295,WeightedAverageNumberOfDilutedSharesOutstanding,shares,2022-01-01,2022-12-31,516000000,0001510295-24-000015,10-K,2024-02-28,
MPC,0001510295,WeightedAverageNumberOfDilutedSharesOutstanding,shares,2022-01-01,2022-12-31,516000000,0001510295-25-000012,10-K,2025-02-27,
MPC,0001510295,WeightedAverageNumberOfDilutedSharesOutstanding,shares,,2023-12-31,409000000,0001510295-24-000015,10-K,2024-02-28,
MPC,0001510295,WeightedAverageNumberOfDilutedSharesOutstanding,shares,,2023-12-31,409000000,0001510295-25-000012,10-K,2025-02-27,
MPC,0001510295,WeightedAverageNumberOfDilutedSharesOutstanding,shares,,2023-12-31,409000000,0001510295-26-000009,10-K,2026-02-26,
MPC,0001510295,WeightedAverageNumberOfDilutedSharesOutstanding,shares,,2024-12-31,341000000,0001510295-25-000012,10-K,2025-02-27,
MPC,0001510295,WeightedAverageNumberOfDilutedSharesOutstanding,shares,,2024-12-31,341000000,0001510295-26-000009,10-K,2026-02-26,
MPC,0001510295,WeightedAverageNumberOfDilutedSharesOutstanding,shares,,2025-12-31,306000000,0001510295-26-000009,10-K,2026-02-26,
ORLY,0000898173,WeightedAverageNumberOfDilutedSharesOutstanding,shares,2022-01-01,2022-12-31,64962000,0000898173-23-000011,10-K,2023-02-28,
ORLY,0000898173,WeightedAverageNumberOfDilutedSharesOutstanding,shares,2022-01-01,2022-12-31,64962000,0000898173-24-000009,10-K,2024-02-28,
ORLY,0000898173,WeightedAverageNumberOfDilutedSharesOutstanding,shares,2022-01-01,2022-12-31,64962000,0000898173-25-000008,10-K,2025-02-28,
ORLY,0000898173,WeightedAverageNumberOfDilutedSharesOutstanding,shares,,2023-12-31,60998000,0000898173-24-000009,10-K,2024-02-28,
ORLY,0000898173,WeightedAverageNumberOfDilutedSharesOutstanding,shares,,2023-12-31,60998000,0000898173-25-000008,10-K,2025-02-28,
ORLY,0000898173,WeightedAverageNumberOfDilutedSharesOutstanding,shares,,2023-12-31,914976000,0000898173-26-000009,10-K,2026-02-27,
ORLY,0000898173,WeightedAverageNumberOfDilutedSharesOutstanding,shares,,2024-12-31,58705000,0000898173-25-000008,10-K,2025-02-28,
ORLY,0000898173,WeightedAverageNumberOfDilutedSharesOutstanding,shares,,2024-12-31,880572000,0000898173-26-000009,10-K,2026-02-27,
ORLY,0000898173,WeightedAverageNumberOfDilutedSharesOutstanding,shares,,2025-12-31,855919000,0000898173-26-000009,10-K,2026-02-27,
MNST,0000865752,WeightedAverageNumberOfDilutedSharesOutstanding,shares,2022-01-01,2022-12-31,533221000,0001104659-23-027245,10-K,2023-03-01,
MNST,0000865752,WeightedAverageNumberOfDilutedSharesOutstanding,shares,2022-01-01,2022-12-31,1066442000,0001104659-24-029425,10-K,2024-02-29,
MNST,0000865752,WeightedAverageNumberOfDilutedSharesOutstanding,shares,2022-01-01,2022-12-31,1066442000,0001410578-25-000248,10-K,2025-02-28,
MNST,0000865752,WeightedAverageNumberOfDilutedSharesOutstanding,shares,,2023-12-31,1057981000,0001104659-24-029425,10-K,2024-02-29,
MNST,0000865752,WeightedAverageNumberOfDilutedSharesOutstanding,shares,,2023-12-31,1057981000,0001410578-25-000248,10-K,2025-02-28,
MNST,0000865752,WeightedAverageNumberOfDilutedSharesOutstanding,shares,,2023-12-31,1057981000,0001104659-26-020831,10-K,2026-02-27,
MNST,0000865752,WeightedAverageNumberOfDilutedSharesOutstanding,shares,,2024-12-31,1013107000,0001410578-25-000248,10-K,2025-02-28,
MNST,0000865752,WeightedAverageNumberOfDilutedSharesOutstanding,shares,,2024-12-31,1013107000,0001104659-26-020831,10-K,2026-02-27,
MNST,0000865752,WeightedAverageNumberOfDilutedSharesOutstanding,shares,,2025-12-31,984451000,0001104659-26-020831,10-K,2026-02-27,
DLR,0001297996,WeightedAverageNumberOfDilutedSharesOutstanding,shares,,2022-12-31,297919,0001558370-23-002087,10-K,2023-02-27,
DLR,0001297996,WeightedAverageNumberOfDilutedSharesOutstanding,shares,,2022-12-31,297919000,0001558370-24-001575,10-K,2024-02-23,
DLR,0001297996,WeightedAverageNumberOfDilutedSharesOutstanding,shares,,2022-12-31,297919000,0001558370-25-001424,10-K,2025-02-25,
DLR,0001297996,WeightedAverageNumberOfDilutedSharesOutstanding,shares,,2023-12-31,309065000,0001558370-24-001575,10-K,2024-02-23,
DLR,0001297996,WeightedAverageNumberOfDilutedSharesOutstanding,shares,,2023-12-31,309065000,0001558370-25-001424,10-K,2025-02-25,
DLR,0001297996,WeightedAverageNumberOfDilutedSharesOutstanding,shares,,2023-12-31,309065000,0001104659-26-015365,10-K,2026-02-13,
DLR,0001297996,WeightedAverageNumberOfDilutedSharesOutstanding,shares,,2024-12-31,331547000,0001558370-25-001424,10-K,2025-02-25,
DLR,0001297996,WeightedAverageNumberOfDilutedSharesOutstanding,shares,,2024-12-31,331547000,0001104659-26-015365,10-K,2026-02-13,
DLR,0001297996,WeightedAverageNumberOfDilutedSharesOutstanding,shares,,2025-12-31,347810000,0001104659-26-015365,10-K,2026-02-13,
FAST,0000815556,WeightedAverageNumberOfDilutedSharesOutstanding,shares,,2022-12-31,575623114,0000815556-23-000009,10-K,2023-02-07,
FAST,0000815556,WeightedAverageNumberOfDilutedSharesOutstanding,shares,,2022-12-31,575623114,0000815556-24-000009,10-K,2024-02-06,
FAST,0000815556,WeightedAverageNumberOfDilutedSharesOutstanding,shares,,2022-12-31,575623114,0000815556-25-000065,10-K,2025-02-06,
FAST,0000815556,WeightedAverageNumberOfDilutedSharesOutstanding,shares,,2023-12-31,573008608,0000815556-24-000009,10-K,2024-02-06,
FAST,0000815556,WeightedAverageNumberOfDilutedSharesOutstanding,shares,,2023-12-31,573008608,0000815556-25-000065,10-K,2025-02-06,
FAST,0000815556,WeightedAverageNumberOfDilutedSharesOutstanding,shares,,2023-12-31,1146017216,0000815556-26-000009,10-K,2026-02-05,
FAST,0000815556,WeightedAverageNumberOfDilutedSharesOutstanding,shares,,2024-12-31,574282211,0000815556-25-000065,10-K,2025-02-06,
FAST,0000815556,WeightedAverageNumberOfDilutedSharesOutstanding,shares,,2024-12-31,1148564422,0000815556-26-000009,10-K,2026-02-05,
FAST,0000815556,WeightedAverageNumberOfDilutedSharesOutstanding,shares,,2025-12-31,1150334204,0000815556-26-000009,10-K,2026-02-05,
SRE,0001032208,WeightedAverageNumberOfDilutedSharesOutstanding,shares,2022-01-01,2022-12-31,316378000,0001032208-23-000008,10-K,2023-02-28,
SRE,0001032208,WeightedAverageNumberOfDilutedSharesOutstanding,shares,2022-01-01,2022-12-31,632757000,0001032208-24-000007,10-K,2024-02-27,
SRE,0001032208,WeightedAverageNumberOfDilutedSharesOutstanding,shares,2022-01-01,2022-12-31,632757000,0001032208-25-000012,10-K,2025-02-25,
SRE,0001032208,WeightedAverageNumberOfDilutedSharesOutstanding,shares,,2023-12-31,632733000,0001032208-24-000007,10-K,2024-02-27,
SRE,0001032208,WeightedAverageNumberOfDilutedSharesOutstanding,shares,,2023-12-31,632733000,0001032208-25-000012,10-K,2025-02-25,
SRE,0001032208,WeightedAverageNumberOfDilutedSharesOutstanding,shares,,2023-12-31,632733000,0001032208-26-000010,10-K,2026-02-26,
SRE,0001032208,WeightedAverageNumberOfDilutedSharesOutstanding,shares,,2024-12-31,637943000,0001032208-25-000012,10-K,2025-02-25,
SRE,0001032208,WeightedAverageNumberOfDilutedSharesOutstanding,shares,,2024-12-31,637943000,0001032208-26-000010,10-K,2026-02-26,
SRE,0001032208,WeightedAverageNumberOfDilutedSharesOutstanding,shares,,2025-12-31,653826000,0001032208-26-000010,10-K,2026-02-26,
CVNA,0001690820,WeightedAverageNumberOfDilutedSharesOutstanding,shares,,2022-12-31,100828000,0001690820-23-000052,10-K,2023-02-23,
CVNA,0001690820,WeightedAverageNumberOfDilutedSharesOutstanding,shares,,2022-12-31,100828000,0001690820-24-000093,10-K,2024-02-22,
CVNA,0001690820,WeightedAverageNumberOfDilutedSharesOutstanding,shares,,2022-12-31,100828000,0001690820-25-000074,10-K,2025-02-19,
CVNA,0001690820,WeightedAverageNumberOfDilutedSharesOutstanding,shares,,2023-12-31,200578000,0001690820-24-000093,10-K,2024-02-22,
CVNA,0001690820,WeightedAverageNumberOfDilutedSharesOutstanding,shares,,2023-12-31,200578000,0001690820-25-000074,10-K,2025-02-19,
CVNA,0001690820,WeightedAverageNumberOfDilutedSharesOutstanding,shares,,2023-12-31,200578000,0001690820-26-000009,10-K,2026-02-18,
CVNA,0001690820,WeightedAverageNumberOfDilutedSharesOutstanding,shares,,2024-12-31,132206000,0001690820-25-000074,10-K,2025-02-19,
CVNA,0001690820,WeightedAverageNumberOfDilutedSharesOutstanding,shares,,2024-12-31,132206000,0001690820-26-000009,10-K,2026-02-18,
CVNA,0001690820,WeightedAverageNumberOfDilutedSharesOutstanding,shares,,2025-12-31,224277000,0001690820-26-000009,10-K,2026-02-18,
CMG,0001058090,WeightedAverageNumberOfDilutedSharesOutstanding,shares,,2022-12-31,28062000,0001058090-23-000010,10-K,2023-02-09,
CMG,0001058090,WeightedAverageNumberOfDilutedSharesOutstanding,shares,,2022-12-31,28062000,0001562762-24-000023,10-K,2024-02-08,
CMG,0001058090,WeightedAverageNumberOfDilutedSharesOutstanding,shares,,2022-12-31,1403077000,0001058090-25-000014,10-K,2025-02-05,
CMG,0001058090,WeightedAverageNumberOfDilutedSharesOutstanding,shares,,2023-12-31,27710000,0001562762-24-000023,10-K,2024-02-08,
CMG,0001058090,WeightedAverageNumberOfDilutedSharesOutstanding,shares,,2023-12-31,1385500000,0001058090-25-000014,10-K,2025-02-05,
CMG,0001058090,WeightedAverageNumberOfDilutedSharesOutstanding,shares,,2023-12-31,1385500000,0001058090-26-000009,10-K,2026-02-04,
CMG,0001058090,WeightedAverageNumberOfDilutedSharesOutstanding,shares,,2024-12-31,1376555000,0001058090-25-000014,10-K,2025-02-05,
CMG,0001058090,WeightedAverageNumberOfDilutedSharesOutstanding,shares,,2024-12-31,1376555000,0001058090-26-000009,10-K,2026-02-04,
CMG,0001058090,WeightedAverageNumberOfDilutedSharesOutstanding,shares,,2025-12-31,1342616000,0001058090-26-000009,10-K,2026-02-04,
ETR,0000065984,WeightedAverageNumberOfDilutedSharesOutstanding,shares,,2022-12-31,205547578,0000065984-23-000014,10-K,2023-02-24,
ETR,0000065984,WeightedAverageNumberOfDilutedSharesOutstanding,shares,,2022-12-31,205547578,0000065984-24-000012,10-K,2024-02-23,
ETR,0000065984,WeightedAverageNumberOfDilutedSharesOutstanding,shares,,2022-12-31,411095156,0000065984-25-000012,10-K,2025-02-18,
ETR,0000065984,WeightedAverageNumberOfDilutedSharesOutstanding,shares,,2023-12-31,212376495,0000065984-24-000012,10-K,2024-02-23,
ETR,0000065984,WeightedAverageNumberOfDilutedSharesOutstanding,shares,,2023-12-31,424752990,0000065984-25-000012,10-K,2025-02-18,
ETR,0000065984,WeightedAverageNumberOfDilutedSharesOutstanding,shares,,2023-12-31,424752990,0000065984-26-000174,10-K,2026-02-19,
ETR,0000065984,WeightedAverageNumberOfDilutedSharesOutstanding,shares,,2024-12-31,431581696,0000065984-25-000012,10-K,2025-02-18,
ETR,0000065984,WeightedAverageNumberOfDilutedSharesOutstanding,shares,,2024-12-31,431581696,0000065984-26-000174,10-K,2026-02-19,
ETR,0000065984,WeightedAverageNumberOfDilutedSharesOutstanding,shares,,2025-12-31,450151884,0000065984-26-000174,10-K,2026-02-19,
IBKR,0001381197,WeightedAverageNumberOfDilutedSharesOutstanding,shares,2022-01-01,2022-12-31,101299609,0001381197-23-000014,10-K,2023-02-24,
IBKR,0001381197,WeightedAverageNumberOfDilutedSharesOutstanding,shares,2022-01-01,2022-12-31,101299609,0001381197-24-000083,10-K,2024-02-27,
IBKR,0001381197,WeightedAverageNumberOfDilutedSharesOutstanding,shares,2022-01-01,2022-12-31,101299609,0001381197-25-000036,10-K,2025-02-27,
IBKR,0001381197,WeightedAverageNumberOfDilutedSharesOutstanding,shares,,2023-12-31,105846877,0001381197-24-000083,10-K,2024-02-27,
IBKR,0001381197,WeightedAverageNumberOfDilutedSharesOutstanding,shares,,2023-12-31,105846877,0001381197-25-000036,10-K,2025-02-27,
IBKR,0001381197,WeightedAverageNumberOfDilutedSharesOutstanding,shares,,2023-12-31,423387508,0001381197-26-000062,10-K,2026-02-27,
IBKR,0001381197,WeightedAverageNumberOfDilutedSharesOutstanding,shares,,2024-12-31,109002938,0001381197-25-000036,10-K,2025-02-27,
IBKR,0001381197,WeightedAverageNumberOfDilutedSharesOutstanding,shares,,2024-12-31,436011752,0001381197-26-000062,10-K,2026-02-27,
IBKR,0001381197,WeightedAverageNumberOfDilutedSharesOutstanding,shares,,2025-12-31,443859546,0001381197-26-000062,10-K,2026-02-27,
FANG,0001539838,WeightedAverageNumberOfDilutedSharesOutstanding,shares,2022-01-01,2022-12-31,176539000,0001539838-23-000022,10-K,2023-02-23,
FANG,0001539838,WeightedAverageNumberOfDilutedSharesOutstanding,shares,2022-01-01,2022-12-31,176539000,0001539838-24-000019,10-K,2024-02-22,
FANG,0001539838,WeightedAverageNumberOfDilutedSharesOutstanding,shares,2022-01-01,2022-12-31,176539000,0001539838-25-000021,10-K,2025-02-26,
FANG,0001539838,WeightedAverageNumberOfDilutedSharesOutstanding,shares,,2023-12-31,179999000,0001539838-24-000019,10-K,2024-02-22,
FANG,0001539838,WeightedAverageNumberOfDilutedSharesOutstanding,shares,,2023-12-31,179999000,0001539838-25-000021,10-K,2025-02-26,
FANG,0001539838,WeightedAverageNumberOfDilutedSharesOutstanding,shares,,2023-12-31,179999000,0001539838-26-000010,10-K,2026-02-25,
FANG,0001539838,WeightedAverageNumberOfDilutedSharesOutstanding,shares,,2024-12-31,213545000,0001539838-25-000021,10-K,2025-02-26,
FANG,0001539838,WeightedAverageNumberOfDilutedSharesOutstanding,shares,,2024-12-31,213545000,0001539838-26-000010,10-K,2026-02-25,
FANG,0001539838,WeightedAverageNumberOfDilutedSharesOutstanding,shares,,2025-12-31,289079000,0001539838-26-000010,10-K,2026-02-25,
ODFL,0000878927,WeightedAverageNumberOfDilutedSharesOutstanding,shares,,2022-12-31,113077820,0000950170-23-003783,10-K,2023-02-22,
ODFL,0000878927,WeightedAverageNumberOfDilutedSharesOutstanding,shares,,2022-12-31,113077820,0000950170-24-020176,10-K,2024-02-26,
ODFL,0000878927,WeightedAverageNumberOfDilutedSharesOutstanding,shares,,2022-12-31,226156000,0000950170-25-026661,10-K,2025-02-25,
ODFL,0000878927,WeightedAverageNumberOfDilutedSharesOutstanding,shares,,2023-12-31,110090212,0000950170-24-020176,10-K,2024-02-26,
ODFL,0000878927,WeightedAverageNumberOfDilutedSharesOutstanding,shares,,2023-12-31,220180000,0000950170-25-026661,10-K,2025-02-25,
ODFL,0000878927,WeightedAverageNumberOfDilutedSharesOutstanding,shares,,2023-12-31,220180000,0001193125-26-067161,10-K,2026-02-24,
ODFL,0000878927,WeightedAverageNumberOfDilutedSharesOutstanding,shares,,2024-12-31,216485000,0000950170-25-026661,10-K,2025-02-25,
ODFL,0000878927,WeightedAverageNumberOfDilutedSharesOutstanding,shares,,2024-12-31,216485000,0001193125-26-067161,10-K,2026-02-24,
ODFL,0000878927,WeightedAverageNumberOfDilutedSharesOutstanding,shares,,2025-12-31,211598000,0001193125-26-067161,10-K,2026-02-24,
CPRT,0000900075,WeightedAverageNumberOfDilutedSharesOutstanding,shares,,2022-07-31,964604000,0000900075-23-000034,10-K,2023-09-28,
CPRT,0000900075,WeightedAverageNumberOfDilutedSharesOutstanding,shares,,2022-07-31,964604000,0000900075-24-000024,10-K,2024-09-30,
CPRT,0000900075,WeightedAverageNumberOfDilutedSharesOutstanding,shares,,2023-07-31,966647000,0000900075-23-000034,10-K,2023-09-28,
CPRT,0000900075,WeightedAverageNumberOfDilutedSharesOutstanding,shares,,2023-07-31,966647000,0000900075-24-000024,10-K,2024-09-30,
CPRT,0000900075,WeightedAverageNumberOfDilutedSharesOutstanding,shares,,2023-07-31,966647000,0001628280-25-042946,10-K,2025-09-26,
CPRT,0000900075,WeightedAverageNumberOfDilutedSharesOutstanding,shares,,2024-07-31,974798000,0000900075-24-000024,10-K,2024-09-30,
CPRT,0000900075,WeightedAverageNumberOfDilutedSharesOutstanding,shares,,2024-07-31,974798000,0001628280-25-042946,10-K,2025-09-26,
CPRT,0000900075,WeightedAverageNumberOfDilutedSharesOutstanding,shares,,2025-07-31,977563000,0001628280-25-042946,10-K,2025-09-26,
WSM,0000719955,WeightedAverageNumberOfDilutedSharesOutstanding,shares,2022-01-31,2023-01-29,69100000,0001628280-23-009175,10-K,2023-03-24,
WSM,0000719955,WeightedAverageNumberOfDilutedSharesOutstanding,shares,2022-01-31,2023-01-29,69100000,0001628280-24-012221,10-K,2024-03-20,
WSM,0000719955,WeightedAverageNumberOfDilutedSharesOutstanding,shares,2022-01-31,2023-01-29,138199000,0001628280-25-015037,10-K,2025-03-27,
WSM,0000719955,WeightedAverageNumberOfDilutedSharesOutstanding,shares,,2024-01-28,130543000,0001628280-25-015037,10-K,2025-03-27,
WSM,0000719955,WeightedAverageNumberOfDilutedSharesOutstanding,shares,,2024-01-28,130543000,0000719955-26-000059,10-K,2026-03-26,
WSM,0000719955,WeightedAverageNumberOfDilutedSharesOutstanding,shares,,2025-02-02,128041000,0001628280-25-015037,10-K,2025-03-27,
WSM,0000719955,WeightedAverageNumberOfDilutedSharesOutstanding,shares,,2025-02-02,128041000,0000719955-26-000059,10-K,2026-03-26,
WSM,0000719955,WeightedAverageNumberOfDilutedSharesOutstanding,shares,,2026-02-01,123153000,0000719955-26-000059,10-K,2026-03-26,
TPL,0001811074,WeightedAverageNumberOfDilutedSharesOutstanding,shares,,2022-12-31,7726809,0001811074-23-000014,10-K,2023-02-22,
TPL,0001811074,WeightedAverageNumberOfDilutedSharesOutstanding,shares,,2022-12-31,7726809,0001811074-24-000015,10-K,2024-02-21,
TPL,0001811074,WeightedAverageNumberOfDilutedSharesOutstanding,shares,,2022-12-31,23180427,0001811074-25-000044,10-K,2025-02-19,
TPL,0001811074,WeightedAverageNumberOfDilutedSharesOutstanding,shares,,2023-12-31,7686615,0001811074-24-000015,10-K,2024-02-21,
TPL,0001811074,WeightedAverageNumberOfDilutedSharesOutstanding,shares,,2023-12-31,23059845,0001811074-25-000044,10-K,2025-02-19,
TPL,0001811074,WeightedAverageNumberOfDilutedSharesOutstanding,shares,,2023-12-31,69179535,0001811074-26-000018,10-K,2026-02-18,
TPL,0001811074,WeightedAverageNumberOfDilutedSharesOutstanding,shares,,2024-12-31,23019751,0001811074-25-000044,10-K,2025-02-19,
TPL,0001811074,WeightedAverageNumberOfDilutedSharesOutstanding,shares,,2024-12-31,69059252,0001811074-26-000018,10-K,2026-02-18,
TPL,0001811074,WeightedAverageNumberOfDilutedSharesOutstanding,shares,,2025-12-31,69027492,0001811074-26-000018,10-K,2026-02-18,
SMCI,0001375365,WeightedAverageNumberOfDilutedSharesOutstanding,shares,,2022-06-30,53615000,0001375365-22-000103,10-K,2022-08-29,
SMCI,0001375365,WeightedAverageNumberOfDilutedSharesOutstanding,shares,,2022-06-30,53615000,0001375365-23-000036,10-K,2023-08-28,
SMCI,0001375365,WeightedAverageNumberOfDilutedSharesOutstanding,shares,,2022-06-30,536155000,0001375365-25-000004,10-K,2025-02-25,
SMCI,0001375365,WeightedAverageNumberOfDilutedSharesOutstanding,shares,,2023-06-30,55970000,0001375365-23-000036,10-K,2023-08-28,
SMCI,0001375365,WeightedAverageNumberOfDilutedSharesOutstanding,shares,,2023-06-30,559704000,0001375365-25-000004,10-K,2025-02-25,
SMCI,0001375365,WeightedAverageNumberOfDilutedSharesOutstanding,shares,,2023-06-30,559704000,0001375365-25-000027,10-K,2025-08-28,
SMCI,0001375365,WeightedAverageNumberOfDilutedSharesOutstanding,shares,,2024-06-30,602146000,0001375365-25-000004,10-K,2025-02-25,
SMCI,0001375365,WeightedAverageNumberOfDilutedSharesOutstanding,shares,,2024-06-30,602146000,0001375365-25-000027,10-K,2025-08-28,
SMCI,0001375365,WeightedAverageNumberOfDilutedSharesOutstanding,shares,,2024-06-30,602146000,0001375365-26-000022,10-K,2026-08-31,
SMCI,0001375365,WeightedAverageNumberOfDilutedSharesOutstanding,shares,,2025-06-30,628402000,0001375365-25-000027,10-K,2025-08-28,
SMCI,0001375365,WeightedAverageNumberOfDilutedSharesOutstanding,shares,,2025-06-30,628402000,0001375365-26-000022,10-K,2026-08-31,
RDDT,0001713445,WeightedAverageNumberOfDilutedSharesOutstanding,shares,,2022-12-31,57251112,0001713445-25-000018,10-K,2025-02-13,
RDDT,0001713445,WeightedAverageNumberOfDilutedSharesOutstanding,shares,,2023-12-31,59138086,0001713445-25-000018,10-K,2025-02-13,
RDDT,0001713445,WeightedAverageNumberOfDilutedSharesOutstanding,shares,,2023-12-31,59138086,0001713445-26-000022,10-K,2026-02-06,
RDDT,0001713445,WeightedAverageNumberOfDilutedSharesOutstanding,shares,,2024-12-31,145472389,0001713445-25-000018,10-K,2025-02-13,
RDDT,0001713445,WeightedAverageNumberOfDilutedSharesOutstanding,shares,,2024-12-31,145472389,0001713445-26-000022,10-K,2026-02-06,
RDDT,0001713445,WeightedAverageNumberOfDilutedSharesOutstanding,shares,,2025-12-31,202107978,0001713445-26-000022,10-K,2026-02-06,
TSCO,0000916365,WeightedAverageNumberOfDilutedSharesOutstanding,shares,,2022-12-31,112149000,0000916365-23-000045,10-K,2023-02-23,
TSCO,0000916365,WeightedAverageNumberOfDilutedSharesOutstanding,shares,,2022-12-31,112149000,0000916365-24-000046,10-K,2024-02-23,
TSCO,0000916365,WeightedAverageNumberOfDilutedSharesOutstanding,shares,,2022-12-31,560743000,0000916365-25-000076,10-K,2025-02-20,
TSCO,0000916365,WeightedAverageNumberOfDilutedSharesOutstanding,shares,,2023-12-30,109746000,0000916365-24-000046,10-K,2024-02-23,
TSCO,0000916365,WeightedAverageNumberOfDilutedSharesOutstanding,shares,,2023-12-30,548729000,0000916365-25-000076,10-K,2025-02-20,
TSCO,0000916365,WeightedAverageNumberOfDilutedSharesOutstanding,shares,,2023-12-30,548729000,0000916365-26-000014,10-K,2026-02-19,
TSCO,0000916365,WeightedAverageNumberOfDilutedSharesOutstanding,shares,,2024-12-28,539652000,0000916365-25-000076,10-K,2025-02-20,
TSCO,0000916365,WeightedAverageNumberOfDilutedSharesOutstanding,shares,,2024-12-28,539652000,0000916365-26-000014,10-K,2026-02-19,
TSCO,0000916365,WeightedAverageNumberOfDilutedSharesOutstanding,shares,,2025-12-27,532178000,0000916365-26-000014,10-K,2026-02-19,
COO,0000711404,WeightedAverageNumberOfDilutedSharesOutstanding,shares,,2022-10-31,49700000,0000711404-22-000053,10-K,2022-12-09,
COO,0000711404,WeightedAverageNumberOfDilutedSharesOutstanding,shares,,2022-10-31,49700000,0000711404-23-000072,10-K,2023-12-08,
COO,0000711404,WeightedAverageNumberOfDilutedSharesOutstanding,shares,,2022-10-31,198800000,0000711404-24-000074,10-K,2024-12-06,
COO,0000711404,WeightedAverageNumberOfDilutedSharesOutstanding,shares,,2023-10-31,49800000,0000711404-23-000072,10-K,2023-12-08,
COO,0000711404,WeightedAverageNumberOfDilutedSharesOutstanding,shares,,2023-10-31,199300000,0000711404-24-000074,10-K,2024-12-06,
COO,0000711404,WeightedAverageNumberOfDilutedSharesOutstanding,shares,,2023-10-31,199300000,0001628280-25-055615,10-K,2025-12-05,
COO,0000711404,WeightedAverageNumberOfDilutedSharesOutstanding,shares,,2024-10-31,200400000,0000711404-24-000074,10-K,2024-12-06,
COO,0000711404,WeightedAverageNumberOfDilutedSharesOutstanding,shares,,2024-10-31,200400000,0001628280-25-055615,10-K,2025-12-05,
COO,0000711404,WeightedAverageNumberOfDilutedSharesOutstanding,shares,,2025-10-31,200000000,0001628280-25-055615,10-K,2025-12-05,
DECK,0000910521,WeightedAverageNumberOfDilutedSharesOutstanding,shares,2022-04-01,2023-03-31,26686000,0000910521-23-000016,10-K,2023-05-26,
DECK,0000910521,WeightedAverageNumberOfDilutedSharesOutstanding,shares,2022-04-01,2023-03-31,26686000,0000910521-24-000017,10-K,2024-05-24,
DECK,0000910521,WeightedAverageNumberOfDilutedSharesOutstanding,shares,2022-04-01,2023-03-31,160111000,0000910521-25-000017,10-K,2025-05-23,SEEN_ONLY_IN_FIRST_EXTRACTION_WITH_MISLABELLED_END;LOW_CONFIDENCE
DECK,0000910521,WeightedAverageNumberOfDilutedSharesOutstanding,shares,2023-04-01,2024-03-31,26048000,0000910521-24-000017,10-K,2024-05-24,
DECK,0000910521,WeightedAverageNumberOfDilutedSharesOutstanding,shares,2023-04-01,2024-03-31,156285000,0000910521-25-000017,10-K,2025-05-23,
DECK,0000910521,WeightedAverageNumberOfDilutedSharesOutstanding,shares,2023-04-01,2024-03-31,156285000,0001628280-26-037664,10-K,2026-05-22,
DECK,0000910521,WeightedAverageNumberOfDilutedSharesOutstanding,shares,2024-04-01,2025-03-31,152670000,0000910521-25-000017,10-K,2025-05-23,
DECK,0000910521,WeightedAverageNumberOfDilutedSharesOutstanding,shares,2024-04-01,2025-03-31,152670000,0001628280-26-037664,10-K,2026-05-22,
DECK,0000910521,WeightedAverageNumberOfDilutedSharesOutstanding,shares,2025-04-01,2026-03-31,145805000,0001628280-26-037664,10-K,2026-05-22,
TECH,0000842023,WeightedAverageNumberOfDilutedSharesOutstanding,shares,,2022-06-30,41029000,0001558370-22-013935,10-K,2022-08-24,
TECH,0000842023,WeightedAverageNumberOfDilutedSharesOutstanding,shares,,2022-06-30,164114000,0001558370-23-015226,10-K,2023-08-23,
TECH,0000842023,WeightedAverageNumberOfDilutedSharesOutstanding,shares,,2022-06-30,164114000,0001558370-24-012430,10-K,2024-08-22,
TECH,0000842023,WeightedAverageNumberOfDilutedSharesOutstanding,shares,,2023-06-30,161855000,0001558370-23-015226,10-K,2023-08-23,
TECH,0000842023,WeightedAverageNumberOfDilutedSharesOutstanding,shares,,2023-06-30,161855000,0001558370-24-012430,10-K,2024-08-22,
TECH,0000842023,WeightedAverageNumberOfDilutedSharesOutstanding,shares,,2023-06-30,161855000,0001558370-25-011716,10-K,2025-08-22,
TECH,0000842023,WeightedAverageNumberOfDilutedSharesOutstanding,shares,,2024-06-30,160774000,0001558370-24-012430,10-K,2024-08-22,
TECH,0000842023,WeightedAverageNumberOfDilutedSharesOutstanding,shares,,2024-06-30,160774000,0001558370-25-011716,10-K,2025-08-22,
TECH,0000842023,WeightedAverageNumberOfDilutedSharesOutstanding,shares,,2025-06-30,159717000,0001558370-25-011716,10-K,2025-08-22,
PH,0000076334,WeightedAverageNumberOfDilutedSharesOutstanding,shares,,2022-06-30,130355943,0000076334-22-000034,10-K,2022-08-24,
PH,0000076334,WeightedAverageNumberOfDilutedSharesOutstanding,shares,,2022-06-30,130355943,0000076334-23-000042,10-K,2023-08-24,
PH,0000076334,WeightedAverageNumberOfDilutedSharesOutstanding,shares,,2022-06-30,130355943,0000076334-24-000044,10-K,2024-08-22,
PH,0000076334,WeightedAverageNumberOfDilutedSharesOutstanding,shares,,2023-06-30,129822085,0000076334-23-000042,10-K,2023-08-24,
PH,0000076334,WeightedAverageNumberOfDilutedSharesOutstanding,shares,,2023-06-30,129822085,0000076334-24-000044,10-K,2024-08-22,
PH,0000076334,WeightedAverageNumberOfDilutedSharesOutstanding,shares,,2023-06-30,129900000,0000076334-25-000035,10-K,2025-08-22,
PH,0000076334,WeightedAverageNumberOfDilutedSharesOutstanding,shares,,2024-06-30,130239737,0000076334-24-000044,10-K,2024-08-22,
PH,0000076334,WeightedAverageNumberOfDilutedSharesOutstanding,shares,,2024-06-30,130200000,0000076334-25-000035,10-K,2025-08-22,
PH,0000076334,WeightedAverageNumberOfDilutedSharesOutstanding,shares,,2024-06-30,130200000,0000076334-26-000105,10-K,2026-08-21,
PH,0000076334,WeightedAverageNumberOfDilutedSharesOutstanding,shares,,2025-06-30,130200000,0000076334-25-000035,10-K,2025-08-22,
PH,0000076334,WeightedAverageNumberOfDilutedSharesOutstanding,shares,,2025-06-30,130200000,0000076334-26-000105,10-K,2026-08-21,
PH,0000076334,WeightedAverageNumberOfDilutedSharesOutstanding,shares,,2026-06-30,128100000,0000076334-26-000105,10-K,2026-08-21,
FOX,0001754301,WeightedAverageNumberOfDilutedSharesOutstanding,shares,,2023-06-30,531000000,0001628280-23-029065,10-K,2023-08-11,
FOX,0001754301,WeightedAverageNumberOfDilutedSharesOutstanding,shares,,2023-06-30,531000000,0001628280-24-036123,10-K,2024-08-08,
FOX,0001754301,WeightedAverageNumberOfDilutedSharesOutstanding,shares,,2023-06-30,531000000,0001628280-25-038077,10-K,2025-08-06,
FOX,0001754301,WeightedAverageNumberOfDilutedSharesOutstanding,shares,,2024-06-30,480000000,0001628280-24-036123,10-K,2024-08-08,
FOX,0001754301,WeightedAverageNumberOfDilutedSharesOutstanding,shares,,2024-06-30,480000000,0001628280-25-038077,10-K,2025-08-06,
FOX,0001754301,WeightedAverageNumberOfDilutedSharesOutstanding,shares,,2024-06-30,480000000,0001628280-26-053960,10-K,2026-08-06,
FOX,0001754301,WeightedAverageNumberOfDilutedSharesOutstanding,shares,,2025-06-30,461000000,0001628280-25-038077,10-K,2025-08-06,
FOX,0001754301,WeightedAverageNumberOfDilutedSharesOutstanding,shares,,2025-06-30,461000000,0001628280-26-053960,10-K,2026-08-06,
FOX,0001754301,WeightedAverageNumberOfDilutedSharesOutstanding,shares,,2026-06-30,439000000,0001628280-26-053960,10-K,2026-08-06,
PG,0000080424,WeightedAverageNumberOfDilutedSharesOutstanding,shares,,2022-06-30,2539100000,0000080424-22-000064,10-K,2022-08-05,
PG,0000080424,WeightedAverageNumberOfDilutedSharesOutstanding,shares,,2022-06-30,2539100000,0000080424-23-000073,10-K,2023-08-04,
PG,0000080424,WeightedAverageNumberOfDilutedSharesOutstanding,shares,,2022-06-30,2539100000,0000080424-24-000083,10-K,2024-08-05,
PG,0000080424,WeightedAverageNumberOfDilutedSharesOutstanding,shares,,2023-06-30,2483900000,0000080424-23-000073,10-K,2023-08-04,
PG,0000080424,WeightedAverageNumberOfDilutedSharesOutstanding,shares,,2023-06-30,2483900000,0000080424-24-000083,10-K,2024-08-05,
PG,0000080424,WeightedAverageNumberOfDilutedSharesOutstanding,shares,,2023-06-30,2483900000,0000080424-25-000076,10-K,2025-08-04,
PG,0000080424,WeightedAverageNumberOfDilutedSharesOutstanding,shares,,2024-06-30,2471900000,0000080424-24-000083,10-K,2024-08-05,
PG,0000080424,WeightedAverageNumberOfDilutedSharesOutstanding,shares,,2024-06-30,2471900000,0000080424-25-000076,10-K,2025-08-04,
PG,0000080424,WeightedAverageNumberOfDilutedSharesOutstanding,shares,,2024-06-30,2471900000,0000080424-26-000103,10-K,2026-08-04,
PG,0000080424,WeightedAverageNumberOfDilutedSharesOutstanding,shares,,2025-06-30,2454400000,0000080424-25-000076,10-K,2025-08-04,
PG,0000080424,WeightedAverageNumberOfDilutedSharesOutstanding,shares,,2025-06-30,2454400000,0000080424-26-000103,10-K,2026-08-04,
PG,0000080424,WeightedAverageNumberOfDilutedSharesOutstanding,shares,,2026-06-30,2422500000,0000080424-26-000103,10-K,2026-08-04,
CEG,0001868275,Revenues,USD,2022-01-01,2022-12-31,24440000000,0001868275-23-000014,10-K,2023-02-16,
CEG,0001868275,Revenues,USD,2022-01-01,2022-12-31,24440000000,0001868275-24-000014,10-K,2024-02-27,
CEG,0001868275,Revenues,USD,2022-01-01,2022-12-31,24440000000,0001868275-25-000023,10-K,2025-02-18,
CEG,0001868275,Revenues,USD,2025-01-01,2025-12-31,25533000000,0001868275-26-000032,10-K,2026-02-24,
CEG,0001868275,RevenueFromContractWithCustomerExcludingAssessedTax,USD,2022-01-01,2022-12-31,21571000000,0001868275-24-000014,10-K,2024-02-27,
CEG,0001868275,RevenueFromContractWithCustomerExcludingAssessedTax,USD,2022-01-01,2022-12-31,21571000000,0001868275-25-000023,10-K,2025-02-18,
CEG,0001868275,RevenueFromContractWithCustomerExcludingAssessedTax,USD,2025-01-01,2025-12-31,22663000000,0001868275-26-000032,10-K,2026-02-24,
KEYS,0001601046,Revenues,USD,2021-11-01,2022-10-31,5420000000,0001601046-22-000161,10-K,2022-12-15,
KEYS,0001601046,Revenues,USD,2021-11-01,2022-10-31,5420000000,0001601046-23-000134,10-K,2023-12-15,
KEYS,0001601046,Revenues,USD,2021-11-01,2022-10-31,5420000000,0001601046-24-000159,10-K,2024-12-17,
KEYS,0001601046,Revenues,USD,2024-11-01,2025-10-31,5375000000,0001601046-25-000127,10-K,2025-12-17,
KEYS,0001601046,RevenueFromContractWithCustomerIncludingAssessedTax,USD,2021-11-01,2022-10-31,5420000000,0001601046-22-000161,10-K,2022-12-15,
KEYS,0001601046,RevenueFromContractWithCustomerIncludingAssessedTax,USD,2021-11-01,2022-10-31,5420000000,0001601046-23-000134,10-K,2023-12-15,
KEYS,0001601046,RevenueFromContractWithCustomerIncludingAssessedTax,USD,2021-11-01,2022-10-31,5420000000,0001601046-24-000159,10-K,2024-12-17,
KEYS,0001601046,RevenueFromContractWithCustomerIncludingAssessedTax,USD,2024-11-01,2025-10-31,5375000000,0001601046-25-000127,10-K,2025-12-17,
TJX,0000109198,RevenueFromContractWithCustomerIncludingAssessedTax,USD,2022-01-30,2023-01-28,49936000000,0000109198-23-000004,10-K,2023-03-29,
TJX,0000109198,RevenueFromContractWithCustomerIncludingAssessedTax,USD,2022-01-30,2023-01-28,49936000000,0000109198-24-000014,10-K,2024-04-03,
TJX,0000109198,RevenueFromContractWithCustomerIncludingAssessedTax,USD,2022-01-30,2023-01-28,49936000000,0000109198-25-000010,10-K,2025-04-02,
TJX,0000109198,RevenueFromContractWithCustomerIncludingAssessedTax,USD,2025-02-02,2026-01-31,60372000000,0000109198-26-000008,10-K,2026-03-31,
BBY,0000764478,RevenueFromContractWithCustomerIncludingAssessedTax,USD,2022-01-30,2023-01-28,46298000000,0000764478-23-000006,10-K,2023-03-17,
BBY,0000764478,RevenueFromContractWithCustomerIncludingAssessedTax,USD,2022-01-30,2023-01-28,46298000000,0000764478-24-000010,10-K,2024-03-15,
BBY,0000764478,RevenueFromContractWithCustomerIncludingAssessedTax,USD,2022-01-30,2023-01-28,46298000000,0000764478-25-000007,10-K,2025-03-19,
BBY,0000764478,RevenueFromContractWithCustomerIncludingAssessedTax,USD,2025-02-02,2026-01-31,41691000000,0000764478-26-000009,10-K,2026-03-18,
MET,0001099219,LongTermDebtAndCapitalLeaseObligationsIncludingCurrentMaturities,USD,,2024-12-31,15086000000,0001099219-26-000013,10-K,2026-02-19,
MET,0001099219,LongTermDebtAndCapitalLeaseObligationsIncludingCurrentMaturities,USD,,2025-12-31,14467000000,0001099219-26-000013,10-K,2026-02-19,
MET,0001099219,JuniorSubordinatedNotes,USD,,2025-12-31,3167000000,0001099219-26-000013,10-K,2026-02-19,
CEG,0001868275,RevenueFromContractWithCustomerExcludingAssessedTax,USD,2023-01-01,2023-12-31,20841000000,0001868275-24-000014,10-K,2024-02-27,
CEG,0001868275,RevenueFromContractWithCustomerExcludingAssessedTax,USD,2023-01-01,2023-12-31,20841000000,0001868275-25-000023,10-K,2025-02-18,
CEG,0001868275,RevenueFromContractWithCustomerExcludingAssessedTax,USD,2023-01-01,2023-12-31,20841000000,0001868275-26-000032,10-K,2026-02-24,
CEG,0001868275,RevenueFromContractWithCustomerExcludingAssessedTax,USD,2024-01-01,2024-12-31,18964000000,0001868275-25-000023,10-K,2025-02-18,
CEG,0001868275,RevenueFromContractWithCustomerExcludingAssessedTax,USD,2024-01-01,2024-12-31,18964000000,0001868275-26-000032,10-K,2026-02-24,
KEYS,0001601046,Revenues,USD,2022-11-01,2023-10-31,5464000000,0001601046-23-000134,10-K,2023-12-15,
KEYS,0001601046,Revenues,USD,2022-11-01,2023-10-31,5464000000,0001601046-24-000159,10-K,2024-12-17,
KEYS,0001601046,Revenues,USD,2022-11-01,2023-10-31,5464000000,0001601046-25-000127,10-K,2025-12-17,
KEYS,0001601046,Revenues,USD,2023-11-01,2024-10-31,4979000000,0001601046-24-000159,10-K,2024-12-17,
KEYS,0001601046,Revenues,USD,2023-11-01,2024-10-31,4979000000,0001601046-25-000127,10-K,2025-12-17,
TJX,0000109198,RevenueFromContractWithCustomerIncludingAssessedTax,USD,2023-01-29,2024-02-03,54217000000,0000109198-24-000014,10-K,2024-04-03,
TJX,0000109198,RevenueFromContractWithCustomerIncludingAssessedTax,USD,2023-01-29,2024-02-03,54217000000,0000109198-25-000010,10-K,2025-04-02,
TJX,0000109198,RevenueFromContractWithCustomerIncludingAssessedTax,USD,2023-01-29,2024-02-03,54217000000,0000109198-26-000008,10-K,2026-03-31,
TJX,0000109198,RevenueFromContractWithCustomerIncludingAssessedTax,USD,2024-02-04,2025-02-01,56360000000,0000109198-25-000010,10-K,2025-04-02,
TJX,0000109198,RevenueFromContractWithCustomerIncludingAssessedTax,USD,2024-02-04,2025-02-01,56360000000,0000109198-26-000008,10-K,2026-03-31,
BBY,0000764478,RevenueFromContractWithCustomerIncludingAssessedTax,USD,2023-01-29,2024-02-03,43452000000,0000764478-24-000010,10-K,2024-03-15,
BBY,0000764478,RevenueFromContractWithCustomerIncludingAssessedTax,USD,2023-01-29,2024-02-03,43452000000,0000764478-25-000007,10-K,2025-03-19,
BBY,0000764478,RevenueFromContractWithCustomerIncludingAssessedTax,USD,2024-02-04,2025-02-01,41528000000,0000764478-25-000007,10-K,2025-03-19,
BBY,0000764478,RevenueFromContractWithCustomerIncludingAssessedTax,USD,2024-02-04,2025-02-01,41528000000,0000764478-26-000009,10-K,2026-03-18,
