cik,taxonomy,concept,purpose
0000004281,us-gaap,ShareBasedCompensation,PROVENANCE
0000004904,us-gaap,AllocatedShareBasedCompensationExpense,PROVENANCE
0000009389,us-gaap,AllocatedShareBasedCompensationExpense,PROVENANCE
0000009389,us-gaap,RevenueFromContractWithCustomerIncludingAssessedTax,PROVENANCE
0000018230,us-gaap,AllocatedShareBasedCompensationExpense,PROVENANCE
0000021665,us-gaap,WeightedAverageNumberOfDilutedSharesOutstanding,PROVENANCE
0000024741,us-gaap,WeightedAverageNumberOfDilutedSharesOutstanding,PROVENANCE
0000026172,us-gaap,AllocatedShareBasedCompensationExpense,PROVENANCE
0000026172,us-gaap,WeightedAverageNumberOfDilutedSharesOutstanding,PROVENANCE
0000027904,us-gaap,AllocatedShareBasedCompensationExpense,PROVENANCE
0000027904,us-gaap,PaymentsToAcquireProductiveAssets,PROVENANCE
0000027904,us-gaap,WeightedAverageNumberOfDilutedSharesOutstanding,PROVENANCE
0000033213,us-gaap,RevenueFromContractWithCustomerExcludingAssessedTax,R20_DIAGNOSTIC_OTHER_CONCEPT
0000033213,us-gaap,Revenues,R20
0000040533,us-gaap,WeightedAverageNumberOfDilutedSharesOutstanding,PROVENANCE
0000045012,us-gaap,RevenueFromContractWithCustomerIncludingAssessedTax,PROVENANCE
0000048898,us-gaap,WeightedAverageNumberOfDilutedSharesOutstanding,PROVENANCE
0000049826,us-gaap,WeightedAverageNumberOfDilutedSharesOutstanding,PROVENANCE
0000051434,us-gaap,RevenueFromContractWithCustomerExcludingAssessedTax,R20
0000055785,us-gaap,WeightedAverageNumberOfDilutedSharesOutstanding,PROVENANCE
0000062709,us-gaap,RevenueFromContractWithCustomerExcludingAssessedTax,R20
0000062996,us-gaap,WeightedAverageNumberOfDilutedSharesOutstanding,PROVENANCE
0000063754,us-gaap,WeightedAverageNumberOfDilutedSharesOutstanding,PROVENANCE
0000063908,us-gaap,WeightedAverageNumberOfDilutedSharesOutstanding,LEDGER;R13
0000065984,us-gaap,RevenueFromContractWithCustomerExcludingAssessedTax,R20_DIAGNOSTIC_OTHER_CONCEPT
0000065984,us-gaap,Revenues,R20
0000065984,us-gaap,WeightedAverageNumberOfDilutedSharesOutstanding,LEDGER;R13
0000072741,us-gaap,AllocatedShareBasedCompensationExpense,PROVENANCE
0000075362,us-gaap,AllocatedShareBasedCompensationExpense,PROVENANCE
0000075677,us-gaap,WeightedAverageNumberOfDilutedSharesOutstanding,PROVENANCE
0000076334,us-gaap,WeightedAverageNumberOfDilutedSharesOutstanding,LEDGER;PROVENANCE;R14
0000079879,us-gaap,WeightedAverageNumberOfDilutedSharesOutstanding,PROVENANCE
0000080424,us-gaap,WeightedAverageNumberOfDilutedSharesOutstanding,LEDGER;PROVENANCE;R14
0000091142,us-gaap,WeightedAverageNumberOfDilutedSharesOutstanding,PROVENANCE
0000100517,us-gaap,AllocatedShareBasedCompensationExpense,PROVENANCE
0000100517,us-gaap,WeightedAverageNumberOfDilutedSharesOutstanding,PROVENANCE
0000100885,us-gaap,AllocatedShareBasedCompensationExpense,PROVENANCE
0000101829,us-gaap,NetCashProvidedByUsedInOperatingActivities,PROVENANCE
0000101829,us-gaap,RevenueFromContractWithCustomerExcludingAssessedTax,R20
0000101829,us-gaap,Revenues,R20_DIAGNOSTIC_OTHER_CONCEPT
0000104169,us-gaap,AllocatedShareBasedCompensationExpense,PROVENANCE
0000104169,us-gaap,WeightedAverageNumberOfDilutedSharesOutstanding,LEDGER;R13
0000109198,us-gaap,RevenueFromContractWithCustomerIncludingAssessedTax,LEDGER;PROVENANCE;R20
0000277948,us-gaap,AllocatedShareBasedCompensationExpense,PROVENANCE
0000310158,us-gaap,NetCashProvidedByUsedInOperatingActivities,PROVENANCE
0000310158,us-gaap,WeightedAverageNumberOfDilutedSharesOutstanding,PROVENANCE
0000352541,us-gaap,AllocatedShareBasedCompensationExpense,PROVENANCE
0000352541,us-gaap,PaymentsToAcquirePropertyPlantAndEquipment,PROVENANCE
0000702165,us-gaap,AllocatedShareBasedCompensationExpense,PROVENANCE
0000702165,us-gaap,WeightedAverageNumberOfDilutedSharesOutstanding,PROVENANCE
0000707549,us-gaap,WeightedAverageNumberOfDilutedSharesOutstanding,LEDGER;R13
0000711404,us-gaap,WeightedAverageNumberOfDilutedSharesOutstanding,LEDGER;R13
0000715957,us-gaap,AllocatedShareBasedCompensationExpense,PROVENANCE
0000715957,us-gaap,WeightedAverageNumberOfDilutedSharesOutstanding,PROVENANCE
0000719955,us-gaap,WeightedAverageNumberOfDilutedSharesOutstanding,LEDGER;R13
0000723254,us-gaap,WeightedAverageNumberOfDilutedSharesOutstanding,LEDGER;PROVENANCE;R13;R14
0000728535,us-gaap,RevenueFromContractWithCustomerIncludingAssessedTax,PROVENANCE
0000732717,us-gaap,AllocatedShareBasedCompensationExpense,PROVENANCE
0000732717,us-gaap,WeightedAverageNumberOfDilutedSharesOutstanding,PROVENANCE
0000764180,us-gaap,WeightedAverageNumberOfDilutedSharesOutstanding,PROVENANCE
0000764478,us-gaap,RevenueFromContractWithCustomerIncludingAssessedTax,LEDGER;PROVENANCE;R20
0000766704,us-gaap,RevenueFromContractWithCustomerExcludingAssessedTax,R20
0000766704,us-gaap,Revenues,R20_DIAGNOSTIC_OTHER_CONCEPT
0000773840,us-gaap,WeightedAverageNumberOfDilutedSharesOutstanding,PROVENANCE
0000788784,us-gaap,AllocatedShareBasedCompensationExpense,PROVENANCE
0000797468,us-gaap,AllocatedShareBasedCompensationExpense,PROVENANCE
0000797468,us-gaap,WeightedAverageNumberOfDilutedSharesOutstanding,PROVENANCE
0000811156,us-gaap,WeightedAverageNumberOfDilutedSharesOutstanding,PROVENANCE
0000815097,us-gaap,WeightedAverageNumberOfDilutedSharesOutstanding,PROVENANCE
0000815556,us-gaap,WeightedAverageNumberOfDilutedSharesOutstanding,LEDGER;R13
0000820027,us-gaap,WeightedAverageNumberOfDilutedSharesOutstanding,PROVENANCE
0000820313,us-gaap,WeightedAverageNumberOfDilutedSharesOutstanding,LEDGER;R13
0000823768,us-gaap,WeightedAverageNumberOfDilutedSharesOutstanding,PROVENANCE
0000827052,us-gaap,AllocatedShareBasedCompensationExpense,PROVENANCE
0000842023,us-gaap,WeightedAverageNumberOfDilutedSharesOutstanding,LEDGER;R13
0000849395,us-gaap,NetCashProvidedByUsedInOperatingActivities,PROVENANCE
0000849395,us-gaap,PaymentsToAcquirePropertyPlantAndEquipment,PROVENANCE
0000849395,us-gaap,RevenueFromContractWithCustomerExcludingAssessedTax,PROVENANCE
0000849395,us-gaap,WeightedAverageNumberOfDilutedSharesOutstanding,PROVENANCE
0000860731,us-gaap,WeightedAverageNumberOfDilutedSharesOutstanding,PROVENANCE
0000865752,us-gaap,WeightedAverageNumberOfDilutedSharesOutstanding,LEDGER;R13
0000874761,us-gaap,AllocatedShareBasedCompensationExpense,PROVENANCE
0000874761,us-gaap,WeightedAverageNumberOfDilutedSharesOutstanding,PROVENANCE
0000877212,us-gaap,WeightedAverageNumberOfDilutedSharesOutstanding,PROVENANCE
0000878927,us-gaap,RevenueFromContractWithCustomerIncludingAssessedTax,PROVENANCE
0000878927,us-gaap,WeightedAverageNumberOfDilutedSharesOutstanding,LEDGER;R13
0000879169,us-gaap,RevenueFromContractWithCustomerExcludingAssessedTax,R20
0000879169,us-gaap,Revenues,R20_DIAGNOSTIC_OTHER_CONCEPT
0000884887,us-gaap,WeightedAverageNumberOfDilutedSharesOutstanding,PROVENANCE
0000895126,us-gaap,WeightedAverageNumberOfDilutedSharesOutstanding,R13
0000898173,us-gaap,WeightedAverageNumberOfDilutedSharesOutstanding,LEDGER;R13
0000898293,us-gaap,AllocatedShareBasedCompensationExpense,PROVENANCE
0000900075,us-gaap,RevenueFromContractWithCustomerIncludingAssessedTax,PROVENANCE
0000900075,us-gaap,WeightedAverageNumberOfDilutedSharesOutstanding,LEDGER;R13
0000910521,us-gaap,WeightedAverageNumberOfDilutedSharesOutstanding,LEDGER;R13
0000916365,us-gaap,WeightedAverageNumberOfDilutedSharesOutstanding,LEDGER;R13
0000920760,us-gaap,Revenues,R20
0000927653,us-gaap,AllocatedShareBasedCompensationExpense,PROVENANCE
0000936468,us-gaap,WeightedAverageNumberOfDilutedSharesOutstanding,PROVENANCE
0001002910,us-gaap,RevenueFromContractWithCustomerIncludingAssessedTax,PROVENANCE
0001004980,us-gaap,AllocatedShareBasedCompensationExpense,PROVENANCE
0001022079,us-gaap,WeightedAverageNumberOfDilutedSharesOutstanding,PROVENANCE
0001031296,us-gaap,EmployeeServiceShareBasedCompensationAllocationOfRecognizedPeriodCostsCapitalizedAmount,PROVENANCE
0001032208,us-gaap,RevenueFromContractWithCustomerExcludingAssessedTax,PROVENANCE
0001032208,us-gaap,WeightedAverageNumberOfDilutedSharesOutstanding,LEDGER;R13
0001035002,us-gaap,PaymentsToAcquireProductiveAssets,PROVENANCE
0001035002,us-gaap,RevenueFromContractWithCustomerIncludingAssessedTax,PROVENANCE
0001035002,us-gaap,ShareBasedCompensation,PROVENANCE
0001037868,us-gaap,RevenueFromContractWithCustomerExcludingAssessedTax,PROVENANCE
0001039684,us-gaap,AllocatedShareBasedCompensationExpense,PROVENANCE
0001039684,us-gaap,RevenueFromContractWithCustomerExcludingAssessedTax,R20
0001039684,us-gaap,Revenues,R20_DIAGNOSTIC_OTHER_CONCEPT
0001041061,us-gaap,WeightedAverageNumberOfDilutedSharesOutstanding,PROVENANCE
0001045810,us-gaap,WeightedAverageNumberOfDilutedSharesOutstanding,LEDGER;R13
0001048286,us-gaap,WeightedAverageNumberOfDilutedSharesOutstanding,PROVENANCE
0001058090,us-gaap,WeightedAverageNumberOfDilutedSharesOutstanding,LEDGER;R13
0001065280,us-gaap,WeightedAverageNumberOfDilutedSharesOutstanding,LEDGER;R13
0001067701,us-gaap,PaymentsToAcquireProductiveAssets,PROVENANCE
0001067701,us-gaap,WeightedAverageNumberOfDilutedSharesOutstanding,PROVENANCE
0001086222,us-gaap,RevenueFromContractWithCustomerIncludingAssessedTax,PROVENANCE
0001090012,us-gaap,NetCashProvidedByUsedInOperatingActivities,PROVENANCE
0001090012,us-gaap,WeightedAverageNumberOfDilutedSharesOutstanding,PROVENANCE
0001090727,us-gaap,WeightedAverageNumberOfDilutedSharesOutstanding,PROVENANCE
0001099219,us-gaap,JuniorSubordinatedNotes,LEDGER
0001099219,us-gaap,LongTermDebtAndCapitalLeaseObligationsIncludingCurrentMaturities,LEDGER
0001103982,us-gaap,WeightedAverageNumberOfDilutedSharesOutstanding,PROVENANCE
0001113169,us-gaap,WeightedAverageNumberOfDilutedSharesOutstanding,PROVENANCE
0001120193,us-gaap,WeightedAverageNumberOfDilutedSharesOutstanding,PROVENANCE
0001121788,us-gaap,WeightedAverageNumberOfDilutedSharesOutstanding,PROVENANCE
0001123360,us-gaap,WeightedAverageNumberOfDilutedSharesOutstanding,PROVENANCE
0001145197,us-gaap,RevenueFromContractWithCustomerExcludingAssessedTax,R20_DIAGNOSTIC_OTHER_CONCEPT
0001145197,us-gaap,Revenues,R20
0001164727,us-gaap,AllocatedShareBasedCompensationExpense,PROVENANCE
0001166691,us-gaap,RevenueFromContractWithCustomerExcludingAssessedTax,R20
0001166691,us-gaap,Revenues,R20_DIAGNOSTIC_OTHER_CONCEPT
0001166691,us-gaap,WeightedAverageNumberOfDilutedSharesOutstanding,PROVENANCE
0001174922,us-gaap,RevenueFromContractWithCustomerIncludingAssessedTax,PROVENANCE
0001260221,us-gaap,ShareBasedCompensation,PROVENANCE
0001297996,us-gaap,WeightedAverageNumberOfDilutedSharesOutstanding,LEDGER;R13
0001318605,us-gaap,RevenueFromContractWithCustomerExcludingAssessedTax,R20
0001318605,us-gaap,Revenues,R20_DIAGNOSTIC_OTHER_CONCEPT
0001326160,us-gaap,AllocatedShareBasedCompensationExpense,PROVENANCE
0001326160,us-gaap,RevenueFromContractWithCustomerIncludingAssessedTax,PROVENANCE
0001327567,us-gaap,WeightedAverageNumberOfDilutedSharesOutstanding,LEDGER;R13
0001327811,us-gaap,PaymentsToAcquirePropertyPlantAndEquipment,PROVENANCE
0001373715,us-gaap,WeightedAverageNumberOfDilutedSharesOutstanding,LEDGER;R13
0001375365,us-gaap,WeightedAverageNumberOfDilutedSharesOutstanding,LEDGER;R13
0001381197,us-gaap,WeightedAverageNumberOfDilutedSharesOutstanding,LEDGER;R13
0001396009,us-gaap,RevenueFromContractWithCustomerExcludingAssessedTax,R20
0001396009,us-gaap,Revenues,R20_DIAGNOSTIC_OTHER_CONCEPT
0001410636,us-gaap,AllocatedShareBasedCompensationExpense,PROVENANCE
0001410636,us-gaap,RevenueFromContractWithCustomerExcludingAssessedTax,PROVENANCE
0001413329,us-gaap,WeightedAverageNumberOfDilutedSharesOutstanding,PROVENANCE
0001466258,us-gaap,WeightedAverageNumberOfDilutedSharesOutstanding,PROVENANCE
0001467858,us-gaap,AllocatedShareBasedCompensationExpense,PROVENANCE
0001510295,us-gaap,WeightedAverageNumberOfDilutedSharesOutstanding,LEDGER;R13
0001513761,us-gaap,RevenueFromContractWithCustomerIncludingAssessedTax,PROVENANCE
0001524472,us-gaap,RevenueFromContractWithCustomerExcludingAssessedTax,R20
0001524472,us-gaap,Revenues,R20_DIAGNOSTIC_OTHER_CONCEPT
0001539838,us-gaap,RevenueFromContractWithCustomerExcludingAssessedTax,R20_DIAGNOSTIC_OTHER_CONCEPT
0001539838,us-gaap,Revenues,R20
0001539838,us-gaap,WeightedAverageNumberOfDilutedSharesOutstanding,LEDGER;R13
0001571996,us-gaap,WeightedAverageNumberOfDilutedSharesOutstanding,PROVENANCE
0001579241,us-gaap,WeightedAverageNumberOfDilutedSharesOutstanding,PROVENANCE
0001585689,us-gaap,WeightedAverageNumberOfDilutedSharesOutstanding,PROVENANCE
0001596532,us-gaap,WeightedAverageNumberOfDilutedSharesOutstanding,LEDGER;R13
0001601046,us-gaap,RevenueFromContractWithCustomerIncludingAssessedTax,LEDGER;PROVENANCE;R20_DIAGNOSTIC_OTHER_CONCEPT
0001601046,us-gaap,Revenues,LEDGER;R20
0001652044,us-gaap,RevenueFromContractWithCustomerExcludingAssessedTax,R20_DIAGNOSTIC_OTHER_CONCEPT
0001652044,us-gaap,Revenues,R20
0001652044,us-gaap,WeightedAverageNumberOfDilutedSharesOutstanding,PROVENANCE
0001682852,us-gaap,RevenueFromContractWithCustomerExcludingAssessedTax,R20
0001682852,us-gaap,Revenues,R20_DIAGNOSTIC_OTHER_CONCEPT
0001690820,us-gaap,WeightedAverageNumberOfDilutedSharesOutstanding,LEDGER;R13
0001699150,us-gaap,WeightedAverageNumberOfDilutedSharesOutstanding,PROVENANCE
0001713445,us-gaap,WeightedAverageNumberOfDilutedSharesOutstanding,LEDGER;R13
0001730168,us-gaap,WeightedAverageNumberOfDilutedSharesOutstanding,LEDGER;R13
0001754301,us-gaap,WeightedAverageNumberOfDilutedSharesOutstanding,LEDGER;PROVENANCE;R14
0001755672,us-gaap,WeightedAverageNumberOfDilutedSharesOutstanding,PROVENANCE
0001757898,us-gaap,WeightedAverageNumberOfDilutedSharesOutstanding,PROVENANCE
0001811074,us-gaap,WeightedAverageNumberOfDilutedSharesOutstanding,LEDGER;R13
0001841666,us-gaap,AllocatedShareBasedCompensationExpense,PROVENANCE
0001868275,us-gaap,AllocatedShareBasedCompensationExpense,PROVENANCE
0001868275,us-gaap,RevenueFromContractWithCustomerExcludingAssessedTax,LEDGER;PROVENANCE;R20
0001868275,us-gaap,Revenues,LEDGER;R20_DIAGNOSTIC_OTHER_CONCEPT
