ticker,field,reason
ABNB,annual_capex,NO_ADMISSIBLE_PREREGISTERED_COMPANYFACT
ADP,annual_capex,NO_ADMISSIBLE_PREREGISTERED_COMPANYFACT
ADP,fy_minus_3_capex,NO_ADMISSIBLE_PREREGISTERED_COMPANYFACT
AEP,fy_minus_3_capex,NO_ADMISSIBLE_PREREGISTERED_COMPANYFACT
APA,annual_revenue,NO_ADMISSIBLE_PREREGISTERED_COMPANYFACT
APA,fy_minus_3_revenue,NO_ADMISSIBLE_PREREGISTERED_COMPANYFACT
APA,annual_capex,NO_ADMISSIBLE_PREREGISTERED_COMPANYFACT
APA,fy_minus_3_capex,NO_ADMISSIBLE_PREREGISTERED_COMPANYFACT
APP,annual_capex,NO_ADMISSIBLE_PREREGISTERED_COMPANYFACT
BBY,fy_minus_3_revenue,NO_ADMISSIBLE_PREREGISTERED_COMPANYFACT
BKR,annual_diluted_shares,NO_ADMISSIBLE_PREREGISTERED_COMPANYFACT
BKR,prior_diluted_shares,NO_ADMISSIBLE_PREREGISTERED_COMPANYFACT
BKR,fy_minus_3_diluted_shares,NO_ADMISSIBLE_PREREGISTERED_COMPANYFACT
CMS,annual_capex,NO_ADMISSIBLE_PREREGISTERED_COMPANYFACT
CMS,annual_sbc,NO_ADMISSIBLE_PREREGISTERED_COMPANYFACT
CNP,annual_sbc,NO_ADMISSIBLE_PREREGISTERED_COMPANYFACT
CTVA,annual_sbc,NO_ADMISSIBLE_PREREGISTERED_COMPANYFACT
D,annual_capex,NO_ADMISSIBLE_PREREGISTERED_COMPANYFACT
D,fy_minus_3_capex,NO_ADMISSIBLE_PREREGISTERED_COMPANYFACT
DELL,annual_diluted_shares,NO_ADMISSIBLE_PREREGISTERED_COMPANYFACT
DELL,fy_minus_3_diluted_shares,NO_ADMISSIBLE_PREREGISTERED_COMPANYFACT
DIS,fy_minus_3_operating_cash_flow,NO_ADMISSIBLE_PREREGISTERED_COMPANYFACT
DPZ,annual_diluted_shares,NO_ADMISSIBLE_PREREGISTERED_COMPANYFACT
DPZ,prior_diluted_shares,NO_ADMISSIBLE_PREREGISTERED_COMPANYFACT
DPZ,fy_minus_3_diluted_shares,NO_ADMISSIBLE_PREREGISTERED_COMPANYFACT
DTE,annual_revenue,NO_ADMISSIBLE_PREREGISTERED_COMPANYFACT
DTE,fy_minus_3_revenue,NO_ADMISSIBLE_PREREGISTERED_COMPANYFACT
DTE,annual_capex,NO_ADMISSIBLE_PREREGISTERED_COMPANYFACT
DTE,fy_minus_3_capex,NO_ADMISSIBLE_PREREGISTERED_COMPANYFACT
DTE,annual_sbc,NO_ADMISSIBLE_PREREGISTERED_COMPANYFACT
EOG,annual_capex,NO_ADMISSIBLE_PREREGISTERED_COMPANYFACT
EOG,fy_minus_3_capex,NO_ADMISSIBLE_PREREGISTERED_COMPANYFACT
ETN,annual_sbc,NO_ADMISSIBLE_PREREGISTERED_COMPANYFACT
ETR,annual_sbc,NO_ADMISSIBLE_PREREGISTERED_COMPANYFACT
EXC,annual_sbc,NO_ADMISSIBLE_PREREGISTERED_COMPANYFACT
GDDY,fy_minus_3_diluted_shares,NO_ADMISSIBLE_PREREGISTERED_COMPANYFACT
GLW,annual_capex,NO_ADMISSIBLE_PREREGISTERED_COMPANYFACT
GLW,fy_minus_3_capex,NO_ADMISSIBLE_PREREGISTERED_COMPANYFACT
GRMN,annual_diluted_shares,NO_ADMISSIBLE_PREREGISTERED_COMPANYFACT
GRMN,prior_diluted_shares,NO_ADMISSIBLE_PREREGISTERED_COMPANYFACT
HAL,annual_sbc,NO_ADMISSIBLE_PREREGISTERED_COMPANYFACT
HUBB,fy_minus_3_operating_cash_flow,NO_ADMISSIBLE_PREREGISTERED_COMPANYFACT
INCY,annual_capex,NO_ADMISSIBLE_PREREGISTERED_COMPANYFACT
IR,fy_minus_3_operating_cash_flow,NO_ADMISSIBLE_PREREGISTERED_COMPANYFACT
IT,annual_capex,NO_ADMISSIBLE_PREREGISTERED_COMPANYFACT
IT,fy_minus_3_capex,NO_ADMISSIBLE_PREREGISTERED_COMPANYFACT
KMI,annual_sbc,NO_ADMISSIBLE_PREREGISTERED_COMPANYFACT
KVUE,fy_minus_3_revenue,TARGET_PERIOD_MISSING
KVUE,fy_minus_3_operating_cash_flow,TARGET_PERIOD_MISSING
KVUE,fy_minus_3_capex,TARGET_PERIOD_MISSING
KVUE,fy_minus_3_diluted_shares,TARGET_PERIOD_MISSING
LDOS,annual_diluted_shares,NO_ADMISSIBLE_PREREGISTERED_COMPANYFACT
LDOS,prior_diluted_shares,NO_ADMISSIBLE_PREREGISTERED_COMPANYFACT
LDOS,fy_minus_3_diluted_shares,NO_ADMISSIBLE_PREREGISTERED_COMPANYFACT
LHX,annual_diluted_shares,NO_ADMISSIBLE_PREREGISTERED_COMPANYFACT
LHX,prior_diluted_shares,NO_ADMISSIBLE_PREREGISTERED_COMPANYFACT
LHX,fy_minus_3_diluted_shares,NO_ADMISSIBLE_PREREGISTERED_COMPANYFACT
LLY,annual_capex,NO_ADMISSIBLE_PREREGISTERED_COMPANYFACT
LLY,fy_minus_3_capex,NO_ADMISSIBLE_PREREGISTERED_COMPANYFACT
LNT,annual_capex,NO_ADMISSIBLE_PREREGISTERED_COMPANYFACT
LVS,fy_minus_3_operating_cash_flow,NO_ADMISSIBLE_PREREGISTERED_COMPANYFACT
MO,annual_sbc,NO_ADMISSIBLE_PREREGISTERED_COMPANYFACT
NVDA,fy_minus_3_capex,NO_ADMISSIBLE_PREREGISTERED_COMPANYFACT
PM,annual_sbc,NO_ADMISSIBLE_PREREGISTERED_COMPANYFACT
Q,fy_minus_3_revenue,TARGET_PERIOD_MISSING
Q,fy_minus_3_operating_cash_flow,TARGET_PERIOD_MISSING
Q,fy_minus_3_capex,TARGET_PERIOD_MISSING
Q,fy_minus_3_diluted_shares,TARGET_PERIOD_MISSING
RL,annual_capex,NO_ADMISSIBLE_PREREGISTERED_COMPANYFACT
ROP,annual_capex,NO_ADMISSIBLE_PREREGISTERED_COMPANYFACT
ROP,fy_minus_3_capex,NO_ADMISSIBLE_PREREGISTERED_COMPANYFACT
RSG,annual_sbc,NO_ADMISSIBLE_PREREGISTERED_COMPANYFACT
RVTY,annual_diluted_shares,NO_ADMISSIBLE_PREREGISTERED_COMPANYFACT
RVTY,prior_diluted_shares,NO_ADMISSIBLE_PREREGISTERED_COMPANYFACT
RVTY,fy_minus_3_diluted_shares,NO_ADMISSIBLE_PREREGISTERED_COMPANYFACT
SNA,annual_capex,NO_ADMISSIBLE_PREREGISTERED_COMPANYFACT
SNA,fy_minus_3_capex,NO_ADMISSIBLE_PREREGISTERED_COMPANYFACT
SO,annual_sbc,NO_ADMISSIBLE_PREREGISTERED_COMPANYFACT
STZ,annual_diluted_shares,NO_ADMISSIBLE_PREREGISTERED_COMPANYFACT
STZ,prior_diluted_shares,NO_ADMISSIBLE_PREREGISTERED_COMPANYFACT
STZ,fy_minus_3_diluted_shares,NO_ADMISSIBLE_PREREGISTERED_COMPANYFACT
T,fy_minus_3_operating_cash_flow,NO_ADMISSIBLE_PREREGISTERED_COMPANYFACT
TDY,annual_sbc,NO_ADMISSIBLE_PREREGISTERED_COMPANYFACT
TJX,fy_minus_3_revenue,NO_ADMISSIBLE_PREREGISTERED_COMPANYFACT
TKO,fy_minus_3_revenue,TARGET_PERIOD_MISSING
TKO,fy_minus_3_operating_cash_flow,TARGET_PERIOD_MISSING
TKO,annual_capex,NO_ADMISSIBLE_PREREGISTERED_COMPANYFACT
TKO,fy_minus_3_capex,TARGET_PERIOD_MISSING
TKO,fy_minus_3_diluted_shares,TARGET_PERIOD_MISSING
URI,annual_capex,NO_ADMISSIBLE_PREREGISTERED_COMPANYFACT
V,annual_diluted_shares,NO_ADMISSIBLE_PREREGISTERED_COMPANYFACT
V,prior_diluted_shares,NO_ADMISSIBLE_PREREGISTERED_COMPANYFACT
V,fy_minus_3_diluted_shares,NO_ADMISSIBLE_PREREGISTERED_COMPANYFACT
VEEV,annual_capex,NO_ADMISSIBLE_PREREGISTERED_COMPANYFACT
VEEV,fy_minus_3_capex,NO_ADMISSIBLE_PREREGISTERED_COMPANYFACT
VLO,annual_capex,NO_ADMISSIBLE_PREREGISTERED_COMPANYFACT
VLTO,fy_minus_3_revenue,TARGET_PERIOD_MISSING
VLTO,fy_minus_3_operating_cash_flow,TARGET_PERIOD_MISSING
VLTO,fy_minus_3_capex,TARGET_PERIOD_MISSING
VLTO,fy_minus_3_diluted_shares,TARGET_PERIOD_MISSING
VZ,annual_capex,NO_ADMISSIBLE_PREREGISTERED_COMPANYFACT
VZ,fy_minus_3_capex,NO_ADMISSIBLE_PREREGISTERED_COMPANYFACT
VZ,annual_sbc,NO_ADMISSIBLE_PREREGISTERED_COMPANYFACT
WAT,fy_minus_3_capex,NO_ADMISSIBLE_PREREGISTERED_COMPANYFACT
ZBH,fy_minus_3_operating_cash_flow,NO_ADMISSIBLE_PREREGISTERED_COMPANYFACT
