ticker,cik,field,value,source_url,taxonomy,concept,unit,start,end,filed,form,accession,duration_days,rule
AEE,0001002910,annual_revenue,8799000000.0,https://data.sec.gov/api/xbrl/companyfacts/CIK0001002910.json,us-gaap,RevenueFromContractWithCustomerIncludingAssessedTax,USD,2025-01-01,2025-12-31,2026-02-18,10-K,0001002910-26-000009,364,EXACT_PERIOD_ANNUAL_FORM_ANNUAL_DURATION_PREREGISTERED_CONCEPT
AEE,0001002910,fy_minus_3_revenue,7957000000.0,https://data.sec.gov/api/xbrl/companyfacts/CIK0001002910.json,us-gaap,RevenueFromContractWithCustomerIncludingAssessedTax,USD,2022-01-01,2022-12-31,2025-02-18,10-K,0001002910-25-000055,364,EXACT_PERIOD_ANNUAL_FORM_ANNUAL_DURATION_PREREGISTERED_CONCEPT
AEE,0001002910,revenue_cagr3,0.03409709923004489,,,,,,,,,,,DETERMINISTIC_DERIVATION_FROM_CANDIDATE_PRIMARY_FACTS
AEE,0001002910,sbc_to_revenue,0.0031821797931583136,,,,,,,,,,,DETERMINISTIC_DERIVATION_FROM_CANDIDATE_PRIMARY_FACTS
AEP,0000004904,annual_sbc,53000000.0,https://data.sec.gov/api/xbrl/companyfacts/CIK0000004904.json,us-gaap,AllocatedShareBasedCompensationExpense,USD,2025-01-01,2025-12-31,2026-02-12,10-K,0000004904-26-000013,364,EXACT_PERIOD_ANNUAL_FORM_ANNUAL_DURATION_PREREGISTERED_CONCEPT
AEP,0000004904,sbc_to_revenue,0.0024227463887365147,,,,,,,,,,,DETERMINISTIC_DERIVATION_FROM_CANDIDATE_PRIMARY_FACTS
AES,0000874761,annual_diluted_shares,714000000.0,https://data.sec.gov/api/xbrl/companyfacts/CIK0000874761.json,us-gaap,WeightedAverageNumberOfDilutedSharesOutstanding,shares,2025-01-01,2025-12-31,2026-03-02,10-K,0000874761-26-000063,364,EXACT_PERIOD_ANNUAL_FORM_ANNUAL_DURATION_PREREGISTERED_CONCEPT
AES,0000874761,prior_diluted_shares,713000000.0,https://data.sec.gov/api/xbrl/companyfacts/CIK0000874761.json,us-gaap,WeightedAverageNumberOfDilutedSharesOutstanding,shares,2024-01-01,2024-12-31,2026-03-02,10-K,0000874761-26-000063,365,EXACT_PERIOD_ANNUAL_FORM_ANNUAL_DURATION_PREREGISTERED_CONCEPT
AES,0000874761,fy_minus_3_diluted_shares,668000000.0,https://data.sec.gov/api/xbrl/companyfacts/CIK0000874761.json,us-gaap,WeightedAverageNumberOfDilutedSharesOutstanding,shares,2022-01-01,2022-12-31,2025-03-11,10-K,0000874761-25-000013,364,EXACT_PERIOD_ANNUAL_FORM_ANNUAL_DURATION_PREREGISTERED_CONCEPT
AES,0000874761,annual_sbc,14000000.0,https://data.sec.gov/api/xbrl/companyfacts/CIK0000874761.json,us-gaap,AllocatedShareBasedCompensationExpense,USD,2025-01-01,2025-12-31,2026-03-02,10-K,0000874761-26-000063,364,EXACT_PERIOD_ANNUAL_FORM_ANNUAL_DURATION_PREREGISTERED_CONCEPT
AES,0000874761,diluted_shares_yoy,0.0014025245441795509,,,,,,,,,,,DETERMINISTIC_DERIVATION_FROM_CANDIDATE_PRIMARY_FACTS
AES,0000874761,sbc_to_revenue,0.001144445352734407,,,,,,,,,,,DETERMINISTIC_DERIVATION_FROM_CANDIDATE_PRIMARY_FACTS
AKAM,0001086222,annual_revenue,4208175000.0,https://data.sec.gov/api/xbrl/companyfacts/CIK0001086222.json,us-gaap,RevenueFromContractWithCustomerIncludingAssessedTax,USD,2025-01-01,2025-12-31,2026-02-20,10-K,0001086222-26-000022,364,EXACT_PERIOD_ANNUAL_FORM_ANNUAL_DURATION_PREREGISTERED_CONCEPT
AKAM,0001086222,fy_minus_3_revenue,3616654000.0,https://data.sec.gov/api/xbrl/companyfacts/CIK0001086222.json,us-gaap,RevenueFromContractWithCustomerIncludingAssessedTax,USD,2022-01-01,2022-12-31,2025-02-24,10-K,0001086222-25-000028,364,EXACT_PERIOD_ANNUAL_FORM_ANNUAL_DURATION_PREREGISTERED_CONCEPT
AKAM,0001086222,revenue_cagr3,0.05178977181914113,,,,,,,,,,,DETERMINISTIC_DERIVATION_FROM_CANDIDATE_PRIMARY_FACTS
AKAM,0001086222,sbc_to_revenue,0.10916893902938922,,,,,,,,,,,DETERMINISTIC_DERIVATION_FROM_CANDIDATE_PRIMARY_FACTS
ALLE,0001579241,annual_diluted_shares,86600000.0,https://data.sec.gov/api/xbrl/companyfacts/CIK0001579241.json,us-gaap,WeightedAverageNumberOfDilutedSharesOutstanding,shares,2025-01-01,2025-12-31,2026-02-17,10-K,0001579241-26-000007,364,EXACT_PERIOD_ANNUAL_FORM_ANNUAL_DURATION_PREREGISTERED_CONCEPT
ALLE,0001579241,prior_diluted_shares,87600000.0,https://data.sec.gov/api/xbrl/companyfacts/CIK0001579241.json,us-gaap,WeightedAverageNumberOfDilutedSharesOutstanding,shares,2024-01-01,2024-12-31,2026-02-17,10-K,0001579241-26-000007,365,EXACT_PERIOD_ANNUAL_FORM_ANNUAL_DURATION_PREREGISTERED_CONCEPT
ALLE,0001579241,fy_minus_3_diluted_shares,88300000.0,https://data.sec.gov/api/xbrl/companyfacts/CIK0001579241.json,us-gaap,WeightedAverageNumberOfDilutedSharesOutstanding,shares,2022-01-01,2022-12-31,2025-02-18,10-K,0001579241-25-000008,364,EXACT_PERIOD_ANNUAL_FORM_ANNUAL_DURATION_PREREGISTERED_CONCEPT
ALLE,0001579241,diluted_shares_yoy,-0.011415525114155223,,,,,,,,,,,DETERMINISTIC_DERIVATION_FROM_CANDIDATE_PRIMARY_FACTS
ALLE,0001579241,fcf_per_share_cagr3,0.20914065688462835,,,,,,,,,,,DETERMINISTIC_DERIVATION_FROM_CANDIDATE_PRIMARY_FACTS
AME,0001037868,fy_minus_3_revenue,6150530000.0,https://data.sec.gov/api/xbrl/companyfacts/CIK0001037868.json,us-gaap,RevenueFromContractWithCustomerExcludingAssessedTax,USD,2022-01-01,2022-12-31,2025-02-20,10-K,0001037868-25-000012,364,EXACT_PERIOD_ANNUAL_FORM_ANNUAL_DURATION_PREREGISTERED_CONCEPT
AME,0001037868,revenue_cagr3,0.06364055992660522,,,,,,,,,,,DETERMINISTIC_DERIVATION_FROM_CANDIDATE_PRIMARY_FACTS
AMP,0000820027,annual_diluted_shares,98200000.0,https://data.sec.gov/api/xbrl/companyfacts/CIK0000820027.json,us-gaap,WeightedAverageNumberOfDilutedSharesOutstanding,shares,2025-01-01,2025-12-31,2026-02-19,10-K,0000820027-26-000011,364,EXACT_PERIOD_ANNUAL_FORM_ANNUAL_DURATION_PREREGISTERED_CONCEPT
AMP,0000820027,prior_diluted_shares,102900000.0,https://data.sec.gov/api/xbrl/companyfacts/CIK0000820027.json,us-gaap,WeightedAverageNumberOfDilutedSharesOutstanding,shares,2024-01-01,2024-12-31,2026-02-19,10-K,0000820027-26-000011,365,EXACT_PERIOD_ANNUAL_FORM_ANNUAL_DURATION_PREREGISTERED_CONCEPT
AMP,0000820027,fy_minus_3_diluted_shares,113700000.0,https://data.sec.gov/api/xbrl/companyfacts/CIK0000820027.json,us-gaap,WeightedAverageNumberOfDilutedSharesOutstanding,shares,2022-01-01,2022-12-31,2025-02-20,10-K,0000820027-25-000013,364,EXACT_PERIOD_ANNUAL_FORM_ANNUAL_DURATION_PREREGISTERED_CONCEPT
AMP,0000820027,diluted_shares_yoy,-0.045675413022351785,,,,,,,,,,,DETERMINISTIC_DERIVATION_FROM_CANDIDATE_PRIMARY_FACTS
AMP,0000820027,fcf_per_share_cagr3,0.30774142348465827,,,,,,,,,,,DETERMINISTIC_DERIVATION_FROM_CANDIDATE_PRIMARY_FACTS
AOS,0000091142,annual_diluted_shares,141914840.0,https://data.sec.gov/api/xbrl/companyfacts/CIK0000091142.json,us-gaap,WeightedAverageNumberOfDilutedSharesOutstanding,shares,2025-01-01,2025-12-31,2026-02-10,10-K,0000091142-26-000008,364,EXACT_PERIOD_ANNUAL_FORM_ANNUAL_DURATION_PREREGISTERED_CONCEPT
AOS,0000091142,prior_diluted_shares,147084080.0,https://data.sec.gov/api/xbrl/companyfacts/CIK0000091142.json,us-gaap,WeightedAverageNumberOfDilutedSharesOutstanding,shares,2024-01-01,2024-12-31,2026-02-10,10-K,0000091142-26-000008,365,EXACT_PERIOD_ANNUAL_FORM_ANNUAL_DURATION_PREREGISTERED_CONCEPT
AOS,0000091142,fy_minus_3_diluted_shares,155779364.0,https://data.sec.gov/api/xbrl/companyfacts/CIK0000091142.json,us-gaap,WeightedAverageNumberOfDilutedSharesOutstanding,shares,2022-01-01,2022-12-31,2024-02-13,10-K,0000091142-24-000041,364,EXACT_PERIOD_ANNUAL_FORM_ANNUAL_DURATION_PREREGISTERED_CONCEPT
AOS,0000091142,diluted_shares_yoy,-0.03514479609213994,,,,,,,,,,,DETERMINISTIC_DERIVATION_FROM_CANDIDATE_PRIMARY_FACTS
AOS,0000091142,fcf_per_share_cagr3,0.23124595639747447,,,,,,,,,,,DETERMINISTIC_DERIVATION_FROM_CANDIDATE_PRIMARY_FACTS
APA,0001841666,annual_sbc,107000000.0,https://data.sec.gov/api/xbrl/companyfacts/CIK0001841666.json,us-gaap,AllocatedShareBasedCompensationExpense,USD,2025-01-01,2025-12-31,2026-02-26,10-K,0001841666-26-000015,364,EXACT_PERIOD_ANNUAL_FORM_ANNUAL_DURATION_PREREGISTERED_CONCEPT
AWK,0001410636,annual_revenue,5121000000.0,https://data.sec.gov/api/xbrl/companyfacts/CIK0001410636.json,us-gaap,RevenueFromContractWithCustomerExcludingAssessedTax,USD,2025-01-01,2025-12-31,2026-02-18,10-K,0001410636-26-000034,364,EXACT_PERIOD_ANNUAL_FORM_ANNUAL_DURATION_PREREGISTERED_CONCEPT
AWK,0001410636,fy_minus_3_revenue,3763000000.0,https://data.sec.gov/api/xbrl/companyfacts/CIK0001410636.json,us-gaap,RevenueFromContractWithCustomerExcludingAssessedTax,USD,2022-01-01,2022-12-31,2025-02-19,10-K,0001410636-25-000022,364,EXACT_PERIOD_ANNUAL_FORM_ANNUAL_DURATION_PREREGISTERED_CONCEPT
AWK,0001410636,annual_sbc,32000000.0,https://data.sec.gov/api/xbrl/companyfacts/CIK0001410636.json,us-gaap,AllocatedShareBasedCompensationExpense,USD,2025-01-01,2025-12-31,2026-02-18,10-K,0001410636-26-000034,364,EXACT_PERIOD_ANNUAL_FORM_ANNUAL_DURATION_PREREGISTERED_CONCEPT
AWK,0001410636,revenue_cagr3,0.10817118293240635,,,,,,,,,,,DETERMINISTIC_DERIVATION_FROM_CANDIDATE_PRIMARY_FACTS
AWK,0001410636,sbc_to_revenue,0.006248779535247022,,,,,,,,,,,DETERMINISTIC_DERIVATION_FROM_CANDIDATE_PRIMARY_FACTS
BALL,0000009389,annual_revenue,13161000000.0,https://data.sec.gov/api/xbrl/companyfacts/CIK0000009389.json,us-gaap,RevenueFromContractWithCustomerIncludingAssessedTax,USD,2025-01-01,2025-12-31,2026-02-19,10-K,0001104659-26-017410,364,EXACT_PERIOD_ANNUAL_FORM_ANNUAL_DURATION_PREREGISTERED_CONCEPT
BALL,0000009389,fy_minus_3_revenue,13372000000.0,https://data.sec.gov/api/xbrl/companyfacts/CIK0000009389.json,us-gaap,RevenueFromContractWithCustomerIncludingAssessedTax,USD,2022-01-01,2022-12-31,2025-02-20,10-K,0001558370-25-001190,364,EXACT_PERIOD_ANNUAL_FORM_ANNUAL_DURATION_PREREGISTERED_CONCEPT
BALL,0000009389,annual_sbc,28000000.0,https://data.sec.gov/api/xbrl/companyfacts/CIK0000009389.json,us-gaap,AllocatedShareBasedCompensationExpense,USD,2025-01-01,2025-12-31,2026-02-19,10-K,0001104659-26-017410,364,EXACT_PERIOD_ANNUAL_FORM_ANNUAL_DURATION_PREREGISTERED_CONCEPT
BALL,0000009389,revenue_cagr3,-0.005287656768822813,,,,,,,,,,,DETERMINISTIC_DERIVATION_FROM_CANDIDATE_PRIMARY_FACTS
BALL,0000009389,sbc_to_revenue,0.0021274979104931235,,,,,,,,,,,DETERMINISTIC_DERIVATION_FROM_CANDIDATE_PRIMARY_FACTS
BBY,0000764478,annual_revenue,41691000000.0,https://data.sec.gov/api/xbrl/companyfacts/CIK0000764478.json,us-gaap,RevenueFromContractWithCustomerIncludingAssessedTax,USD,2025-02-02,2026-01-31,2026-03-18,10-K,0000764478-26-000009,363,EXACT_PERIOD_ANNUAL_FORM_ANNUAL_DURATION_PREREGISTERED_CONCEPT
BBY,0000764478,sbc_to_revenue,0.0033340529130987504,,,,,,,,,,,DETERMINISTIC_DERIVATION_FROM_CANDIDATE_PRIMARY_FACTS
CAT,0000018230,annual_sbc,242000000.0,https://data.sec.gov/api/xbrl/companyfacts/CIK0000018230.json,us-gaap,AllocatedShareBasedCompensationExpense,USD,2025-01-01,2025-12-31,2026-02-13,10-K,0000018230-26-000008,364,EXACT_PERIOD_ANNUAL_FORM_ANNUAL_DURATION_PREREGISTERED_CONCEPT
CAT,0000018230,sbc_to_revenue,0.003580464276731421,,,,,,,,,,,DETERMINISTIC_DERIVATION_FROM_CANDIDATE_PRIMARY_FACTS
CCL,0000815097,annual_diluted_shares,1402000000.0,https://data.sec.gov/api/xbrl/companyfacts/CIK0000815097.json,us-gaap,WeightedAverageNumberOfDilutedSharesOutstanding,shares,2024-12-01,2025-11-30,2026-01-27,10-K,0000815097-26-000007,364,EXACT_PERIOD_ANNUAL_FORM_ANNUAL_DURATION_PREREGISTERED_CONCEPT
CCL,0000815097,prior_diluted_shares,1398000000.0,https://data.sec.gov/api/xbrl/companyfacts/CIK0000815097.json,us-gaap,WeightedAverageNumberOfDilutedSharesOutstanding,shares,2023-12-01,2024-11-30,2026-01-27,10-K,0000815097-26-000007,365,EXACT_PERIOD_ANNUAL_FORM_ANNUAL_DURATION_PREREGISTERED_CONCEPT
CCL,0000815097,fy_minus_3_diluted_shares,1180000000.0,https://data.sec.gov/api/xbrl/companyfacts/CIK0000815097.json,us-gaap,WeightedAverageNumberOfDilutedSharesOutstanding,shares,2021-12-01,2022-11-30,2025-01-27,10-K,0000815097-25-000007,364,EXACT_PERIOD_ANNUAL_FORM_ANNUAL_DURATION_PREREGISTERED_CONCEPT
CCL,0000815097,diluted_shares_yoy,0.0028612303290413976,,,,,,,,,,,DETERMINISTIC_DERIVATION_FROM_CANDIDATE_PRIMARY_FACTS
CEG,0001868275,annual_revenue,22663000000.0,https://data.sec.gov/api/xbrl/companyfacts/CIK0001868275.json,us-gaap,RevenueFromContractWithCustomerExcludingAssessedTax,USD,2025-01-01,2025-12-31,2026-02-24,10-K,0001868275-26-000032,364,EXACT_PERIOD_ANNUAL_FORM_ANNUAL_DURATION_PREREGISTERED_CONCEPT
CEG,0001868275,annual_sbc,385000000.0,https://data.sec.gov/api/xbrl/companyfacts/CIK0001868275.json,us-gaap,AllocatedShareBasedCompensationExpense,USD,2025-01-01,2025-12-31,2026-02-24,10-K,0001868275-26-000032,364,EXACT_PERIOD_ANNUAL_FORM_ANNUAL_DURATION_PREREGISTERED_CONCEPT
CEG,0001868275,revenue_cagr3,-0.024848561521353285,,,,,,,,,,,DETERMINISTIC_DERIVATION_FROM_CANDIDATE_PRIMARY_FACTS
CEG,0001868275,sbc_to_revenue,0.016988042183294357,,,,,,,,,,,DETERMINISTIC_DERIVATION_FROM_CANDIDATE_PRIMARY_FACTS
CL,0000021665,annual_diluted_shares,811100000.0,https://data.sec.gov/api/xbrl/companyfacts/CIK0000021665.json,us-gaap,WeightedAverageNumberOfDilutedSharesOutstanding,shares,2025-01-01,2025-12-31,2026-02-23,10-K,0000021665-26-000006,364,EXACT_PERIOD_ANNUAL_FORM_ANNUAL_DURATION_PREREGISTERED_CONCEPT
CL,0000021665,prior_diluted_shares,823200000.0,https://data.sec.gov/api/xbrl/companyfacts/CIK0000021665.json,us-gaap,WeightedAverageNumberOfDilutedSharesOutstanding,shares,2024-01-01,2024-12-31,2026-02-23,10-K,0000021665-26-000006,365,EXACT_PERIOD_ANNUAL_FORM_ANNUAL_DURATION_PREREGISTERED_CONCEPT
CL,0000021665,fy_minus_3_diluted_shares,838800000.0,https://data.sec.gov/api/xbrl/companyfacts/CIK0000021665.json,us-gaap,WeightedAverageNumberOfDilutedSharesOutstanding,shares,2022-01-01,2022-12-31,2025-02-13,10-K,0000021665-25-000008,364,EXACT_PERIOD_ANNUAL_FORM_ANNUAL_DURATION_PREREGISTERED_CONCEPT
CL,0000021665,diluted_shares_yoy,-0.0146987366375122,,,,,,,,,,,DETERMINISTIC_DERIVATION_FROM_CANDIDATE_PRIMARY_FACTS
CL,0000021665,fcf_per_share_cagr3,0.26420838463715346,,,,,,,,,,,DETERMINISTIC_DERIVATION_FROM_CANDIDATE_PRIMARY_FACTS
CMCSA,0001166691,annual_diluted_shares,3709000000.0,https://data.sec.gov/api/xbrl/companyfacts/CIK0001166691.json,us-gaap,WeightedAverageNumberOfDilutedSharesOutstanding,shares,2025-01-01,2025-12-31,2026-02-03,10-K,0001628280-26-004994,364,EXACT_PERIOD_ANNUAL_FORM_ANNUAL_DURATION_PREREGISTERED_CONCEPT
CMCSA,0001166691,prior_diluted_shares,3908000000.0,https://data.sec.gov/api/xbrl/companyfacts/CIK0001166691.json,us-gaap,WeightedAverageNumberOfDilutedSharesOutstanding,shares,2024-01-01,2024-12-31,2026-02-03,10-K,0001628280-26-004994,365,EXACT_PERIOD_ANNUAL_FORM_ANNUAL_DURATION_PREREGISTERED_CONCEPT
CMCSA,0001166691,fy_minus_3_diluted_shares,4430000000.0,https://data.sec.gov/api/xbrl/companyfacts/CIK0001166691.json,us-gaap,WeightedAverageNumberOfDilutedSharesOutstanding,shares,2022-01-01,2022-12-31,2025-01-31,10-K,0001166691-25-000011,364,EXACT_PERIOD_ANNUAL_FORM_ANNUAL_DURATION_PREREGISTERED_CONCEPT
CMCSA,0001166691,diluted_shares_yoy,-0.050921187308085925,,,,,,,,,,,DETERMINISTIC_DERIVATION_FROM_CANDIDATE_PRIMARY_FACTS
CMCSA,0001166691,fcf_per_share_cagr3,0.1831800919526423,,,,,,,,,,,DETERMINISTIC_DERIVATION_FROM_CANDIDATE_PRIMARY_FACTS
CMI,0000026172,annual_diluted_shares,138700000.0,https://data.sec.gov/api/xbrl/companyfacts/CIK0000026172.json,us-gaap,WeightedAverageNumberOfDilutedSharesOutstanding,shares,2025-01-01,2025-12-31,2026-02-10,10-K,0000026172-26-000009,364,EXACT_PERIOD_ANNUAL_FORM_ANNUAL_DURATION_PREREGISTERED_CONCEPT
CMI,0000026172,prior_diluted_shares,139100000.0,https://data.sec.gov/api/xbrl/companyfacts/CIK0000026172.json,us-gaap,WeightedAverageNumberOfDilutedSharesOutstanding,shares,2024-01-01,2024-12-31,2026-02-10,10-K,0000026172-26-000009,365,EXACT_PERIOD_ANNUAL_FORM_ANNUAL_DURATION_PREREGISTERED_CONCEPT
CMI,0000026172,fy_minus_3_diluted_shares,142300000.0,https://data.sec.gov/api/xbrl/companyfacts/CIK0000026172.json,us-gaap,WeightedAverageNumberOfDilutedSharesOutstanding,shares,2022-01-01,2022-12-31,2025-02-11,10-K,0000026172-25-000007,364,EXACT_PERIOD_ANNUAL_FORM_ANNUAL_DURATION_PREREGISTERED_CONCEPT
CMI,0000026172,annual_sbc,93000000.0,https://data.sec.gov/api/xbrl/companyfacts/CIK0000026172.json,us-gaap,AllocatedShareBasedCompensationExpense,USD,2025-01-01,2025-12-31,2026-02-10,10-K,0000026172-26-000009,364,EXACT_PERIOD_ANNUAL_FORM_ANNUAL_DURATION_PREREGISTERED_CONCEPT
CMI,0000026172,diluted_shares_yoy,-0.0028756290438533005,,,,,,,,,,,DETERMINISTIC_DERIVATION_FROM_CANDIDATE_PRIMARY_FACTS
CMI,0000026172,fcf_per_share_cagr3,0.3276667061487397,,,,,,,,,,,DETERMINISTIC_DERIVATION_FROM_CANDIDATE_PRIMARY_FACTS
CMI,0000026172,sbc_to_revenue,0.002762102762102762,,,,,,,,,,,DETERMINISTIC_DERIVATION_FROM_CANDIDATE_PRIMARY_FACTS
CMS,0000811156,annual_diluted_shares,301000000.0,https://data.sec.gov/api/xbrl/companyfacts/CIK0000811156.json,us-gaap,WeightedAverageNumberOfDilutedSharesOutstanding,shares,2025-01-01,2025-12-31,2026-02-10,10-K,0000811156-26-000004,364,EXACT_PERIOD_ANNUAL_FORM_ANNUAL_DURATION_PREREGISTERED_CONCEPT
CMS,0000811156,prior_diluted_shares,298300000.0,https://data.sec.gov/api/xbrl/companyfacts/CIK0000811156.json,us-gaap,WeightedAverageNumberOfDilutedSharesOutstanding,shares,2024-01-01,2024-12-31,2026-02-10,10-K,0000811156-26-000004,365,EXACT_PERIOD_ANNUAL_FORM_ANNUAL_DURATION_PREREGISTERED_CONCEPT
CMS,0000811156,fy_minus_3_diluted_shares,290000000.0,https://data.sec.gov/api/xbrl/companyfacts/CIK0000811156.json,us-gaap,WeightedAverageNumberOfDilutedSharesOutstanding,shares,2022-01-01,2022-12-31,2025-02-11,10-K,0000811156-25-000036,364,EXACT_PERIOD_ANNUAL_FORM_ANNUAL_DURATION_PREREGISTERED_CONCEPT
CMS,0000811156,diluted_shares_yoy,0.009051290646999721,,,,,,,,,,,DETERMINISTIC_DERIVATION_FROM_CANDIDATE_PRIMARY_FACTS
CPRT,0000900075,annual_revenue,4646958000.0,https://data.sec.gov/api/xbrl/companyfacts/CIK0000900075.json,us-gaap,RevenueFromContractWithCustomerIncludingAssessedTax,USD,2024-08-01,2025-07-31,2025-09-26,10-K,0001628280-25-042946,364,EXACT_PERIOD_ANNUAL_FORM_ANNUAL_DURATION_PREREGISTERED_CONCEPT
CPRT,0000900075,fy_minus_3_revenue,3500921000.0,https://data.sec.gov/api/xbrl/companyfacts/CIK0000900075.json,us-gaap,RevenueFromContractWithCustomerIncludingAssessedTax,USD,2021-08-01,2022-07-31,2024-09-30,10-K,0000900075-24-000024,364,EXACT_PERIOD_ANNUAL_FORM_ANNUAL_DURATION_PREREGISTERED_CONCEPT
CPRT,0000900075,revenue_cagr3,0.0989943984010011,,,,,,,,,,,DETERMINISTIC_DERIVATION_FROM_CANDIDATE_PRIMARY_FACTS
CPRT,0000900075,sbc_to_revenue,0.008178253386408915,,,,,,,,,,,DETERMINISTIC_DERIVATION_FROM_CANDIDATE_PRIMARY_FACTS
CRH,0000849395,fy_minus_3_revenue,32723000000.0,https://data.sec.gov/api/xbrl/companyfacts/CIK0000849395.json,us-gaap,RevenueFromContractWithCustomerExcludingAssessedTax,USD,2022-01-01,2022-12-31,2025-02-26,10-K,0001628280-25-008179,364,EXACT_PERIOD_ANNUAL_FORM_ANNUAL_DURATION_PREREGISTERED_CONCEPT
CRH,0000849395,fy_minus_3_operating_cash_flow,3800000000.0,https://data.sec.gov/api/xbrl/companyfacts/CIK0000849395.json,us-gaap,NetCashProvidedByUsedInOperatingActivities,USD,2022-01-01,2022-12-31,2025-02-26,10-K,0001628280-25-008179,364,EXACT_PERIOD_ANNUAL_FORM_ANNUAL_DURATION_PREREGISTERED_CONCEPT
CRH,0000849395,fy_minus_3_capex,1523000000.0,https://data.sec.gov/api/xbrl/companyfacts/CIK0000849395.json,us-gaap,PaymentsToAcquirePropertyPlantAndEquipment,USD,2022-01-01,2022-12-31,2025-02-26,10-K,0001628280-25-008179,364,EXACT_PERIOD_ANNUAL_FORM_ANNUAL_DURATION_PREREGISTERED_CONCEPT
CRH,0000849395,fy_minus_3_diluted_shares,764100000.0,https://data.sec.gov/api/xbrl/companyfacts/CIK0000849395.json,us-gaap,WeightedAverageNumberOfDilutedSharesOutstanding,shares,2022-01-01,2022-12-31,2025-02-26,10-K,0001628280-25-008179,364,EXACT_PERIOD_ANNUAL_FORM_ANNUAL_DURATION_PREREGISTERED_CONCEPT
CRH,0000849395,revenue_cagr3,0.045975003842854356,,,,,,,,,,,DETERMINISTIC_DERIVATION_FROM_CANDIDATE_PRIMARY_FACTS
CRH,0000849395,fcf_per_share_cagr3,0.13013404207886436,,,,,,,,,,,DETERMINISTIC_DERIVATION_FROM_CANDIDATE_PRIMARY_FACTS
CRH,0000849395,fcf_cagr3,0.08544905949233872,,,,,,,,,,,DETERMINISTIC_DERIVATION_FROM_CANDIDATE_PRIMARY_FACTS
CSX,0000277948,annual_sbc,54000000.0,https://data.sec.gov/api/xbrl/companyfacts/CIK0000277948.json,us-gaap,AllocatedShareBasedCompensationExpense,USD,2025-01-01,2025-12-31,2026-02-12,10-K,0000277948-26-000006,364,EXACT_PERIOD_ANNUAL_FORM_ANNUAL_DURATION_PREREGISTERED_CONCEPT
CSX,0000277948,sbc_to_revenue,0.0038319613965370424,,,,,,,,,,,DETERMINISTIC_DERIVATION_FROM_CANDIDATE_PRIMARY_FACTS
CTAS,0000723254,annual_diluted_shares,410286000.0,https://data.sec.gov/api/xbrl/companyfacts/CIK0000723254.json,us-gaap,WeightedAverageNumberOfDilutedSharesOutstanding,shares,2024-06-01,2025-05-31,2026-07-29,10-K,0000723254-26-000028,364,EXACT_PERIOD_ANNUAL_FORM_ANNUAL_DURATION_PREREGISTERED_CONCEPT
CTAS,0000723254,prior_diluted_shares,413468000.0,https://data.sec.gov/api/xbrl/companyfacts/CIK0000723254.json,us-gaap,WeightedAverageNumberOfDilutedSharesOutstanding,shares,2023-06-01,2024-05-31,2026-07-29,10-K,0000723254-26-000028,365,EXACT_PERIOD_ANNUAL_FORM_ANNUAL_DURATION_PREREGISTERED_CONCEPT
CTAS,0000723254,fy_minus_3_diluted_shares,105523000.0,https://data.sec.gov/api/xbrl/companyfacts/CIK0000723254.json,us-gaap,WeightedAverageNumberOfDilutedSharesOutstanding,shares,2021-06-01,2022-05-31,2024-07-25,10-K,0000723254-24-000036,364,EXACT_PERIOD_ANNUAL_FORM_ANNUAL_DURATION_PREREGISTERED_CONCEPT
CTAS,0000723254,diluted_shares_yoy,-0.007695879729507471,,,,,,,,,,,DETERMINISTIC_DERIVATION_FROM_CANDIDATE_PRIMARY_FACTS
CTAS,0000723254,fcf_per_share_cagr3,-0.29632673885116323,,,,,,,,,,,DETERMINISTIC_DERIVATION_FROM_CANDIDATE_PRIMARY_FACTS
CTVA,0001755672,annual_diluted_shares,681400000.0,https://data.sec.gov/api/xbrl/companyfacts/CIK0001755672.json,us-gaap,WeightedAverageNumberOfDilutedSharesOutstanding,shares,2025-01-01,2025-12-31,2026-02-12,10-K,0001755672-26-000004,364,EXACT_PERIOD_ANNUAL_FORM_ANNUAL_DURATION_PREREGISTERED_CONCEPT
CTVA,0001755672,prior_diluted_shares,696000000.0,https://data.sec.gov/api/xbrl/companyfacts/CIK0001755672.json,us-gaap,WeightedAverageNumberOfDilutedSharesOutstanding,shares,2024-01-01,2024-12-31,2026-02-12,10-K,0001755672-26-000004,365,EXACT_PERIOD_ANNUAL_FORM_ANNUAL_DURATION_PREREGISTERED_CONCEPT
CTVA,0001755672,fy_minus_3_diluted_shares,724500000.0,https://data.sec.gov/api/xbrl/companyfacts/CIK0001755672.json,us-gaap,WeightedAverageNumberOfDilutedSharesOutstanding,shares,2022-01-01,2022-12-31,2025-02-14,10-K,0001755672-25-000005,364,EXACT_PERIOD_ANNUAL_FORM_ANNUAL_DURATION_PREREGISTERED_CONCEPT
CTVA,0001755672,diluted_shares_yoy,-0.020977011494252906,,,,,,,,,,,DETERMINISTIC_DERIVATION_FROM_CANDIDATE_PRIMARY_FACTS
CTVA,0001755672,fcf_per_share_cagr3,1.2380397688958449,,,,,,,,,,,DETERMINISTIC_DERIVATION_FROM_CANDIDATE_PRIMARY_FACTS
D,0000715957,annual_diluted_shares,855300000.0,https://data.sec.gov/api/xbrl/companyfacts/CIK0000715957.json,us-gaap,WeightedAverageNumberOfDilutedSharesOutstanding,shares,2025-01-01,2025-12-31,2026-02-23,10-K,0001193125-26-063120,364,EXACT_PERIOD_ANNUAL_FORM_ANNUAL_DURATION_PREREGISTERED_CONCEPT
D,0000715957,prior_diluted_shares,839400000.0,https://data.sec.gov/api/xbrl/companyfacts/CIK0000715957.json,us-gaap,WeightedAverageNumberOfDilutedSharesOutstanding,shares,2024-01-01,2024-12-31,2026-02-23,10-K,0001193125-26-063120,365,EXACT_PERIOD_ANNUAL_FORM_ANNUAL_DURATION_PREREGISTERED_CONCEPT
D,0000715957,fy_minus_3_diluted_shares,824800000.0,https://data.sec.gov/api/xbrl/companyfacts/CIK0000715957.json,us-gaap,WeightedAverageNumberOfDilutedSharesOutstanding,shares,2022-01-01,2022-12-31,2025-02-27,10-K,0000950170-25-028387,364,EXACT_PERIOD_ANNUAL_FORM_ANNUAL_DURATION_PREREGISTERED_CONCEPT
D,0000715957,annual_sbc,46000000.0,https://data.sec.gov/api/xbrl/companyfacts/CIK0000715957.json,us-gaap,AllocatedShareBasedCompensationExpense,USD,2025-01-01,2025-12-31,2026-02-23,10-K,0001193125-26-063120,364,EXACT_PERIOD_ANNUAL_FORM_ANNUAL_DURATION_PREREGISTERED_CONCEPT
D,0000715957,diluted_shares_yoy,0.018942101501072228,,,,,,,,,,,DETERMINISTIC_DERIVATION_FROM_CANDIDATE_PRIMARY_FACTS
D,0000715957,sbc_to_revenue,0.0027868653822852294,,,,,,,,,,,DETERMINISTIC_DERIVATION_FROM_CANDIDATE_PRIMARY_FACTS
DAL,0000027904,annual_capex,4499000000.0,https://data.sec.gov/api/xbrl/companyfacts/CIK0000027904.json,us-gaap,PaymentsToAcquireProductiveAssets,USD,2025-01-01,2025-12-31,2026-02-11,10-K,0000027904-26-000013,364,EXACT_PERIOD_ANNUAL_FORM_ANNUAL_DURATION_PREREGISTERED_CONCEPT
DAL,0000027904,fy_minus_3_capex,6366000000.0,https://data.sec.gov/api/xbrl/companyfacts/CIK0000027904.json,us-gaap,PaymentsToAcquireProductiveAssets,USD,2022-01-01,2022-12-31,2025-02-11,10-K,0000027904-25-000004,364,EXACT_PERIOD_ANNUAL_FORM_ANNUAL_DURATION_PREREGISTERED_CONCEPT
DAL,0000027904,annual_diluted_shares,654000000.0,https://data.sec.gov/api/xbrl/companyfacts/CIK0000027904.json,us-gaap,WeightedAverageNumberOfDilutedSharesOutstanding,shares,2025-01-01,2025-12-31,2026-02-11,10-K,0000027904-26-000013,364,EXACT_PERIOD_ANNUAL_FORM_ANNUAL_DURATION_PREREGISTERED_CONCEPT
DAL,0000027904,prior_diluted_shares,648000000.0,https://data.sec.gov/api/xbrl/companyfacts/CIK0000027904.json,us-gaap,WeightedAverageNumberOfDilutedSharesOutstanding,shares,2024-01-01,2024-12-31,2026-02-11,10-K,0000027904-26-000013,365,EXACT_PERIOD_ANNUAL_FORM_ANNUAL_DURATION_PREREGISTERED_CONCEPT
DAL,0000027904,fy_minus_3_diluted_shares,641000000.0,https://data.sec.gov/api/xbrl/companyfacts/CIK0000027904.json,us-gaap,WeightedAverageNumberOfDilutedSharesOutstanding,shares,2022-01-01,2022-12-31,2025-02-11,10-K,0000027904-25-000004,364,EXACT_PERIOD_ANNUAL_FORM_ANNUAL_DURATION_PREREGISTERED_CONCEPT
DAL,0000027904,annual_sbc,313000000.0,https://data.sec.gov/api/xbrl/companyfacts/CIK0000027904.json,us-gaap,AllocatedShareBasedCompensationExpense,USD,2025-01-01,2025-12-31,2026-02-11,10-K,0000027904-26-000013,364,EXACT_PERIOD_ANNUAL_FORM_ANNUAL_DURATION_PREREGISTERED_CONCEPT
DAL,0000027904,diluted_shares_yoy,0.0092592592592593,,,,,,,,,,,DETERMINISTIC_DERIVATION_FROM_CANDIDATE_PRIMARY_FACTS
DAL,0000027904,annual_fcf,3843000000.0,,,,,,,,,,,DETERMINISTIC_DERIVATION_FROM_CANDIDATE_PRIMARY_FACTS
DAL,0000027904,sbc_to_revenue,0.004939713401931696,,,,,,,,,,,DETERMINISTIC_DERIVATION_FROM_CANDIDATE_PRIMARY_FACTS
DELL,0001571996,prior_diluted_shares,720000000.0,https://data.sec.gov/api/xbrl/companyfacts/CIK0001571996.json,us-gaap,WeightedAverageNumberOfDilutedSharesOutstanding,shares,2024-02-03,2025-01-31,2026-03-16,10-K,0001571996-26-000008,363,EXACT_PERIOD_ANNUAL_FORM_ANNUAL_DURATION_PREREGISTERED_CONCEPT
DGX,0001022079,annual_diluted_shares,113000000.0,https://data.sec.gov/api/xbrl/companyfacts/CIK0001022079.json,us-gaap,WeightedAverageNumberOfDilutedSharesOutstanding,shares,2025-01-01,2025-12-31,2026-02-26,10-K,0001022079-26-000015,364,EXACT_PERIOD_ANNUAL_FORM_ANNUAL_DURATION_PREREGISTERED_CONCEPT
DGX,0001022079,prior_diluted_shares,113000000.0,https://data.sec.gov/api/xbrl/companyfacts/CIK0001022079.json,us-gaap,WeightedAverageNumberOfDilutedSharesOutstanding,shares,2024-01-01,2024-12-31,2026-02-26,10-K,0001022079-26-000015,365,EXACT_PERIOD_ANNUAL_FORM_ANNUAL_DURATION_PREREGISTERED_CONCEPT
DGX,0001022079,fy_minus_3_diluted_shares,118000000.0,https://data.sec.gov/api/xbrl/companyfacts/CIK0001022079.json,us-gaap,WeightedAverageNumberOfDilutedSharesOutstanding,shares,2022-01-01,2022-12-31,2025-02-20,10-K,0001022079-25-000044,364,EXACT_PERIOD_ANNUAL_FORM_ANNUAL_DURATION_PREREGISTERED_CONCEPT
DGX,0001022079,diluted_shares_yoy,0.0,,,,,,,,,,,DETERMINISTIC_DERIVATION_FROM_CANDIDATE_PRIMARY_FACTS
DGX,0001022079,fcf_per_share_cagr3,0.02598863903295001,,,,,,,,,,,DETERMINISTIC_DERIVATION_FROM_CANDIDATE_PRIMARY_FACTS
DUK,0001326160,annual_revenue,31741000000.0,https://data.sec.gov/api/xbrl/companyfacts/CIK0001326160.json,us-gaap,RevenueFromContractWithCustomerIncludingAssessedTax,USD,2025-01-01,2025-12-31,2026-02-26,10-K,0001326160-26-000014,364,EXACT_PERIOD_ANNUAL_FORM_ANNUAL_DURATION_PREREGISTERED_CONCEPT
DUK,0001326160,fy_minus_3_revenue,28675000000.0,https://data.sec.gov/api/xbrl/companyfacts/CIK0001326160.json,us-gaap,RevenueFromContractWithCustomerIncludingAssessedTax,USD,2022-01-01,2022-12-31,2025-02-27,10-K,0001326160-25-000072,364,EXACT_PERIOD_ANNUAL_FORM_ANNUAL_DURATION_PREREGISTERED_CONCEPT
DUK,0001326160,annual_sbc,102000000.0,https://data.sec.gov/api/xbrl/companyfacts/CIK0001326160.json,us-gaap,AllocatedShareBasedCompensationExpense,USD,2025-01-01,2025-12-31,2026-02-26,10-K,0001326160-26-000014,364,EXACT_PERIOD_ANNUAL_FORM_ANNUAL_DURATION_PREREGISTERED_CONCEPT
DUK,0001326160,revenue_cagr3,0.034441001720580955,,,,,,,,,,,DETERMINISTIC_DERIVATION_FROM_CANDIDATE_PRIMARY_FACTS
DUK,0001326160,sbc_to_revenue,0.0032135093412305853,,,,,,,,,,,DETERMINISTIC_DERIVATION_FROM_CANDIDATE_PRIMARY_FACTS
DVN,0001090012,fy_minus_3_operating_cash_flow,8530000000.0,https://data.sec.gov/api/xbrl/companyfacts/CIK0001090012.json,us-gaap,NetCashProvidedByUsedInOperatingActivities,USD,2022-01-01,2022-12-31,2025-02-19,10-K,0000950170-25-022844,364,EXACT_PERIOD_ANNUAL_FORM_ANNUAL_DURATION_PREREGISTERED_CONCEPT
DVN,0001090012,annual_diluted_shares,633000000.0,https://data.sec.gov/api/xbrl/companyfacts/CIK0001090012.json,us-gaap,WeightedAverageNumberOfDilutedSharesOutstanding,shares,2025-01-01,2025-12-31,2026-02-18,10-K,0001193125-26-056485,364,EXACT_PERIOD_ANNUAL_FORM_ANNUAL_DURATION_PREREGISTERED_CONCEPT
DVN,0001090012,prior_diluted_shares,634000000.0,https://data.sec.gov/api/xbrl/companyfacts/CIK0001090012.json,us-gaap,WeightedAverageNumberOfDilutedSharesOutstanding,shares,2024-01-01,2024-12-31,2026-02-18,10-K,0001193125-26-056485,365,EXACT_PERIOD_ANNUAL_FORM_ANNUAL_DURATION_PREREGISTERED_CONCEPT
DVN,0001090012,fy_minus_3_diluted_shares,653000000.0,https://data.sec.gov/api/xbrl/companyfacts/CIK0001090012.json,us-gaap,WeightedAverageNumberOfDilutedSharesOutstanding,shares,2022-01-01,2022-12-31,2025-02-19,10-K,0000950170-25-022844,364,EXACT_PERIOD_ANNUAL_FORM_ANNUAL_DURATION_PREREGISTERED_CONCEPT
DVN,0001090012,diluted_shares_yoy,-0.001577287066246047,,,,,,,,,,,DETERMINISTIC_DERIVATION_FROM_CANDIDATE_PRIMARY_FACTS
DVN,0001090012,fcf_per_share_cagr3,-0.18701783526191218,,,,,,,,,,,DETERMINISTIC_DERIVATION_FROM_CANDIDATE_PRIMARY_FACTS
DVN,0001090012,fcf_cagr3,-0.19540401508676308,,,,,,,,,,,DETERMINISTIC_DERIVATION_FROM_CANDIDATE_PRIMARY_FACTS
EIX,0000827052,annual_sbc,57000000.0,https://data.sec.gov/api/xbrl/companyfacts/CIK0000827052.json,us-gaap,AllocatedShareBasedCompensationExpense,USD,2025-01-01,2025-12-31,2026-02-18,10-K,0000827052-26-000012,364,EXACT_PERIOD_ANNUAL_FORM_ANNUAL_DURATION_PREREGISTERED_CONCEPT
EIX,0000827052,sbc_to_revenue,0.0029507687529119427,,,,,,,,,,,DETERMINISTIC_DERIVATION_FROM_CANDIDATE_PRIMARY_FACTS
ES,0000072741,annual_sbc,33600000.0,https://data.sec.gov/api/xbrl/companyfacts/CIK0000072741.json,us-gaap,AllocatedShareBasedCompensationExpense,USD,2025-01-01,2025-12-31,2026-02-17,10-K,0001628280-26-008461,364,EXACT_PERIOD_ANNUAL_FORM_ANNUAL_DURATION_PREREGISTERED_CONCEPT
ES,0000072741,sbc_to_revenue,0.002480209258798321,,,,,,,,,,,DETERMINISTIC_DERIVATION_FROM_CANDIDATE_PRIMARY_FACTS
FE,0001031296,annual_sbc,39000000.0,https://data.sec.gov/api/xbrl/companyfacts/CIK0001031296.json,us-gaap,EmployeeServiceShareBasedCompensationAllocationOfRecognizedPeriodCostsCapitalizedAmount,USD,2025-01-01,2025-12-31,2026-02-18,10-K,0001031296-26-000046,364,EXACT_PERIOD_ANNUAL_FORM_ANNUAL_DURATION_PREREGISTERED_CONCEPT
FE,0001031296,sbc_to_revenue,0.002584493041749503,,,,,,,,,,,DETERMINISTIC_DERIVATION_FROM_CANDIDATE_PRIMARY_FACTS
FOX,0001754301,annual_diluted_shares,461000000.0,https://data.sec.gov/api/xbrl/companyfacts/CIK0001754301.json,us-gaap,WeightedAverageNumberOfDilutedSharesOutstanding,shares,2024-07-01,2025-06-30,2026-08-06,10-K,0001628280-26-053960,364,EXACT_PERIOD_ANNUAL_FORM_ANNUAL_DURATION_PREREGISTERED_CONCEPT
FOX,0001754301,prior_diluted_shares,480000000.0,https://data.sec.gov/api/xbrl/companyfacts/CIK0001754301.json,us-gaap,WeightedAverageNumberOfDilutedSharesOutstanding,shares,2023-07-01,2024-06-30,2026-08-06,10-K,0001628280-26-053960,365,EXACT_PERIOD_ANNUAL_FORM_ANNUAL_DURATION_PREREGISTERED_CONCEPT
FOX,0001754301,fy_minus_3_diluted_shares,570000000.0,https://data.sec.gov/api/xbrl/companyfacts/CIK0001754301.json,us-gaap,WeightedAverageNumberOfDilutedSharesOutstanding,shares,2021-07-01,2022-06-30,2024-08-08,10-K,0001628280-24-036123,364,EXACT_PERIOD_ANNUAL_FORM_ANNUAL_DURATION_PREREGISTERED_CONCEPT
FOX,0001754301,diluted_shares_yoy,-0.039583333333333304,,,,,,,,,,,DETERMINISTIC_DERIVATION_FROM_CANDIDATE_PRIMARY_FACTS
FOX,0001754301,fcf_per_share_cagr3,0.3288714917045157,,,,,,,,,,,DETERMINISTIC_DERIVATION_FROM_CANDIDATE_PRIMARY_FACTS
FOXA,0001754301,annual_diluted_shares,461000000.0,https://data.sec.gov/api/xbrl/companyfacts/CIK0001754301.json,us-gaap,WeightedAverageNumberOfDilutedSharesOutstanding,shares,2024-07-01,2025-06-30,2026-08-06,10-K,0001628280-26-053960,364,EXACT_PERIOD_ANNUAL_FORM_ANNUAL_DURATION_PREREGISTERED_CONCEPT
FOXA,0001754301,prior_diluted_shares,480000000.0,https://data.sec.gov/api/xbrl/companyfacts/CIK0001754301.json,us-gaap,WeightedAverageNumberOfDilutedSharesOutstanding,shares,2023-07-01,2024-06-30,2026-08-06,10-K,0001628280-26-053960,365,EXACT_PERIOD_ANNUAL_FORM_ANNUAL_DURATION_PREREGISTERED_CONCEPT
FOXA,0001754301,fy_minus_3_diluted_shares,570000000.0,https://data.sec.gov/api/xbrl/companyfacts/CIK0001754301.json,us-gaap,WeightedAverageNumberOfDilutedSharesOutstanding,shares,2021-07-01,2022-06-30,2024-08-08,10-K,0001628280-24-036123,364,EXACT_PERIOD_ANNUAL_FORM_ANNUAL_DURATION_PREREGISTERED_CONCEPT
FOXA,0001754301,diluted_shares_yoy,-0.039583333333333304,,,,,,,,,,,DETERMINISTIC_DERIVATION_FROM_CANDIDATE_PRIMARY_FACTS
FOXA,0001754301,fcf_per_share_cagr3,0.3288714917045157,,,,,,,,,,,DETERMINISTIC_DERIVATION_FROM_CANDIDATE_PRIMARY_FACTS
GD,0000040533,annual_diluted_shares,272425000.0,https://data.sec.gov/api/xbrl/companyfacts/CIK0000040533.json,us-gaap,WeightedAverageNumberOfDilutedSharesOutstanding,shares,2025-01-01,2025-12-31,2026-01-30,10-K,0000040533-26-000006,364,EXACT_PERIOD_ANNUAL_FORM_ANNUAL_DURATION_PREREGISTERED_CONCEPT
GD,0000040533,prior_diluted_shares,277485000.0,https://data.sec.gov/api/xbrl/companyfacts/CIK0000040533.json,us-gaap,WeightedAverageNumberOfDilutedSharesOutstanding,shares,2024-01-01,2024-12-31,2026-01-30,10-K,0000040533-26-000006,365,EXACT_PERIOD_ANNUAL_FORM_ANNUAL_DURATION_PREREGISTERED_CONCEPT
GD,0000040533,fy_minus_3_diluted_shares,278169000.0,https://data.sec.gov/api/xbrl/companyfacts/CIK0000040533.json,us-gaap,WeightedAverageNumberOfDilutedSharesOutstanding,shares,2022-01-01,2022-12-31,2025-02-07,10-K,0000040533-25-000008,364,EXACT_PERIOD_ANNUAL_FORM_ANNUAL_DURATION_PREREGISTERED_CONCEPT
GD,0000040533,diluted_shares_yoy,-0.018235219921797552,,,,,,,,,,,DETERMINISTIC_DERIVATION_FROM_CANDIDATE_PRIMARY_FACTS
GD,0000040533,fcf_per_share_cagr3,0.05272437184820178,,,,,,,,,,,DETERMINISTIC_DERIVATION_FROM_CANDIDATE_PRIMARY_FACTS
GLW,0000024741,annual_diluted_shares,871000000.0,https://data.sec.gov/api/xbrl/companyfacts/CIK0000024741.json,us-gaap,WeightedAverageNumberOfDilutedSharesOutstanding,shares,2025-01-01,2025-12-31,2026-02-12,10-K,0000024741-26-000124,364,EXACT_PERIOD_ANNUAL_FORM_ANNUAL_DURATION_PREREGISTERED_CONCEPT
GLW,0000024741,prior_diluted_shares,869000000.0,https://data.sec.gov/api/xbrl/companyfacts/CIK0000024741.json,us-gaap,WeightedAverageNumberOfDilutedSharesOutstanding,shares,2024-01-01,2024-12-31,2026-02-12,10-K,0000024741-26-000124,365,EXACT_PERIOD_ANNUAL_FORM_ANNUAL_DURATION_PREREGISTERED_CONCEPT
GLW,0000024741,fy_minus_3_diluted_shares,857000000.0,https://data.sec.gov/api/xbrl/companyfacts/CIK0000024741.json,us-gaap,WeightedAverageNumberOfDilutedSharesOutstanding,shares,2022-01-01,2022-12-31,2025-02-13,10-K,0001628280-25-005347,364,EXACT_PERIOD_ANNUAL_FORM_ANNUAL_DURATION_PREREGISTERED_CONCEPT
GLW,0000024741,diluted_shares_yoy,0.0023014959723819395,,,,,,,,,,,DETERMINISTIC_DERIVATION_FROM_CANDIDATE_PRIMARY_FACTS
GM,0001467858,annual_sbc,334000000.0,https://data.sec.gov/api/xbrl/companyfacts/CIK0001467858.json,us-gaap,AllocatedShareBasedCompensationExpense,USD,2025-01-01,2025-12-31,2026-01-27,10-K,0001467858-26-000013,364,EXACT_PERIOD_ANNUAL_FORM_ANNUAL_DURATION_PREREGISTERED_CONCEPT
GM,0001467858,sbc_to_revenue,0.001988438480451983,,,,,,,,,,,DETERMINISTIC_DERIVATION_FROM_CANDIDATE_PRIMARY_FACTS
GOOG,0001652044,annual_diluted_shares,12230000000.0,https://data.sec.gov/api/xbrl/companyfacts/CIK0001652044.json,us-gaap,WeightedAverageNumberOfDilutedSharesOutstanding,shares,2025-01-01,2025-12-31,2026-02-05,10-K,0001652044-26-000018,364,EXACT_PERIOD_ANNUAL_FORM_ANNUAL_DURATION_PREREGISTERED_CONCEPT
GOOG,0001652044,prior_diluted_shares,12447000000.0,https://data.sec.gov/api/xbrl/companyfacts/CIK0001652044.json,us-gaap,WeightedAverageNumberOfDilutedSharesOutstanding,shares,2024-01-01,2024-12-31,2026-02-05,10-K,0001652044-26-000018,365,EXACT_PERIOD_ANNUAL_FORM_ANNUAL_DURATION_PREREGISTERED_CONCEPT
GOOG,0001652044,fy_minus_3_diluted_shares,13159000000.0,https://data.sec.gov/api/xbrl/companyfacts/CIK0001652044.json,us-gaap,WeightedAverageNumberOfDilutedSharesOutstanding,shares,2022-01-01,2022-12-31,2025-02-05,10-K,0001652044-25-000014,364,EXACT_PERIOD_ANNUAL_FORM_ANNUAL_DURATION_PREREGISTERED_CONCEPT
GOOG,0001652044,diluted_shares_yoy,-0.017433919820036947,,,,,,,,,,,DETERMINISTIC_DERIVATION_FROM_CANDIDATE_PRIMARY_FACTS
GOOG,0001652044,fcf_per_share_cagr3,0.09519577968053516,,,,,,,,,,,DETERMINISTIC_DERIVATION_FROM_CANDIDATE_PRIMARY_FACTS
GOOGL,0001652044,annual_diluted_shares,12230000000.0,https://data.sec.gov/api/xbrl/companyfacts/CIK0001652044.json,us-gaap,WeightedAverageNumberOfDilutedSharesOutstanding,shares,2025-01-01,2025-12-31,2026-02-05,10-K,0001652044-26-000018,364,EXACT_PERIOD_ANNUAL_FORM_ANNUAL_DURATION_PREREGISTERED_CONCEPT
GOOGL,0001652044,prior_diluted_shares,12447000000.0,https://data.sec.gov/api/xbrl/companyfacts/CIK0001652044.json,us-gaap,WeightedAverageNumberOfDilutedSharesOutstanding,shares,2024-01-01,2024-12-31,2026-02-05,10-K,0001652044-26-000018,365,EXACT_PERIOD_ANNUAL_FORM_ANNUAL_DURATION_PREREGISTERED_CONCEPT
GOOGL,0001652044,fy_minus_3_diluted_shares,13159000000.0,https://data.sec.gov/api/xbrl/companyfacts/CIK0001652044.json,us-gaap,WeightedAverageNumberOfDilutedSharesOutstanding,shares,2022-01-01,2022-12-31,2025-02-05,10-K,0001652044-25-000014,364,EXACT_PERIOD_ANNUAL_FORM_ANNUAL_DURATION_PREREGISTERED_CONCEPT
GOOGL,0001652044,diluted_shares_yoy,-0.017433919820036947,,,,,,,,,,,DETERMINISTIC_DERIVATION_FROM_CANDIDATE_PRIMARY_FACTS
GOOGL,0001652044,fcf_per_share_cagr3,0.09519577968053516,,,,,,,,,,,DETERMINISTIC_DERIVATION_FROM_CANDIDATE_PRIMARY_FACTS
GPN,0001123360,annual_diluted_shares,242008000.0,https://data.sec.gov/api/xbrl/companyfacts/CIK0001123360.json,us-gaap,WeightedAverageNumberOfDilutedSharesOutstanding,shares,2025-01-01,2025-12-31,2026-02-20,10-K,0001123360-26-000008,364,EXACT_PERIOD_ANNUAL_FORM_ANNUAL_DURATION_PREREGISTERED_CONCEPT
GPN,0001123360,prior_diluted_shares,254845000.0,https://data.sec.gov/api/xbrl/companyfacts/CIK0001123360.json,us-gaap,WeightedAverageNumberOfDilutedSharesOutstanding,shares,2024-01-01,2024-12-31,2026-02-20,10-K,0001123360-26-000008,365,EXACT_PERIOD_ANNUAL_FORM_ANNUAL_DURATION_PREREGISTERED_CONCEPT
GPN,0001123360,fy_minus_3_diluted_shares,275576000.0,https://data.sec.gov/api/xbrl/companyfacts/CIK0001123360.json,us-gaap,WeightedAverageNumberOfDilutedSharesOutstanding,shares,2022-01-01,2022-12-31,2025-02-14,10-K,0001123360-25-000011,364,EXACT_PERIOD_ANNUAL_FORM_ANNUAL_DURATION_PREREGISTERED_CONCEPT
GPN,0001123360,diluted_shares_yoy,-0.050371794620259425,,,,,,,,,,,DETERMINISTIC_DERIVATION_FROM_CANDIDATE_PRIMARY_FACTS
GPN,0001123360,fcf_per_share_cagr3,0.12549723772874266,,,,,,,,,,,DETERMINISTIC_DERIVATION_FROM_CANDIDATE_PRIMARY_FACTS
GRMN,0001121788,fy_minus_3_diluted_shares,193042000.0,https://data.sec.gov/api/xbrl/companyfacts/CIK0001121788.json,us-gaap,WeightedAverageNumberOfDilutedSharesOutstanding,shares,2021-12-26,2022-12-31,2025-02-19,10-K,0000950170-25-022760,370,EXACT_PERIOD_ANNUAL_FORM_ANNUAL_DURATION_PREREGISTERED_CONCEPT
HAL,0000045012,annual_revenue,22184000000.0,https://data.sec.gov/api/xbrl/companyfacts/CIK0000045012.json,us-gaap,RevenueFromContractWithCustomerIncludingAssessedTax,USD,2025-01-01,2025-12-31,2026-02-06,10-K,0000045012-26-000015,364,EXACT_PERIOD_ANNUAL_FORM_ANNUAL_DURATION_PREREGISTERED_CONCEPT
HAL,0000045012,fy_minus_3_revenue,20297000000.0,https://data.sec.gov/api/xbrl/companyfacts/CIK0000045012.json,us-gaap,RevenueFromContractWithCustomerIncludingAssessedTax,USD,2022-01-01,2022-12-31,2025-02-12,10-K,0000045012-25-000010,364,EXACT_PERIOD_ANNUAL_FORM_ANNUAL_DURATION_PREREGISTERED_CONCEPT
HAL,0000045012,revenue_cagr3,0.030076157483628574,,,,,,,,,,,DETERMINISTIC_DERIVATION_FROM_CANDIDATE_PRIMARY_FACTS
HLT,0001585689,annual_diluted_shares,238000000.0,https://data.sec.gov/api/xbrl/companyfacts/CIK0001585689.json,us-gaap,WeightedAverageNumberOfDilutedSharesOutstanding,shares,2025-01-01,2025-12-31,2026-02-11,10-K,0001585689-26-000007,364,EXACT_PERIOD_ANNUAL_FORM_ANNUAL_DURATION_PREREGISTERED_CONCEPT
HLT,0001585689,prior_diluted_shares,250000000.0,https://data.sec.gov/api/xbrl/companyfacts/CIK0001585689.json,us-gaap,WeightedAverageNumberOfDilutedSharesOutstanding,shares,2024-01-01,2024-12-31,2026-02-11,10-K,0001585689-26-000007,365,EXACT_PERIOD_ANNUAL_FORM_ANNUAL_DURATION_PREREGISTERED_CONCEPT
HLT,0001585689,fy_minus_3_diluted_shares,277000000.0,https://data.sec.gov/api/xbrl/companyfacts/CIK0001585689.json,us-gaap,WeightedAverageNumberOfDilutedSharesOutstanding,shares,2022-01-01,2022-12-31,2025-02-06,10-K,0001585689-25-000008,364,EXACT_PERIOD_ANNUAL_FORM_ANNUAL_DURATION_PREREGISTERED_CONCEPT
HLT,0001585689,diluted_shares_yoy,-0.04800000000000004,,,,,,,,,,,DETERMINISTIC_DERIVATION_FROM_CANDIDATE_PRIMARY_FACTS
HLT,0001585689,fcf_per_share_cagr3,0.12858048575522218,,,,,,,,,,,DETERMINISTIC_DERIVATION_FROM_CANDIDATE_PRIMARY_FACTS
HON,0000773840,annual_diluted_shares,642800000.0,https://data.sec.gov/api/xbrl/companyfacts/CIK0000773840.json,us-gaap,WeightedAverageNumberOfDilutedSharesOutstanding,shares,2025-01-01,2025-12-31,2026-02-17,10-K,0000773840-26-000013,364,EXACT_PERIOD_ANNUAL_FORM_ANNUAL_DURATION_PREREGISTERED_CONCEPT
HON,0000773840,prior_diluted_shares,655300000.0,https://data.sec.gov/api/xbrl/companyfacts/CIK0000773840.json,us-gaap,WeightedAverageNumberOfDilutedSharesOutstanding,shares,2024-01-01,2024-12-31,2026-02-17,10-K,0000773840-26-000013,365,EXACT_PERIOD_ANNUAL_FORM_ANNUAL_DURATION_PREREGISTERED_CONCEPT
HON,0000773840,fy_minus_3_diluted_shares,683100000.0,https://data.sec.gov/api/xbrl/companyfacts/CIK0000773840.json,us-gaap,WeightedAverageNumberOfDilutedSharesOutstanding,shares,2022-01-01,2022-12-31,2025-02-14,10-K,0000773840-25-000010,364,EXACT_PERIOD_ANNUAL_FORM_ANNUAL_DURATION_PREREGISTERED_CONCEPT
HON,0000773840,diluted_shares_yoy,-0.019075232717839175,,,,,,,,,,,DETERMINISTIC_DERIVATION_FROM_CANDIDATE_PRIMARY_FACTS
HON,0000773840,fcf_per_share_cagr3,0.08524553499430043,,,,,,,,,,,DETERMINISTIC_DERIVATION_FROM_CANDIDATE_PRIMARY_FACTS
HUBB,0000048898,annual_diluted_shares,53500000.0,https://data.sec.gov/api/xbrl/companyfacts/CIK0000048898.json,us-gaap,WeightedAverageNumberOfDilutedSharesOutstanding,shares,2025-01-01,2025-12-31,2026-02-12,10-K,0001628280-26-007500,364,EXACT_PERIOD_ANNUAL_FORM_ANNUAL_DURATION_PREREGISTERED_CONCEPT
HUBB,0000048898,prior_diluted_shares,54000000.0,https://data.sec.gov/api/xbrl/companyfacts/CIK0000048898.json,us-gaap,WeightedAverageNumberOfDilutedSharesOutstanding,shares,2024-01-01,2024-12-31,2026-02-12,10-K,0001628280-26-007500,365,EXACT_PERIOD_ANNUAL_FORM_ANNUAL_DURATION_PREREGISTERED_CONCEPT
HUBB,0000048898,fy_minus_3_diluted_shares,54100000.0,https://data.sec.gov/api/xbrl/companyfacts/CIK0000048898.json,us-gaap,WeightedAverageNumberOfDilutedSharesOutstanding,shares,2022-01-01,2022-12-31,2025-02-13,10-K,0001628280-25-005311,364,EXACT_PERIOD_ANNUAL_FORM_ANNUAL_DURATION_PREREGISTERED_CONCEPT
HUBB,0000048898,diluted_shares_yoy,-0.0092592592592593,,,,,,,,,,,DETERMINISTIC_DERIVATION_FROM_CANDIDATE_PRIMARY_FACTS
HWM,0000004281,annual_sbc,73000000.0,https://data.sec.gov/api/xbrl/companyfacts/CIK0000004281.json,us-gaap,ShareBasedCompensation,USD,2025-01-01,2025-12-31,2026-02-12,10-K,0000004281-26-000012,364,EXACT_PERIOD_ANNUAL_FORM_ANNUAL_DURATION_PREREGISTERED_CONCEPT
HWM,0000004281,sbc_to_revenue,0.008846340281143965,,,,,,,,,,,DETERMINISTIC_DERIVATION_FROM_CANDIDATE_PRIMARY_FACTS
IR,0001699150,annual_diluted_shares,401000000.0,https://data.sec.gov/api/xbrl/companyfacts/CIK0001699150.json,us-gaap,WeightedAverageNumberOfDilutedSharesOutstanding,shares,2025-01-01,2025-12-31,2026-02-17,10-K,0001628280-26-008617,364,EXACT_PERIOD_ANNUAL_FORM_ANNUAL_DURATION_PREREGISTERED_CONCEPT
IR,0001699150,prior_diluted_shares,407200000.0,https://data.sec.gov/api/xbrl/companyfacts/CIK0001699150.json,us-gaap,WeightedAverageNumberOfDilutedSharesOutstanding,shares,2024-01-01,2024-12-31,2026-02-17,10-K,0001628280-26-008617,365,EXACT_PERIOD_ANNUAL_FORM_ANNUAL_DURATION_PREREGISTERED_CONCEPT
IR,0001699150,fy_minus_3_diluted_shares,410200000.0,https://data.sec.gov/api/xbrl/companyfacts/CIK0001699150.json,us-gaap,WeightedAverageNumberOfDilutedSharesOutstanding,shares,2022-01-01,2022-12-31,2025-02-19,10-K,0001628280-25-006391,364,EXACT_PERIOD_ANNUAL_FORM_ANNUAL_DURATION_PREREGISTERED_CONCEPT
IR,0001699150,diluted_shares_yoy,-0.015225933202357544,,,,,,,,,,,DETERMINISTIC_DERIVATION_FROM_CANDIDATE_PRIMARY_FACTS
ITW,0000049826,annual_diluted_shares,292300000.0,https://data.sec.gov/api/xbrl/companyfacts/CIK0000049826.json,us-gaap,WeightedAverageNumberOfDilutedSharesOutstanding,shares,2025-01-01,2025-12-31,2026-02-13,10-K,0000049826-26-000008,364,EXACT_PERIOD_ANNUAL_FORM_ANNUAL_DURATION_PREREGISTERED_CONCEPT
ITW,0000049826,prior_diluted_shares,297800000.0,https://data.sec.gov/api/xbrl/companyfacts/CIK0000049826.json,us-gaap,WeightedAverageNumberOfDilutedSharesOutstanding,shares,2024-01-01,2024-12-31,2026-02-13,10-K,0000049826-26-000008,365,EXACT_PERIOD_ANNUAL_FORM_ANNUAL_DURATION_PREREGISTERED_CONCEPT
ITW,0000049826,fy_minus_3_diluted_shares,310700000.0,https://data.sec.gov/api/xbrl/companyfacts/CIK0000049826.json,us-gaap,WeightedAverageNumberOfDilutedSharesOutstanding,shares,2022-01-01,2022-12-31,2025-02-14,10-K,0000049826-25-000007,364,EXACT_PERIOD_ANNUAL_FORM_ANNUAL_DURATION_PREREGISTERED_CONCEPT
ITW,0000049826,diluted_shares_yoy,-0.018468770987239758,,,,,,,,,,,DETERMINISTIC_DERIVATION_FROM_CANDIDATE_PRIMARY_FACTS
ITW,0000049826,fcf_per_share_cagr3,0.1412088043873816,,,,,,,,,,,DETERMINISTIC_DERIVATION_FROM_CANDIDATE_PRIMARY_FACTS
JBHT,0000728535,annual_revenue,11999096000.0,https://data.sec.gov/api/xbrl/companyfacts/CIK0000728535.json,us-gaap,RevenueFromContractWithCustomerIncludingAssessedTax,USD,2025-01-01,2025-12-31,2026-02-24,10-K,0001437749-26-005294,364,EXACT_PERIOD_ANNUAL_FORM_ANNUAL_DURATION_PREREGISTERED_CONCEPT
JBHT,0000728535,fy_minus_3_revenue,14813999000.0,https://data.sec.gov/api/xbrl/companyfacts/CIK0000728535.json,us-gaap,RevenueFromContractWithCustomerIncludingAssessedTax,USD,2022-01-01,2022-12-31,2025-02-21,10-K,0001437749-25-004736,364,EXACT_PERIOD_ANNUAL_FORM_ANNUAL_DURATION_PREREGISTERED_CONCEPT
JBHT,0000728535,revenue_cagr3,-0.06783654566877806,,,,,,,,,,,DETERMINISTIC_DERIVATION_FROM_CANDIDATE_PRIMARY_FACTS
JBHT,0000728535,sbc_to_revenue,0.005979867149991966,,,,,,,,,,,DETERMINISTIC_DERIVATION_FROM_CANDIDATE_PRIMARY_FACTS
JBL,0000898293,annual_sbc,107000000.0,https://data.sec.gov/api/xbrl/companyfacts/CIK0000898293.json,us-gaap,AllocatedShareBasedCompensationExpense,USD,2024-09-01,2025-08-31,2025-10-17,10-K,0001628280-25-045293,364,EXACT_PERIOD_ANNUAL_FORM_ANNUAL_DURATION_PREREGISTERED_CONCEPT
JBL,0000898293,sbc_to_revenue,0.0035903630628816856,,,,,,,,,,,DETERMINISTIC_DERIVATION_FROM_CANDIDATE_PRIMARY_FACTS
KEYS,0001601046,fy_minus_3_revenue,5420000000.0,https://data.sec.gov/api/xbrl/companyfacts/CIK0001601046.json,us-gaap,RevenueFromContractWithCustomerIncludingAssessedTax,USD,2021-11-01,2022-10-31,2024-12-17,10-K,0001601046-24-000159,364,EXACT_PERIOD_ANNUAL_FORM_ANNUAL_DURATION_PREREGISTERED_CONCEPT
KEYS,0001601046,revenue_cagr3,-0.0027752224099102385,,,,,,,,,,,DETERMINISTIC_DERIVATION_FROM_CANDIDATE_PRIMARY_FACTS
KMB,0000055785,annual_diluted_shares,333200000.0,https://data.sec.gov/api/xbrl/companyfacts/CIK0000055785.json,us-gaap,WeightedAverageNumberOfDilutedSharesOutstanding,shares,2025-01-01,2025-12-31,2026-02-12,10-K,0001628280-26-007567,364,EXACT_PERIOD_ANNUAL_FORM_ANNUAL_DURATION_PREREGISTERED_CONCEPT
KMB,0000055785,prior_diluted_shares,337000000.0,https://data.sec.gov/api/xbrl/companyfacts/CIK0000055785.json,us-gaap,WeightedAverageNumberOfDilutedSharesOutstanding,shares,2024-01-01,2024-12-31,2026-02-12,10-K,0001628280-26-007567,365,EXACT_PERIOD_ANNUAL_FORM_ANNUAL_DURATION_PREREGISTERED_CONCEPT
KMB,0000055785,fy_minus_3_diluted_shares,338300000.0,https://data.sec.gov/api/xbrl/companyfacts/CIK0000055785.json,us-gaap,WeightedAverageNumberOfDilutedSharesOutstanding,shares,2022-01-01,2022-12-31,2025-02-13,10-K,0000055785-25-000013,364,EXACT_PERIOD_ANNUAL_FORM_ANNUAL_DURATION_PREREGISTERED_CONCEPT
KMB,0000055785,diluted_shares_yoy,-0.011275964391691429,,,,,,,,,,,DETERMINISTIC_DERIVATION_FROM_CANDIDATE_PRIMARY_FACTS
KMB,0000055785,fcf_per_share_cagr3,-0.03590162327935009,,,,,,,,,,,DETERMINISTIC_DERIVATION_FROM_CANDIDATE_PRIMARY_FACTS
LMT,0000936468,annual_diluted_shares,233500000.0,https://data.sec.gov/api/xbrl/companyfacts/CIK0000936468.json,us-gaap,WeightedAverageNumberOfDilutedSharesOutstanding,shares,2025-01-01,2025-12-31,2026-01-29,10-K,0001628280-26-004195,364,EXACT_PERIOD_ANNUAL_FORM_ANNUAL_DURATION_PREREGISTERED_CONCEPT
LMT,0000936468,prior_diluted_shares,239200000.0,https://data.sec.gov/api/xbrl/companyfacts/CIK0000936468.json,us-gaap,WeightedAverageNumberOfDilutedSharesOutstanding,shares,2024-01-01,2024-12-31,2026-01-29,10-K,0001628280-26-004195,365,EXACT_PERIOD_ANNUAL_FORM_ANNUAL_DURATION_PREREGISTERED_CONCEPT
LMT,0000936468,fy_minus_3_diluted_shares,264600000.0,https://data.sec.gov/api/xbrl/companyfacts/CIK0000936468.json,us-gaap,WeightedAverageNumberOfDilutedSharesOutstanding,shares,2022-01-01,2022-12-31,2025-01-28,10-K,0000936468-25-000009,364,EXACT_PERIOD_ANNUAL_FORM_ANNUAL_DURATION_PREREGISTERED_CONCEPT
LMT,0000936468,diluted_shares_yoy,-0.023829431438127102,,,,,,,,,,,DETERMINISTIC_DERIVATION_FROM_CANDIDATE_PRIMARY_FACTS
LMT,0000936468,fcf_per_share_cagr3,0.08480342046469103,,,,,,,,,,,DETERMINISTIC_DERIVATION_FROM_CANDIDATE_PRIMARY_FACTS
LNT,0000352541,fy_minus_3_capex,1484000000.0,https://data.sec.gov/api/xbrl/companyfacts/CIK0000352541.json,us-gaap,PaymentsToAcquirePropertyPlantAndEquipment,USD,2022-01-01,2022-12-31,2023-02-24,10-K,0000352541-23-000017,364,EXACT_PERIOD_ANNUAL_FORM_ANNUAL_DURATION_PREREGISTERED_CONCEPT
LNT,0000352541,annual_sbc,22000000.0,https://data.sec.gov/api/xbrl/companyfacts/CIK0000352541.json,us-gaap,AllocatedShareBasedCompensationExpense,USD,2025-01-01,2025-12-31,2026-02-20,10-K,0000352541-26-000007,364,EXACT_PERIOD_ANNUAL_FORM_ANNUAL_DURATION_PREREGISTERED_CONCEPT
LNT,0000352541,sbc_to_revenue,0.0050435580009170105,,,,,,,,,,,DETERMINISTIC_DERIVATION_FROM_CANDIDATE_PRIMARY_FACTS
MAR,0001048286,annual_diluted_shares,273600000.0,https://data.sec.gov/api/xbrl/companyfacts/CIK0001048286.json,us-gaap,WeightedAverageNumberOfDilutedSharesOutstanding,shares,2025-01-01,2025-12-31,2026-02-10,10-K,0001048286-26-000007,364,EXACT_PERIOD_ANNUAL_FORM_ANNUAL_DURATION_PREREGISTERED_CONCEPT
MAR,0001048286,prior_diluted_shares,285200000.0,https://data.sec.gov/api/xbrl/companyfacts/CIK0001048286.json,us-gaap,WeightedAverageNumberOfDilutedSharesOutstanding,shares,2024-01-01,2024-12-31,2026-02-10,10-K,0001048286-26-000007,365,EXACT_PERIOD_ANNUAL_FORM_ANNUAL_DURATION_PREREGISTERED_CONCEPT
MAR,0001048286,fy_minus_3_diluted_shares,325800000.0,https://data.sec.gov/api/xbrl/companyfacts/CIK0001048286.json,us-gaap,WeightedAverageNumberOfDilutedSharesOutstanding,shares,2022-01-01,2022-12-31,2025-02-11,10-K,0001628280-25-004818,364,EXACT_PERIOD_ANNUAL_FORM_ANNUAL_DURATION_PREREGISTERED_CONCEPT
MAR,0001048286,diluted_shares_yoy,-0.0406732117812062,,,,,,,,,,,DETERMINISTIC_DERIVATION_FROM_CANDIDATE_PRIMARY_FACTS
MAR,0001048286,fcf_per_share_cagr3,0.15206650498440322,,,,,,,,,,,DETERMINISTIC_DERIVATION_FROM_CANDIDATE_PRIMARY_FACTS
MAS,0000062996,annual_diluted_shares,210000000.0,https://data.sec.gov/api/xbrl/companyfacts/CIK0000062996.json,us-gaap,WeightedAverageNumberOfDilutedSharesOutstanding,shares,2025-01-01,2025-12-31,2026-02-10,10-K,0000062996-26-000005,364,EXACT_PERIOD_ANNUAL_FORM_ANNUAL_DURATION_PREREGISTERED_CONCEPT
MAS,0000062996,prior_diluted_shares,219000000.0,https://data.sec.gov/api/xbrl/companyfacts/CIK0000062996.json,us-gaap,WeightedAverageNumberOfDilutedSharesOutstanding,shares,2024-01-01,2024-12-31,2026-02-10,10-K,0000062996-26-000005,365,EXACT_PERIOD_ANNUAL_FORM_ANNUAL_DURATION_PREREGISTERED_CONCEPT
MAS,0000062996,fy_minus_3_diluted_shares,232000000.0,https://data.sec.gov/api/xbrl/companyfacts/CIK0000062996.json,us-gaap,WeightedAverageNumberOfDilutedSharesOutstanding,shares,2022-01-01,2022-12-31,2025-02-11,10-K,0000062996-25-000004,364,EXACT_PERIOD_ANNUAL_FORM_ANNUAL_DURATION_PREREGISTERED_CONCEPT
MAS,0000062996,diluted_shares_yoy,-0.04109589041095896,,,,,,,,,,,DETERMINISTIC_DERIVATION_FROM_CANDIDATE_PRIMARY_FACTS
MAS,0000062996,fcf_per_share_cagr3,0.15807127652427866,,,,,,,,,,,DETERMINISTIC_DERIVATION_FROM_CANDIDATE_PRIMARY_FACTS
MCK,0000927653,annual_sbc,247000000.0,https://data.sec.gov/api/xbrl/companyfacts/CIK0000927653.json,us-gaap,AllocatedShareBasedCompensationExpense,USD,2025-04-01,2026-03-31,2026-05-08,10-K,0000927653-26-000069,364,EXACT_PERIOD_ANNUAL_FORM_ANNUAL_DURATION_PREREGISTERED_CONCEPT
MCK,0000927653,sbc_to_revenue,0.0006122499566219667,,,,,,,,,,,DETERMINISTIC_DERIVATION_FROM_CANDIDATE_PRIMARY_FACTS
MDLZ,0001103982,annual_diluted_shares,1298000000.0,https://data.sec.gov/api/xbrl/companyfacts/CIK0001103982.json,us-gaap,WeightedAverageNumberOfDilutedSharesOutstanding,shares,2025-01-01,2025-12-31,2026-02-04,10-K,0001628280-26-005345,364,EXACT_PERIOD_ANNUAL_FORM_ANNUAL_DURATION_PREREGISTERED_CONCEPT
MDLZ,0001103982,prior_diluted_shares,1347000000.0,https://data.sec.gov/api/xbrl/companyfacts/CIK0001103982.json,us-gaap,WeightedAverageNumberOfDilutedSharesOutstanding,shares,2024-01-01,2024-12-31,2026-02-04,10-K,0001628280-26-005345,365,EXACT_PERIOD_ANNUAL_FORM_ANNUAL_DURATION_PREREGISTERED_CONCEPT
MDLZ,0001103982,fy_minus_3_diluted_shares,1385000000.0,https://data.sec.gov/api/xbrl/companyfacts/CIK0001103982.json,us-gaap,WeightedAverageNumberOfDilutedSharesOutstanding,shares,2022-01-01,2022-12-31,2025-02-05,10-K,0001103982-25-000030,364,EXACT_PERIOD_ANNUAL_FORM_ANNUAL_DURATION_PREREGISTERED_CONCEPT
MDLZ,0001103982,diluted_shares_yoy,-0.036377134372679976,,,,,,,,,,,DETERMINISTIC_DERIVATION_FROM_CANDIDATE_PRIMARY_FACTS
MDLZ,0001103982,fcf_per_share_cagr3,0.04764197996964148,,,,,,,,,,,DETERMINISTIC_DERIVATION_FROM_CANDIDATE_PRIMARY_FACTS
MKC,0000063754,annual_diluted_shares,269400000.0,https://data.sec.gov/api/xbrl/companyfacts/CIK0000063754.json,us-gaap,WeightedAverageNumberOfDilutedSharesOutstanding,shares,2024-12-01,2025-11-30,2026-01-22,10-K,0000063754-26-000037,364,EXACT_PERIOD_ANNUAL_FORM_ANNUAL_DURATION_PREREGISTERED_CONCEPT
MKC,0000063754,prior_diluted_shares,269600000.0,https://data.sec.gov/api/xbrl/companyfacts/CIK0000063754.json,us-gaap,WeightedAverageNumberOfDilutedSharesOutstanding,shares,2023-12-01,2024-11-30,2026-01-22,10-K,0000063754-26-000037,365,EXACT_PERIOD_ANNUAL_FORM_ANNUAL_DURATION_PREREGISTERED_CONCEPT
MKC,0000063754,fy_minus_3_diluted_shares,270200000.0,https://data.sec.gov/api/xbrl/companyfacts/CIK0000063754.json,us-gaap,WeightedAverageNumberOfDilutedSharesOutstanding,shares,2021-12-01,2022-11-30,2025-01-23,10-K,0000063754-25-000005,364,EXACT_PERIOD_ANNUAL_FORM_ANNUAL_DURATION_PREREGISTERED_CONCEPT
MKC,0000063754,diluted_shares_yoy,-0.0007418397626113293,,,,,,,,,,,DETERMINISTIC_DERIVATION_FROM_CANDIDATE_PRIMARY_FACTS
MKC,0000063754,fcf_per_share_cagr3,0.2399825318658888,,,,,,,,,,,DETERMINISTIC_DERIVATION_FROM_CANDIDATE_PRIMARY_FACTS
MO,0000764180,annual_diluted_shares,1683000000.0,https://data.sec.gov/api/xbrl/companyfacts/CIK0000764180.json,us-gaap,WeightedAverageNumberOfDilutedSharesOutstanding,shares,2025-01-01,2025-12-31,2026-02-25,10-K,0000764180-26-000017,364,EXACT_PERIOD_ANNUAL_FORM_ANNUAL_DURATION_PREREGISTERED_CONCEPT
MO,0000764180,prior_diluted_shares,1718000000.0,https://data.sec.gov/api/xbrl/companyfacts/CIK0000764180.json,us-gaap,WeightedAverageNumberOfDilutedSharesOutstanding,shares,2024-01-01,2024-12-31,2026-02-25,10-K,0000764180-26-000017,365,EXACT_PERIOD_ANNUAL_FORM_ANNUAL_DURATION_PREREGISTERED_CONCEPT
MO,0000764180,fy_minus_3_diluted_shares,1804000000.0,https://data.sec.gov/api/xbrl/companyfacts/CIK0000764180.json,us-gaap,WeightedAverageNumberOfDilutedSharesOutstanding,shares,2022-01-01,2022-12-31,2025-02-26,10-K,0000764180-25-000019,364,EXACT_PERIOD_ANNUAL_FORM_ANNUAL_DURATION_PREREGISTERED_CONCEPT
MO,0000764180,diluted_shares_yoy,-0.02037252619324792,,,,,,,,,,,DETERMINISTIC_DERIVATION_FROM_CANDIDATE_PRIMARY_FACTS
MO,0000764180,fcf_per_share_cagr3,0.06504294978541725,,,,,,,,,,,DETERMINISTIC_DERIVATION_FROM_CANDIDATE_PRIMARY_FACTS
MRK,0000310158,fy_minus_3_operating_cash_flow,19095000000.0,https://data.sec.gov/api/xbrl/companyfacts/CIK0000310158.json,us-gaap,NetCashProvidedByUsedInOperatingActivities,USD,2022-01-01,2022-12-31,2025-02-25,10-K,0001628280-25-007732,364,EXACT_PERIOD_ANNUAL_FORM_ANNUAL_DURATION_PREREGISTERED_CONCEPT
MRK,0000310158,annual_diluted_shares,2507000000.0,https://data.sec.gov/api/xbrl/companyfacts/CIK0000310158.json,us-gaap,WeightedAverageNumberOfDilutedSharesOutstanding,shares,2025-01-01,2025-12-31,2026-02-24,10-K,0000310158-26-000063,364,EXACT_PERIOD_ANNUAL_FORM_ANNUAL_DURATION_PREREGISTERED_CONCEPT
MRK,0000310158,prior_diluted_shares,2541000000.0,https://data.sec.gov/api/xbrl/companyfacts/CIK0000310158.json,us-gaap,WeightedAverageNumberOfDilutedSharesOutstanding,shares,2024-01-01,2024-12-31,2026-02-24,10-K,0000310158-26-000063,365,EXACT_PERIOD_ANNUAL_FORM_ANNUAL_DURATION_PREREGISTERED_CONCEPT
MRK,0000310158,fy_minus_3_diluted_shares,2542000000.0,https://data.sec.gov/api/xbrl/companyfacts/CIK0000310158.json,us-gaap,WeightedAverageNumberOfDilutedSharesOutstanding,shares,2022-01-01,2022-12-31,2025-02-25,10-K,0001628280-25-007732,364,EXACT_PERIOD_ANNUAL_FORM_ANNUAL_DURATION_PREREGISTERED_CONCEPT
MRK,0000310158,diluted_shares_yoy,-0.01338055883510425,,,,,,,,,,,DETERMINISTIC_DERIVATION_FROM_CANDIDATE_PRIMARY_FACTS
MRK,0000310158,fcf_per_share_cagr3,-0.05193409120569614,,,,,,,,,,,DETERMINISTIC_DERIVATION_FROM_CANDIDATE_PRIMARY_FACTS
MRK,0000310158,fcf_cagr3,-0.05630542280676165,,,,,,,,,,,DETERMINISTIC_DERIVATION_FROM_CANDIDATE_PRIMARY_FACTS
NCLH,0001513761,annual_revenue,9827592000.0,https://data.sec.gov/api/xbrl/companyfacts/CIK0001513761.json,us-gaap,RevenueFromContractWithCustomerIncludingAssessedTax,USD,2025-01-01,2025-12-31,2026-03-02,10-K,0001104659-26-022067,364,EXACT_PERIOD_ANNUAL_FORM_ANNUAL_DURATION_PREREGISTERED_CONCEPT
NCLH,0001513761,fy_minus_3_revenue,4843760000.0,https://data.sec.gov/api/xbrl/companyfacts/CIK0001513761.json,us-gaap,RevenueFromContractWithCustomerIncludingAssessedTax,USD,2022-01-01,2022-12-31,2025-02-27,10-K,0001558370-25-001743,364,EXACT_PERIOD_ANNUAL_FORM_ANNUAL_DURATION_PREREGISTERED_CONCEPT
NCLH,0001513761,revenue_cagr3,0.2659644216614605,,,,,,,,,,,DETERMINISTIC_DERIVATION_FROM_CANDIDATE_PRIMARY_FACTS
NCLH,0001513761,sbc_to_revenue,0.00899437013665199,,,,,,,,,,,DETERMINISTIC_DERIVATION_FROM_CANDIDATE_PRIMARY_FACTS
NDAQ,0001120193,annual_diluted_shares,578597687.0,https://data.sec.gov/api/xbrl/companyfacts/CIK0001120193.json,us-gaap,WeightedAverageNumberOfDilutedSharesOutstanding,shares,2025-01-01,2025-12-31,2026-02-12,10-K,0001628280-26-007703,364,EXACT_PERIOD_ANNUAL_FORM_ANNUAL_DURATION_PREREGISTERED_CONCEPT
NDAQ,0001120193,prior_diluted_shares,579189522.0,https://data.sec.gov/api/xbrl/companyfacts/CIK0001120193.json,us-gaap,WeightedAverageNumberOfDilutedSharesOutstanding,shares,2024-01-01,2024-12-31,2026-02-12,10-K,0001628280-26-007703,365,EXACT_PERIOD_ANNUAL_FORM_ANNUAL_DURATION_PREREGISTERED_CONCEPT
NDAQ,0001120193,fy_minus_3_diluted_shares,497857565.0,https://data.sec.gov/api/xbrl/companyfacts/CIK0001120193.json,us-gaap,WeightedAverageNumberOfDilutedSharesOutstanding,shares,2022-01-01,2022-12-31,2025-02-21,10-K,0001120193-25-000008,364,EXACT_PERIOD_ANNUAL_FORM_ANNUAL_DURATION_PREREGISTERED_CONCEPT
NDAQ,0001120193,diluted_shares_yoy,-0.0010218330572631107,,,,,,,,,,,DETERMINISTIC_DERIVATION_FROM_CANDIDATE_PRIMARY_FACTS
NDAQ,0001120193,fcf_per_share_cagr3,0.03269180037584185,,,,,,,,,,,DETERMINISTIC_DERIVATION_FROM_CANDIDATE_PRIMARY_FACTS
NEM,0001164727,annual_sbc,99000000.0,https://data.sec.gov/api/xbrl/companyfacts/CIK0001164727.json,us-gaap,AllocatedShareBasedCompensationExpense,USD,2025-01-01,2025-12-31,2026-02-19,10-K,0001164727-26-000010,364,EXACT_PERIOD_ANNUAL_FORM_ANNUAL_DURATION_PREREGISTERED_CONCEPT
NEM,0001164727,sbc_to_revenue,0.004367197494375579,,,,,,,,,,,DETERMINISTIC_DERIVATION_FROM_CANDIDATE_PRIMARY_FACTS
NSC,0000702165,annual_diluted_shares,225300000.0,https://data.sec.gov/api/xbrl/companyfacts/CIK0000702165.json,us-gaap,WeightedAverageNumberOfDilutedSharesOutstanding,shares,2025-01-01,2025-12-31,2026-02-09,10-K,0001628280-26-006268,364,EXACT_PERIOD_ANNUAL_FORM_ANNUAL_DURATION_PREREGISTERED_CONCEPT
NSC,0000702165,prior_diluted_shares,226400000.0,https://data.sec.gov/api/xbrl/companyfacts/CIK0000702165.json,us-gaap,WeightedAverageNumberOfDilutedSharesOutstanding,shares,2024-01-01,2024-12-31,2026-02-09,10-K,0001628280-26-006268,365,EXACT_PERIOD_ANNUAL_FORM_ANNUAL_DURATION_PREREGISTERED_CONCEPT
NSC,0000702165,fy_minus_3_diluted_shares,235600000.0,https://data.sec.gov/api/xbrl/companyfacts/CIK0000702165.json,us-gaap,WeightedAverageNumberOfDilutedSharesOutstanding,shares,2022-01-01,2022-12-31,2025-02-10,10-K,0000702165-25-000008,364,EXACT_PERIOD_ANNUAL_FORM_ANNUAL_DURATION_PREREGISTERED_CONCEPT
NSC,0000702165,annual_sbc,63000000.0,https://data.sec.gov/api/xbrl/companyfacts/CIK0000702165.json,us-gaap,AllocatedShareBasedCompensationExpense,USD,2025-01-01,2025-12-31,2026-02-09,10-K,0001628280-26-006268,364,EXACT_PERIOD_ANNUAL_FORM_ANNUAL_DURATION_PREREGISTERED_CONCEPT
NSC,0000702165,diluted_shares_yoy,-0.004858657243816289,,,,,,,,,,,DETERMINISTIC_DERIVATION_FROM_CANDIDATE_PRIMARY_FACTS
NSC,0000702165,fcf_per_share_cagr3,-0.0027028153271022592,,,,,,,,,,,DETERMINISTIC_DERIVATION_FROM_CANDIDATE_PRIMARY_FACTS
NSC,0000702165,sbc_to_revenue,0.005172413793103448,,,,,,,,,,,DETERMINISTIC_DERIVATION_FROM_CANDIDATE_PRIMARY_FACTS
ODFL,0000878927,annual_revenue,5496389000.0,https://data.sec.gov/api/xbrl/companyfacts/CIK0000878927.json,us-gaap,RevenueFromContractWithCustomerIncludingAssessedTax,USD,2025-01-01,2025-12-31,2026-02-24,10-K,0001193125-26-067161,364,EXACT_PERIOD_ANNUAL_FORM_ANNUAL_DURATION_PREREGISTERED_CONCEPT
ODFL,0000878927,fy_minus_3_revenue,6260077000.0,https://data.sec.gov/api/xbrl/companyfacts/CIK0000878927.json,us-gaap,RevenueFromContractWithCustomerIncludingAssessedTax,USD,2022-01-01,2022-12-31,2025-02-25,10-K,0000950170-25-026661,364,EXACT_PERIOD_ANNUAL_FORM_ANNUAL_DURATION_PREREGISTERED_CONCEPT
ODFL,0000878927,revenue_cagr3,-0.042440148127076416,,,,,,,,,,,DETERMINISTIC_DERIVATION_FROM_CANDIDATE_PRIMARY_FACTS
ODFL,0000878927,sbc_to_revenue,0.0023386263235735316,,,,,,,,,,,DETERMINISTIC_DERIVATION_FROM_CANDIDATE_PRIMARY_FACTS
OKE,0001039684,annual_sbc,92000000.0,https://data.sec.gov/api/xbrl/companyfacts/CIK0001039684.json,us-gaap,AllocatedShareBasedCompensationExpense,USD,2025-01-01,2025-12-31,2026-02-24,10-K,0001039684-26-000006,364,EXACT_PERIOD_ANNUAL_FORM_ANNUAL_DURATION_PREREGISTERED_CONCEPT
OKE,0001039684,sbc_to_revenue,0.0027357340390734186,,,,,,,,,,,DETERMINISTIC_DERIVATION_FROM_CANDIDATE_PRIMARY_FACTS
OXY,0000797468,annual_diluted_shares,1000100000.0,https://data.sec.gov/api/xbrl/companyfacts/CIK0000797468.json,us-gaap,WeightedAverageNumberOfDilutedSharesOutstanding,shares,2025-01-01,2025-12-31,2026-02-18,10-K,0001628280-26-009059,364,EXACT_PERIOD_ANNUAL_FORM_ANNUAL_DURATION_PREREGISTERED_CONCEPT
OXY,0000797468,prior_diluted_shares,967100000.0,https://data.sec.gov/api/xbrl/companyfacts/CIK0000797468.json,us-gaap,WeightedAverageNumberOfDilutedSharesOutstanding,shares,2024-01-01,2024-12-31,2026-02-18,10-K,0001628280-26-009059,365,EXACT_PERIOD_ANNUAL_FORM_ANNUAL_DURATION_PREREGISTERED_CONCEPT
OXY,0000797468,fy_minus_3_diluted_shares,1002000000.0,https://data.sec.gov/api/xbrl/companyfacts/CIK0000797468.json,us-gaap,WeightedAverageNumberOfDilutedSharesOutstanding,shares,2022-01-01,2022-12-31,2025-02-18,10-K,0000797468-25-000029,364,EXACT_PERIOD_ANNUAL_FORM_ANNUAL_DURATION_PREREGISTERED_CONCEPT
OXY,0000797468,annual_sbc,234000000.0,https://data.sec.gov/api/xbrl/companyfacts/CIK0000797468.json,us-gaap,AllocatedShareBasedCompensationExpense,USD,2025-01-01,2025-12-31,2026-02-18,10-K,0001628280-26-009059,364,EXACT_PERIOD_ANNUAL_FORM_ANNUAL_DURATION_PREREGISTERED_CONCEPT
OXY,0000797468,diluted_shares_yoy,0.03412263468100507,,,,,,,,,,,DETERMINISTIC_DERIVATION_FROM_CANDIDATE_PRIMARY_FACTS
OXY,0000797468,fcf_per_share_cagr3,-0.3061623559126502,,,,,,,,,,,DETERMINISTIC_DERIVATION_FROM_CANDIDATE_PRIMARY_FACTS
OXY,0000797468,sbc_to_revenue,0.010836845273931367,,,,,,,,,,,DETERMINISTIC_DERIVATION_FROM_CANDIDATE_PRIMARY_FACTS
PCAR,0000075362,annual_sbc,24100000.0,https://data.sec.gov/api/xbrl/companyfacts/CIK0000075362.json,us-gaap,AllocatedShareBasedCompensationExpense,USD,2025-01-01,2025-12-31,2026-02-18,10-K,0001193125-26-057025,364,EXACT_PERIOD_ANNUAL_FORM_ANNUAL_DURATION_PREREGISTERED_CONCEPT
PCAR,0000075362,sbc_to_revenue,0.0008472550343120711,,,,,,,,,,,DETERMINISTIC_DERIVATION_FROM_CANDIDATE_PRIMARY_FACTS
PCG,0001004980,annual_sbc,134000000.0,https://data.sec.gov/api/xbrl/companyfacts/CIK0001004980.json,us-gaap,AllocatedShareBasedCompensationExpense,USD,2025-01-01,2025-12-31,2026-02-12,10-K,0001004980-26-000009,364,EXACT_PERIOD_ANNUAL_FORM_ANNUAL_DURATION_PREREGISTERED_CONCEPT
PCG,0001004980,sbc_to_revenue,0.0053739723280529375,,,,,,,,,,,DETERMINISTIC_DERIVATION_FROM_CANDIDATE_PRIMARY_FACTS
PEG,0000788784,annual_sbc,43000000.0,https://data.sec.gov/api/xbrl/companyfacts/CIK0000788784.json,us-gaap,AllocatedShareBasedCompensationExpense,USD,2025-01-01,2025-12-31,2026-02-26,10-K,0001193125-26-077446,364,EXACT_PERIOD_ANNUAL_FORM_ANNUAL_DURATION_PREREGISTERED_CONCEPT
PEG,0000788784,sbc_to_revenue,0.0035338593030900724,,,,,,,,,,,DETERMINISTIC_DERIVATION_FROM_CANDIDATE_PRIMARY_FACTS
PG,0000080424,annual_diluted_shares,2454400000.0,https://data.sec.gov/api/xbrl/companyfacts/CIK0000080424.json,us-gaap,WeightedAverageNumberOfDilutedSharesOutstanding,shares,2024-07-01,2025-06-30,2026-08-04,10-K,0000080424-26-000103,364,EXACT_PERIOD_ANNUAL_FORM_ANNUAL_DURATION_PREREGISTERED_CONCEPT
PG,0000080424,prior_diluted_shares,2471900000.0,https://data.sec.gov/api/xbrl/companyfacts/CIK0000080424.json,us-gaap,WeightedAverageNumberOfDilutedSharesOutstanding,shares,2023-07-01,2024-06-30,2026-08-04,10-K,0000080424-26-000103,365,EXACT_PERIOD_ANNUAL_FORM_ANNUAL_DURATION_PREREGISTERED_CONCEPT
PG,0000080424,fy_minus_3_diluted_shares,2539100000.0,https://data.sec.gov/api/xbrl/companyfacts/CIK0000080424.json,us-gaap,WeightedAverageNumberOfDilutedSharesOutstanding,shares,2021-07-01,2022-06-30,2024-08-05,10-K,0000080424-24-000083,364,EXACT_PERIOD_ANNUAL_FORM_ANNUAL_DURATION_PREREGISTERED_CONCEPT
PG,0000080424,diluted_shares_yoy,-0.007079574416440804,,,,,,,,,,,DETERMINISTIC_DERIVATION_FROM_CANDIDATE_PRIMARY_FACTS
PG,0000080424,fcf_per_share_cagr3,0.02308995267387992,,,,,,,,,,,DETERMINISTIC_DERIVATION_FROM_CANDIDATE_PRIMARY_FACTS
PH,0000076334,annual_diluted_shares,130200000.0,https://data.sec.gov/api/xbrl/companyfacts/CIK0000076334.json,us-gaap,WeightedAverageNumberOfDilutedSharesOutstanding,shares,2024-07-01,2025-06-30,2026-08-21,10-K,0000076334-26-000105,364,EXACT_PERIOD_ANNUAL_FORM_ANNUAL_DURATION_PREREGISTERED_CONCEPT
PH,0000076334,prior_diluted_shares,130200000.0,https://data.sec.gov/api/xbrl/companyfacts/CIK0000076334.json,us-gaap,WeightedAverageNumberOfDilutedSharesOutstanding,shares,2023-07-01,2024-06-30,2026-08-21,10-K,0000076334-26-000105,365,EXACT_PERIOD_ANNUAL_FORM_ANNUAL_DURATION_PREREGISTERED_CONCEPT
PH,0000076334,fy_minus_3_diluted_shares,130355943.0,https://data.sec.gov/api/xbrl/companyfacts/CIK0000076334.json,us-gaap,WeightedAverageNumberOfDilutedSharesOutstanding,shares,2021-07-01,2022-06-30,2024-08-22,10-K,0000076334-24-000044,364,EXACT_PERIOD_ANNUAL_FORM_ANNUAL_DURATION_PREREGISTERED_CONCEPT
PH,0000076334,diluted_shares_yoy,0.0,,,,,,,,,,,DETERMINISTIC_DERIVATION_FROM_CANDIDATE_PRIMARY_FACTS
PH,0000076334,fcf_per_share_cagr3,0.1478653671196517,,,,,,,,,,,DETERMINISTIC_DERIVATION_FROM_CANDIDATE_PRIMARY_FACTS
PKG,0000075677,annual_diluted_shares,89600000.0,https://data.sec.gov/api/xbrl/companyfacts/CIK0000075677.json,us-gaap,WeightedAverageNumberOfDilutedSharesOutstanding,shares,2025-01-01,2025-12-31,2026-02-26,10-K,0001193125-26-074129,364,EXACT_PERIOD_ANNUAL_FORM_ANNUAL_DURATION_PREREGISTERED_CONCEPT
PKG,0000075677,prior_diluted_shares,89500000.0,https://data.sec.gov/api/xbrl/companyfacts/CIK0000075677.json,us-gaap,WeightedAverageNumberOfDilutedSharesOutstanding,shares,2024-01-01,2024-12-31,2026-02-26,10-K,0001193125-26-074129,365,EXACT_PERIOD_ANNUAL_FORM_ANNUAL_DURATION_PREREGISTERED_CONCEPT
PKG,0000075677,fy_minus_3_diluted_shares,92700000.0,https://data.sec.gov/api/xbrl/companyfacts/CIK0000075677.json,us-gaap,WeightedAverageNumberOfDilutedSharesOutstanding,shares,2022-01-01,2022-12-31,2025-02-27,10-K,0000950170-25-028533,364,EXACT_PERIOD_ANNUAL_FORM_ANNUAL_DURATION_PREREGISTERED_CONCEPT
PKG,0000075677,diluted_shares_yoy,0.0011173184357542443,,,,,,,,,,,DETERMINISTIC_DERIVATION_FROM_CANDIDATE_PRIMARY_FACTS
PKG,0000075677,fcf_per_share_cagr3,0.03965507803257462,,,,,,,,,,,DETERMINISTIC_DERIVATION_FROM_CANDIDATE_PRIMARY_FACTS
PM,0001413329,annual_diluted_shares,1558000000.0,https://data.sec.gov/api/xbrl/companyfacts/CIK0001413329.json,us-gaap,WeightedAverageNumberOfDilutedSharesOutstanding,shares,2025-01-01,2025-12-31,2026-02-06,10-K,0001628280-26-005939,364,EXACT_PERIOD_ANNUAL_FORM_ANNUAL_DURATION_PREREGISTERED_CONCEPT
PM,0001413329,prior_diluted_shares,1556000000.0,https://data.sec.gov/api/xbrl/companyfacts/CIK0001413329.json,us-gaap,WeightedAverageNumberOfDilutedSharesOutstanding,shares,2024-01-01,2024-12-31,2026-02-06,10-K,0001628280-26-005939,365,EXACT_PERIOD_ANNUAL_FORM_ANNUAL_DURATION_PREREGISTERED_CONCEPT
PM,0001413329,fy_minus_3_diluted_shares,1552000000.0,https://data.sec.gov/api/xbrl/companyfacts/CIK0001413329.json,us-gaap,WeightedAverageNumberOfDilutedSharesOutstanding,shares,2022-01-01,2022-12-31,2025-02-06,10-K,0001413329-25-000013,364,EXACT_PERIOD_ANNUAL_FORM_ANNUAL_DURATION_PREREGISTERED_CONCEPT
PM,0001413329,diluted_shares_yoy,0.0012853470437017567,,,,,,,,,,,DETERMINISTIC_DERIVATION_FROM_CANDIDATE_PRIMARY_FACTS
PM,0001413329,fcf_per_share_cagr3,0.029840684534723882,,,,,,,,,,,DETERMINISTIC_DERIVATION_FROM_CANDIDATE_PRIMARY_FACTS
PPG,0000079879,annual_diluted_shares,227100000.0,https://data.sec.gov/api/xbrl/companyfacts/CIK0000079879.json,us-gaap,WeightedAverageNumberOfDilutedSharesOutstanding,shares,2025-01-01,2025-12-31,2026-02-19,10-K,0000079879-26-000046,364,EXACT_PERIOD_ANNUAL_FORM_ANNUAL_DURATION_PREREGISTERED_CONCEPT
PPG,0000079879,prior_diluted_shares,234900000.0,https://data.sec.gov/api/xbrl/companyfacts/CIK0000079879.json,us-gaap,WeightedAverageNumberOfDilutedSharesOutstanding,shares,2024-01-01,2024-12-31,2026-02-19,10-K,0000079879-26-000046,365,EXACT_PERIOD_ANNUAL_FORM_ANNUAL_DURATION_PREREGISTERED_CONCEPT
PPG,0000079879,fy_minus_3_diluted_shares,237300000.0,https://data.sec.gov/api/xbrl/companyfacts/CIK0000079879.json,us-gaap,WeightedAverageNumberOfDilutedSharesOutstanding,shares,2022-01-01,2022-12-31,2025-02-20,10-K,0000079879-25-000034,364,EXACT_PERIOD_ANNUAL_FORM_ANNUAL_DURATION_PREREGISTERED_CONCEPT
PPG,0000079879,diluted_shares_yoy,-0.033205619412515985,,,,,,,,,,,DETERMINISTIC_DERIVATION_FROM_CANDIDATE_PRIMARY_FACTS
PPG,0000079879,fcf_per_share_cagr3,0.39776266456170517,,,,,,,,,,,DETERMINISTIC_DERIVATION_FROM_CANDIDATE_PRIMARY_FACTS
RCL,0000884887,annual_diluted_shares,274000000.0,https://data.sec.gov/api/xbrl/companyfacts/CIK0000884887.json,us-gaap,WeightedAverageNumberOfDilutedSharesOutstanding,shares,2025-01-01,2025-12-31,2026-02-11,10-K,0000884887-26-000007,364,EXACT_PERIOD_ANNUAL_FORM_ANNUAL_DURATION_PREREGISTERED_CONCEPT
RCL,0000884887,prior_diluted_shares,279000000.0,https://data.sec.gov/api/xbrl/companyfacts/CIK0000884887.json,us-gaap,WeightedAverageNumberOfDilutedSharesOutstanding,shares,2024-01-01,2024-12-31,2026-02-11,10-K,0000884887-26-000007,365,EXACT_PERIOD_ANNUAL_FORM_ANNUAL_DURATION_PREREGISTERED_CONCEPT
RCL,0000884887,fy_minus_3_diluted_shares,255000000.0,https://data.sec.gov/api/xbrl/companyfacts/CIK0000884887.json,us-gaap,WeightedAverageNumberOfDilutedSharesOutstanding,shares,2022-01-01,2022-12-31,2025-02-14,10-K,0000884887-25-000050,364,EXACT_PERIOD_ANNUAL_FORM_ANNUAL_DURATION_PREREGISTERED_CONCEPT
RCL,0000884887,diluted_shares_yoy,-0.017921146953404965,,,,,,,,,,,DETERMINISTIC_DERIVATION_FROM_CANDIDATE_PRIMARY_FACTS
RTX,0000101829,fy_minus_3_operating_cash_flow,7168000000.0,https://data.sec.gov/api/xbrl/companyfacts/CIK0000101829.json,us-gaap,NetCashProvidedByUsedInOperatingActivities,USD,2022-01-01,2022-12-31,2025-02-03,10-K,0000101829-25-000005,364,EXACT_PERIOD_ANNUAL_FORM_ANNUAL_DURATION_PREREGISTERED_CONCEPT
RTX,0000101829,fcf_per_share_cagr3,0.2124602071774968,,,,,,,,,,,DETERMINISTIC_DERIVATION_FROM_CANDIDATE_PRIMARY_FACTS
RTX,0000101829,fcf_cagr3,0.1761613217940765,,,,,,,,,,,DETERMINISTIC_DERIVATION_FROM_CANDIDATE_PRIMARY_FACTS
SRE,0001032208,annual_revenue,12418000000.0,https://data.sec.gov/api/xbrl/companyfacts/CIK0001032208.json,us-gaap,RevenueFromContractWithCustomerExcludingAssessedTax,USD,2025-01-01,2025-12-31,2026-02-26,10-K,0001032208-26-000010,364,EXACT_PERIOD_ANNUAL_FORM_ANNUAL_DURATION_PREREGISTERED_CONCEPT
SRE,0001032208,fy_minus_3_revenue,13722000000.0,https://data.sec.gov/api/xbrl/companyfacts/CIK0001032208.json,us-gaap,RevenueFromContractWithCustomerExcludingAssessedTax,USD,2022-01-01,2022-12-31,2025-02-25,10-K,0001032208-25-000012,364,EXACT_PERIOD_ANNUAL_FORM_ANNUAL_DURATION_PREREGISTERED_CONCEPT
SRE,0001032208,revenue_cagr3,-0.03273661804283956,,,,,,,,,,,DETERMINISTIC_DERIVATION_FROM_CANDIDATE_PRIMARY_FACTS
SRE,0001032208,sbc_to_revenue,0.005153808986954421,,,,,,,,,,,DETERMINISTIC_DERIVATION_FROM_CANDIDATE_PRIMARY_FACTS
STE,0001757898,annual_diluted_shares,98700000.0,https://data.sec.gov/api/xbrl/companyfacts/CIK0001757898.json,us-gaap,WeightedAverageNumberOfDilutedSharesOutstanding,shares,2025-04-01,2026-03-31,2026-05-29,10-K,0001628280-26-039136,364,EXACT_PERIOD_ANNUAL_FORM_ANNUAL_DURATION_PREREGISTERED_CONCEPT
STE,0001757898,prior_diluted_shares,99100000.0,https://data.sec.gov/api/xbrl/companyfacts/CIK0001757898.json,us-gaap,WeightedAverageNumberOfDilutedSharesOutstanding,shares,2024-04-01,2025-03-31,2026-05-29,10-K,0001628280-26-039136,364,EXACT_PERIOD_ANNUAL_FORM_ANNUAL_DURATION_PREREGISTERED_CONCEPT
STE,0001757898,fy_minus_3_diluted_shares,100246000.0,https://data.sec.gov/api/xbrl/companyfacts/CIK0001757898.json,us-gaap,WeightedAverageNumberOfDilutedSharesOutstanding,shares,2022-04-01,2023-03-31,2025-05-29,10-K,0001757898-25-000005,364,EXACT_PERIOD_ANNUAL_FORM_ANNUAL_DURATION_PREREGISTERED_CONCEPT
STE,0001757898,diluted_shares_yoy,-0.004036326942482349,,,,,,,,,,,DETERMINISTIC_DERIVATION_FROM_CANDIDATE_PRIMARY_FACTS
STE,0001757898,fcf_per_share_cagr3,0.3572941622792578,,,,,,,,,,,DETERMINISTIC_DERIVATION_FROM_CANDIDATE_PRIMARY_FACTS
T,0000732717,annual_diluted_shares,7179000000.0,https://data.sec.gov/api/xbrl/companyfacts/CIK0000732717.json,us-gaap,WeightedAverageNumberOfDilutedSharesOutstanding,shares,2025-01-01,2025-12-31,2026-02-09,10-K,0000732717-26-000120,364,EXACT_PERIOD_ANNUAL_FORM_ANNUAL_DURATION_PREREGISTERED_CONCEPT
T,0000732717,prior_diluted_shares,7204000000.0,https://data.sec.gov/api/xbrl/companyfacts/CIK0000732717.json,us-gaap,WeightedAverageNumberOfDilutedSharesOutstanding,shares,2024-01-01,2024-12-31,2026-02-09,10-K,0000732717-26-000120,365,EXACT_PERIOD_ANNUAL_FORM_ANNUAL_DURATION_PREREGISTERED_CONCEPT
T,0000732717,fy_minus_3_diluted_shares,7587000000.0,https://data.sec.gov/api/xbrl/companyfacts/CIK0000732717.json,us-gaap,WeightedAverageNumberOfDilutedSharesOutstanding,shares,2022-01-01,2022-12-31,2025-02-12,10-K,0000732717-25-000013,364,EXACT_PERIOD_ANNUAL_FORM_ANNUAL_DURATION_PREREGISTERED_CONCEPT
T,0000732717,annual_sbc,536000000.0,https://data.sec.gov/api/xbrl/companyfacts/CIK0000732717.json,us-gaap,AllocatedShareBasedCompensationExpense,USD,2025-01-01,2025-12-31,2026-02-09,10-K,0000732717-26-000120,364,EXACT_PERIOD_ANNUAL_FORM_ANNUAL_DURATION_PREREGISTERED_CONCEPT
T,0000732717,diluted_shares_yoy,-0.003470294280955022,,,,,,,,,,,DETERMINISTIC_DERIVATION_FROM_CANDIDATE_PRIMARY_FACTS
T,0000732717,sbc_to_revenue,0.0042658856487966385,,,,,,,,,,,DETERMINISTIC_DERIVATION_FROM_CANDIDATE_PRIMARY_FACTS
TDG,0001260221,annual_sbc,152000000.0,https://data.sec.gov/api/xbrl/companyfacts/CIK0001260221.json,us-gaap,ShareBasedCompensation,USD,2024-10-01,2025-09-30,2025-11-12,10-K,0001260221-25-000081,364,EXACT_PERIOD_ANNUAL_FORM_ANNUAL_DURATION_PREREGISTERED_CONCEPT
TDG,0001260221,sbc_to_revenue,0.017212093760616012,,,,,,,,,,,DETERMINISTIC_DERIVATION_FROM_CANDIDATE_PRIMARY_FACTS
TJX,0000109198,annual_revenue,60372000000.0,https://data.sec.gov/api/xbrl/companyfacts/CIK0000109198.json,us-gaap,RevenueFromContractWithCustomerIncludingAssessedTax,USD,2025-02-02,2026-01-31,2026-03-31,10-K,0000109198-26-000008,363,EXACT_PERIOD_ANNUAL_FORM_ANNUAL_DURATION_PREREGISTERED_CONCEPT
TJX,0000109198,sbc_to_revenue,0.0035446895912012192,,,,,,,,,,,DETERMINISTIC_DERIVATION_FROM_CANDIDATE_PRIMARY_FACTS
TROW,0001113169,annual_diluted_shares,220300000.0,https://data.sec.gov/api/xbrl/companyfacts/CIK0001113169.json,us-gaap,WeightedAverageNumberOfDilutedSharesOutstanding,shares,2025-01-01,2025-12-31,2026-02-13,10-K,0001628280-26-008002,364,EXACT_PERIOD_ANNUAL_FORM_ANNUAL_DURATION_PREREGISTERED_CONCEPT
TROW,0001113169,prior_diluted_shares,223300000.0,https://data.sec.gov/api/xbrl/companyfacts/CIK0001113169.json,us-gaap,WeightedAverageNumberOfDilutedSharesOutstanding,shares,2024-01-01,2024-12-31,2026-02-13,10-K,0001628280-26-008002,365,EXACT_PERIOD_ANNUAL_FORM_ANNUAL_DURATION_PREREGISTERED_CONCEPT
TROW,0001113169,fy_minus_3_diluted_shares,227100000.0,https://data.sec.gov/api/xbrl/companyfacts/CIK0001113169.json,us-gaap,WeightedAverageNumberOfDilutedSharesOutstanding,shares,2022-01-01,2022-12-31,2025-02-14,10-K,0001113169-25-000007,364,EXACT_PERIOD_ANNUAL_FORM_ANNUAL_DURATION_PREREGISTERED_CONCEPT
TROW,0001113169,diluted_shares_yoy,-0.013434841021047972,,,,,,,,,,,DETERMINISTIC_DERIVATION_FROM_CANDIDATE_PRIMARY_FACTS
TROW,0001113169,fcf_per_share_cagr3,-0.10427431040208579,,,,,,,,,,,DETERMINISTIC_DERIVATION_FROM_CANDIDATE_PRIMARY_FACTS
TT,0001466258,annual_diluted_shares,224900000.0,https://data.sec.gov/api/xbrl/companyfacts/CIK0001466258.json,us-gaap,WeightedAverageNumberOfDilutedSharesOutstanding,shares,2025-01-01,2025-12-31,2026-02-05,10-K,0001628280-26-005731,364,EXACT_PERIOD_ANNUAL_FORM_ANNUAL_DURATION_PREREGISTERED_CONCEPT
TT,0001466258,prior_diluted_shares,228400000.0,https://data.sec.gov/api/xbrl/companyfacts/CIK0001466258.json,us-gaap,WeightedAverageNumberOfDilutedSharesOutstanding,shares,2024-01-01,2024-12-31,2026-02-05,10-K,0001628280-26-005731,365,EXACT_PERIOD_ANNUAL_FORM_ANNUAL_DURATION_PREREGISTERED_CONCEPT
TT,0001466258,fy_minus_3_diluted_shares,234900000.0,https://data.sec.gov/api/xbrl/companyfacts/CIK0001466258.json,us-gaap,WeightedAverageNumberOfDilutedSharesOutstanding,shares,2022-01-01,2022-12-31,2025-02-06,10-K,0001466258-25-000039,364,EXACT_PERIOD_ANNUAL_FORM_ANNUAL_DURATION_PREREGISTERED_CONCEPT
TT,0001466258,diluted_shares_yoy,-0.015323992994746072,,,,,,,,,,,DETERMINISTIC_DERIVATION_FROM_CANDIDATE_PRIMARY_FACTS
TT,0001466258,fcf_per_share_cagr3,0.34303023498210394,,,,,,,,,,,DETERMINISTIC_DERIVATION_FROM_CANDIDATE_PRIMARY_FACTS
TYL,0000860731,annual_diluted_shares,43812000.0,https://data.sec.gov/api/xbrl/companyfacts/CIK0000860731.json,us-gaap,WeightedAverageNumberOfDilutedSharesOutstanding,shares,2025-01-01,2025-12-31,2026-02-18,10-K,0000860731-26-000016,364,EXACT_PERIOD_ANNUAL_FORM_ANNUAL_DURATION_PREREGISTERED_CONCEPT
TYL,0000860731,prior_diluted_shares,43497000.0,https://data.sec.gov/api/xbrl/companyfacts/CIK0000860731.json,us-gaap,WeightedAverageNumberOfDilutedSharesOutstanding,shares,2024-01-01,2024-12-31,2026-02-18,10-K,0000860731-26-000016,365,EXACT_PERIOD_ANNUAL_FORM_ANNUAL_DURATION_PREREGISTERED_CONCEPT
TYL,0000860731,fy_minus_3_diluted_shares,42399000.0,https://data.sec.gov/api/xbrl/companyfacts/CIK0000860731.json,us-gaap,WeightedAverageNumberOfDilutedSharesOutstanding,shares,2022-01-01,2022-12-31,2025-02-19,10-K,0000860731-25-000007,364,EXACT_PERIOD_ANNUAL_FORM_ANNUAL_DURATION_PREREGISTERED_CONCEPT
TYL,0000860731,diluted_shares_yoy,0.007241878750258612,,,,,,,,,,,DETERMINISTIC_DERIVATION_FROM_CANDIDATE_PRIMARY_FACTS
TYL,0000860731,fcf_per_share_cagr3,0.19789557251252754,,,,,,,,,,,DETERMINISTIC_DERIVATION_FROM_CANDIDATE_PRIMARY_FACTS
UAL,0000100517,annual_diluted_shares,328500000.0,https://data.sec.gov/api/xbrl/companyfacts/CIK0000100517.json,us-gaap,WeightedAverageNumberOfDilutedSharesOutstanding,shares,2025-01-01,2025-12-31,2026-02-12,10-K,0000100517-26-000023,364,EXACT_PERIOD_ANNUAL_FORM_ANNUAL_DURATION_PREREGISTERED_CONCEPT
UAL,0000100517,prior_diluted_shares,333200000.0,https://data.sec.gov/api/xbrl/companyfacts/CIK0000100517.json,us-gaap,WeightedAverageNumberOfDilutedSharesOutstanding,shares,2024-01-01,2024-12-31,2026-02-12,10-K,0000100517-26-000023,365,EXACT_PERIOD_ANNUAL_FORM_ANNUAL_DURATION_PREREGISTERED_CONCEPT
UAL,0000100517,fy_minus_3_diluted_shares,330100000.0,https://data.sec.gov/api/xbrl/companyfacts/CIK0000100517.json,us-gaap,WeightedAverageNumberOfDilutedSharesOutstanding,shares,2022-01-01,2022-12-31,2025-02-27,10-K,0000100517-25-000046,364,EXACT_PERIOD_ANNUAL_FORM_ANNUAL_DURATION_PREREGISTERED_CONCEPT
UAL,0000100517,annual_sbc,148000000.0,https://data.sec.gov/api/xbrl/companyfacts/CIK0000100517.json,us-gaap,AllocatedShareBasedCompensationExpense,USD,2025-01-01,2025-12-31,2026-02-12,10-K,0000100517-26-000023,364,EXACT_PERIOD_ANNUAL_FORM_ANNUAL_DURATION_PREREGISTERED_CONCEPT
UAL,0000100517,diluted_shares_yoy,-0.014105642256902806,,,,,,,,,,,DETERMINISTIC_DERIVATION_FROM_CANDIDATE_PRIMARY_FACTS
UAL,0000100517,fcf_per_share_cagr3,0.27250102742455407,,,,,,,,,,,DETERMINISTIC_DERIVATION_FROM_CANDIDATE_PRIMARY_FACTS
UAL,0000100517,sbc_to_revenue,0.002505501946842729,,,,,,,,,,,DETERMINISTIC_DERIVATION_FROM_CANDIDATE_PRIMARY_FACTS
UNP,0000100885,annual_sbc,142000000.0,https://data.sec.gov/api/xbrl/companyfacts/CIK0000100885.json,us-gaap,AllocatedShareBasedCompensationExpense,USD,2025-01-01,2025-12-31,2026-02-06,10-K,0000100885-26-000037,364,EXACT_PERIOD_ANNUAL_FORM_ANNUAL_DURATION_PREREGISTERED_CONCEPT
UNP,0000100885,sbc_to_revenue,0.005793553651570788,,,,,,,,,,,DETERMINISTIC_DERIVATION_FROM_CANDIDATE_PRIMARY_FACTS
UPS,0001090727,annual_diluted_shares,850000000.0,https://data.sec.gov/api/xbrl/companyfacts/CIK0001090727.json,us-gaap,WeightedAverageNumberOfDilutedSharesOutstanding,shares,2025-01-01,2025-12-31,2026-02-17,10-K,0001628280-26-008432,364,EXACT_PERIOD_ANNUAL_FORM_ANNUAL_DURATION_PREREGISTERED_CONCEPT
UPS,0001090727,prior_diluted_shares,856000000.0,https://data.sec.gov/api/xbrl/companyfacts/CIK0001090727.json,us-gaap,WeightedAverageNumberOfDilutedSharesOutstanding,shares,2024-01-01,2024-12-31,2026-02-17,10-K,0001628280-26-008432,365,EXACT_PERIOD_ANNUAL_FORM_ANNUAL_DURATION_PREREGISTERED_CONCEPT
UPS,0001090727,fy_minus_3_diluted_shares,875000000.0,https://data.sec.gov/api/xbrl/companyfacts/CIK0001090727.json,us-gaap,WeightedAverageNumberOfDilutedSharesOutstanding,shares,2022-01-01,2022-12-31,2025-02-18,10-K,0001090727-25-000019,364,EXACT_PERIOD_ANNUAL_FORM_ANNUAL_DURATION_PREREGISTERED_CONCEPT
UPS,0001090727,diluted_shares_yoy,-0.007009345794392496,,,,,,,,,,,DETERMINISTIC_DERIVATION_FROM_CANDIDATE_PRIMARY_FACTS
UPS,0001090727,fcf_per_share_cagr3,-0.19305134263278267,,,,,,,,,,,DETERMINISTIC_DERIVATION_FROM_CANDIDATE_PRIMARY_FACTS
URI,0001067701,fy_minus_3_capex,3690000000.0,https://data.sec.gov/api/xbrl/companyfacts/CIK0001067701.json,us-gaap,PaymentsToAcquireProductiveAssets,USD,2022-01-01,2022-12-31,2025-01-29,10-K,0001067701-25-000008,364,EXACT_PERIOD_ANNUAL_FORM_ANNUAL_DURATION_PREREGISTERED_CONCEPT
URI,0001067701,annual_diluted_shares,64604000.0,https://data.sec.gov/api/xbrl/companyfacts/CIK0001067701.json,us-gaap,WeightedAverageNumberOfDilutedSharesOutstanding,shares,2025-01-01,2025-12-31,2026-01-28,10-K,0001067701-26-000007,364,EXACT_PERIOD_ANNUAL_FORM_ANNUAL_DURATION_PREREGISTERED_CONCEPT
URI,0001067701,prior_diluted_shares,66567000.0,https://data.sec.gov/api/xbrl/companyfacts/CIK0001067701.json,us-gaap,WeightedAverageNumberOfDilutedSharesOutstanding,shares,2024-01-01,2024-12-31,2026-01-28,10-K,0001067701-26-000007,365,EXACT_PERIOD_ANNUAL_FORM_ANNUAL_DURATION_PREREGISTERED_CONCEPT
URI,0001067701,fy_minus_3_diluted_shares,70973000.0,https://data.sec.gov/api/xbrl/companyfacts/CIK0001067701.json,us-gaap,WeightedAverageNumberOfDilutedSharesOutstanding,shares,2022-01-01,2022-12-31,2025-01-29,10-K,0001067701-25-000008,364,EXACT_PERIOD_ANNUAL_FORM_ANNUAL_DURATION_PREREGISTERED_CONCEPT
URI,0001067701,diluted_shares_yoy,-0.029489086183844826,,,,,,,,,,,DETERMINISTIC_DERIVATION_FROM_CANDIDATE_PRIMARY_FACTS
VLO,0001035002,annual_revenue,122687000000.0,https://data.sec.gov/api/xbrl/companyfacts/CIK0001035002.json,us-gaap,RevenueFromContractWithCustomerIncludingAssessedTax,USD,2025-01-01,2025-12-31,2026-02-25,10-K,0001628280-26-011499,364,EXACT_PERIOD_ANNUAL_FORM_ANNUAL_DURATION_PREREGISTERED_CONCEPT
VLO,0001035002,fy_minus_3_revenue,176383000000.0,https://data.sec.gov/api/xbrl/companyfacts/CIK0001035002.json,us-gaap,RevenueFromContractWithCustomerIncludingAssessedTax,USD,2022-01-01,2022-12-31,2025-02-26,10-K,0001035002-25-000005,364,EXACT_PERIOD_ANNUAL_FORM_ANNUAL_DURATION_PREREGISTERED_CONCEPT
VLO,0001035002,fy_minus_3_capex,2737000000.0,https://data.sec.gov/api/xbrl/companyfacts/CIK0001035002.json,us-gaap,PaymentsToAcquireProductiveAssets,USD,2022-01-01,2022-12-31,2025-02-26,10-K,0001035002-25-000005,364,EXACT_PERIOD_ANNUAL_FORM_ANNUAL_DURATION_PREREGISTERED_CONCEPT
VLO,0001035002,annual_sbc,117000000.0,https://data.sec.gov/api/xbrl/companyfacts/CIK0001035002.json,us-gaap,ShareBasedCompensation,USD,2025-01-01,2025-12-31,2026-02-25,10-K,0001628280-26-011499,364,EXACT_PERIOD_ANNUAL_FORM_ANNUAL_DURATION_PREREGISTERED_CONCEPT
VLO,0001035002,revenue_cagr3,-0.11397235202184985,,,,,,,,,,,DETERMINISTIC_DERIVATION_FROM_CANDIDATE_PRIMARY_FACTS
VLO,0001035002,sbc_to_revenue,0.0009536462705910161,,,,,,,,,,,DETERMINISTIC_DERIVATION_FROM_CANDIDATE_PRIMARY_FACTS
WDAY,0001327811,fy_minus_3_capex,364000000.0,https://data.sec.gov/api/xbrl/companyfacts/CIK0001327811.json,us-gaap,PaymentsToAcquirePropertyPlantAndEquipment,USD,2022-02-01,2023-01-31,2025-03-11,10-K,0001327811-25-000056,364,EXACT_PERIOD_ANNUAL_FORM_ANNUAL_DURATION_PREREGISTERED_CONCEPT
WDAY,0001327811,fcf_per_share_cagr3,0.26844927981694355,,,,,,,,,,,DETERMINISTIC_DERIVATION_FROM_CANDIDATE_PRIMARY_FACTS
WDAY,0001327811,fcf_cagr3,0.2901413284108858,,,,,,,,,,,DETERMINISTIC_DERIVATION_FROM_CANDIDATE_PRIMARY_FACTS
WM,0000823768,annual_diluted_shares,404200000.0,https://data.sec.gov/api/xbrl/companyfacts/CIK0000823768.json,us-gaap,WeightedAverageNumberOfDilutedSharesOutstanding,shares,2025-01-01,2025-12-31,2026-02-09,10-K,0001104659-26-012049,364,EXACT_PERIOD_ANNUAL_FORM_ANNUAL_DURATION_PREREGISTERED_CONCEPT
WM,0000823768,prior_diluted_shares,403400000.0,https://data.sec.gov/api/xbrl/companyfacts/CIK0000823768.json,us-gaap,WeightedAverageNumberOfDilutedSharesOutstanding,shares,2024-01-01,2024-12-31,2026-02-09,10-K,0001104659-26-012049,365,EXACT_PERIOD_ANNUAL_FORM_ANNUAL_DURATION_PREREGISTERED_CONCEPT
WM,0000823768,fy_minus_3_diluted_shares,415000000.0,https://data.sec.gov/api/xbrl/companyfacts/CIK0000823768.json,us-gaap,WeightedAverageNumberOfDilutedSharesOutstanding,shares,2022-01-01,2022-12-31,2025-02-19,10-K,0001558370-25-001132,364,EXACT_PERIOD_ANNUAL_FORM_ANNUAL_DURATION_PREREGISTERED_CONCEPT
WM,0000823768,diluted_shares_yoy,0.001983143282102029,,,,,,,,,,,DETERMINISTIC_DERIVATION_FROM_CANDIDATE_PRIMARY_FACTS
WM,0000823768,fcf_per_share_cagr3,0.14048838399238295,,,,,,,,,,,DETERMINISTIC_DERIVATION_FROM_CANDIDATE_PRIMARY_FACTS
WMT,0000104169,annual_sbc,3603000000.0,https://data.sec.gov/api/xbrl/companyfacts/CIK0000104169.json,us-gaap,AllocatedShareBasedCompensationExpense,USD,2025-02-01,2026-01-31,2026-03-13,10-K,0000104169-26-000055,364,EXACT_PERIOD_ANNUAL_FORM_ANNUAL_DURATION_PREREGISTERED_CONCEPT
WMT,0000104169,sbc_to_revenue,0.005100415762450578,,,,,,,,,,,DETERMINISTIC_DERIVATION_FROM_CANDIDATE_PRIMARY_FACTS
WYNN,0001174922,annual_revenue,7137924000.0,https://data.sec.gov/api/xbrl/companyfacts/CIK0001174922.json,us-gaap,RevenueFromContractWithCustomerIncludingAssessedTax,USD,2025-01-01,2025-12-31,2026-03-02,10-K,0001174922-26-000013,364,EXACT_PERIOD_ANNUAL_FORM_ANNUAL_DURATION_PREREGISTERED_CONCEPT
WYNN,0001174922,fy_minus_3_revenue,3756825000.0,https://data.sec.gov/api/xbrl/companyfacts/CIK0001174922.json,us-gaap,RevenueFromContractWithCustomerIncludingAssessedTax,USD,2022-01-01,2022-12-31,2025-02-13,10-K,0001174922-25-000039,364,EXACT_PERIOD_ANNUAL_FORM_ANNUAL_DURATION_PREREGISTERED_CONCEPT
WYNN,0001174922,revenue_cagr3,0.23855981362120016,,,,,,,,,,,DETERMINISTIC_DERIVATION_FROM_CANDIDATE_PRIMARY_FACTS
WYNN,0001174922,sbc_to_revenue,0.012878674527775863,,,,,,,,,,,DETERMINISTIC_DERIVATION_FROM_CANDIDATE_PRIMARY_FACTS
YUM,0001041061,annual_diluted_shares,281000000.0,https://data.sec.gov/api/xbrl/companyfacts/CIK0001041061.json,us-gaap,WeightedAverageNumberOfDilutedSharesOutstanding,shares,2025-01-01,2025-12-31,2026-02-20,10-K,0001041061-26-000084,364,EXACT_PERIOD_ANNUAL_FORM_ANNUAL_DURATION_PREREGISTERED_CONCEPT
YUM,0001041061,prior_diluted_shares,285000000.0,https://data.sec.gov/api/xbrl/companyfacts/CIK0001041061.json,us-gaap,WeightedAverageNumberOfDilutedSharesOutstanding,shares,2024-01-01,2024-12-31,2026-02-20,10-K,0001041061-26-000084,365,EXACT_PERIOD_ANNUAL_FORM_ANNUAL_DURATION_PREREGISTERED_CONCEPT
YUM,0001041061,fy_minus_3_diluted_shares,290000000.0,https://data.sec.gov/api/xbrl/companyfacts/CIK0001041061.json,us-gaap,WeightedAverageNumberOfDilutedSharesOutstanding,shares,2022-01-01,2022-12-31,2025-02-19,10-K,0001041061-25-000013,364,EXACT_PERIOD_ANNUAL_FORM_ANNUAL_DURATION_PREREGISTERED_CONCEPT
YUM,0001041061,diluted_shares_yoy,-0.01403508771929829,,,,,,,,,,,DETERMINISTIC_DERIVATION_FROM_CANDIDATE_PRIMARY_FACTS
YUM,0001041061,fcf_per_share_cagr3,0.13791436811452673,,,,,,,,,,,DETERMINISTIC_DERIVATION_FROM_CANDIDATE_PRIMARY_FACTS
ZBRA,0000877212,annual_diluted_shares,51212395.0,https://data.sec.gov/api/xbrl/companyfacts/CIK0000877212.json,us-gaap,WeightedAverageNumberOfDilutedSharesOutstanding,shares,2025-01-01,2025-12-31,2026-02-12,10-K,0001628280-26-007668,364,EXACT_PERIOD_ANNUAL_FORM_ANNUAL_DURATION_PREREGISTERED_CONCEPT
ZBRA,0000877212,prior_diluted_shares,51879709.0,https://data.sec.gov/api/xbrl/companyfacts/CIK0000877212.json,us-gaap,WeightedAverageNumberOfDilutedSharesOutstanding,shares,2024-01-01,2024-12-31,2026-02-12,10-K,0001628280-26-007668,365,EXACT_PERIOD_ANNUAL_FORM_ANNUAL_DURATION_PREREGISTERED_CONCEPT
ZBRA,0000877212,fy_minus_3_diluted_shares,52558712.0,https://data.sec.gov/api/xbrl/companyfacts/CIK0000877212.json,us-gaap,WeightedAverageNumberOfDilutedSharesOutstanding,shares,2022-01-01,2022-12-31,2025-02-13,10-K,0000877212-25-000027,364,EXACT_PERIOD_ANNUAL_FORM_ANNUAL_DURATION_PREREGISTERED_CONCEPT
ZBRA,0000877212,diluted_shares_yoy,-0.01286271671261685,,,,,,,,,,,DETERMINISTIC_DERIVATION_FROM_CANDIDATE_PRIMARY_FACTS
ZBRA,0000877212,fcf_per_share_cagr3,0.2734254733699073,,,,,,,,,,,DETERMINISTIC_DERIVATION_FROM_CANDIDATE_PRIMARY_FACTS
