queue_rank,ticker,selection_lane,filing_accession,filing_date,report_date,filing_sha256,agency_net_signal,capital_light_signal,intermediation_signal,br09_candidate,two_sided_evidence,revenue_linked_volume_evidence,company_reports_volume,br09_final_module,br09_status,br09_reason,cogs_to_revenue,capex_to_revenue,cash_quality_gate,cash_quality_flags,commitments_gate,unresolved_material_commitments,quantified_uncovered_commitments,leverage_status,leverage_risk_band,debt_to_ebitda_after_sbc,evidence_match_hash
1,FISV,V,0000798354-26-000009,2026-02-19,2025-12-31,223c6d6c8d23f6337a65082857b03268267d5253b7fc9ea807b18bebf970979f,False,False,True,False,False,True,True,SOFTWARE,VERIFIED,TRIAGE_NEGATIVE_KEEP_ORIGINAL,,0.08318784504317463,NO_ADDITIONAL_CASH_QUALITY_BLOCK,,INVESTIGARE,PURCHASE_OBLIGATIONS,0,PRESENT,HIGH,4.730342577487765,424370949a9b2a2dc58a6bb5314ec14fcad11050351a0b64bb46c06858e0029b
2,CMCSA,V,0001628280-26-004994,2026-02-03,2025-12-31,fc72fe8b3d83df999bb6d463e34e79d167f97e4abd0c394dd33df2ad0a880db2,False,False,True,False,False,False,False,GENERAL,VERIFIED,TRIAGE_NEGATIVE_KEEP_ORIGINAL,,0.09498249896933884,NO_ADDITIONAL_CASH_QUALITY_BLOCK,,INVESTIGARE,PURCHASE_OBLIGATIONS,0,PRESENT,BELOW_CAUTION,2.7795976850030906,6a46982a42a2ba88443fcb351fdc7ee0081477d5c4d95d77ee337c7c44148e98
3,FOX,V,0001628280-26-053960,2026-08-06,2026-06-30,ccd4d1b3edb8bada4c8bc123c59678244d6db98ae282cf1943000ee7658801ab,False,False,True,False,False,False,False,GENERAL,VERIFIED,TRIAGE_NEGATIVE_KEEP_ORIGINAL,,0.020306748466257667,NO_ADDITIONAL_CASH_QUALITY_BLOCK,,NO_AUTOMATIC_BLOCK,,0,MISSING,,,6a35b7c0df6bfc20beff9009c343e7ddfe60321483b29281a04382682bdb657e
4,GM,V,0001467858-26-000013,2026-01-27,2025-12-31,a50e0240c592baf8375a2bcb18386e0fea4ab13b5c15468d70faffc81af85cd7,False,False,True,False,False,True,False,INDUSTRIAL,VERIFIED,TRIAGE_NEGATIVE_KEEP_ORIGINAL,,0.05538456043007424,RECONCILE_CASH_QUALITY,RESERVE_OR_FLOAT_DEPENDENCY,INVESTIGARE,OFF_BALANCE_ARRANGEMENTS|PURCHASE_OBLIGATIONS,0,MISSING,,,81135c93295a4c68c24ec93af91ed0be631dfabc2b82519fd97a908370cd9441
5,ADBE,V,0000796343-26-000003,2026-01-15,2025-11-28,2f9517846df00cecc94ca8d13dbde81c0b7bff6f69e9cefd0d47462bfa62a10b,False,False,True,False,False,False,False,SOFTWARE,VERIFIED,TRIAGE_NEGATIVE_KEEP_ORIGINAL,,0.007530817451302116,RECONCILE_CASH_QUALITY,TAX_TIMING_ANOMALY,INVESTIGARE,PURCHASE_OBLIGATIONS,438000000.0,MISSING,,,c514b561e3039535e9aa317b69bb94cadfb06d642a26f3b14eda9500c9e41161
6,TROW,V,0001628280-26-008002,2026-02-13,2025-12-31,6bf42c9f8c74ed6554dca86bfb26d1e91499b8cfe91f46b9b8ccbc5c4a6e6f76,False,False,True,False,False,False,False,ASSETMGR_EXCH,VERIFIED,TRIAGE_NEGATIVE_KEEP_ORIGINAL,,0.03748564554054793,RECONCILE_CASH_QUALITY,NONCASH_REVALUATION,NO_AUTOMATIC_BLOCK,,447200000.0,MISSING,,,3ec72119a4567632908a9c9224a00b5f5ecb8f7536b9b67e1dab985def82af16
7,AMP,V,0000820027-26-000011,2026-02-19,2025-12-31,669df3b7b6e2aa5be18356b2d7700f8eeb19ffad08761f003b7cd6e019578800,False,False,True,False,False,False,False,ASSETMGR_EXCH,VERIFIED,TRIAGE_NEGATIVE_KEEP_ORIGINAL,,0.008566442811062345,RECONCILE_CASH_QUALITY,RESERVE_OR_FLOAT_DEPENDENCY,INVESTIGARE,OFF_BALANCE_ARRANGEMENTS|PURCHASE_OBLIGATIONS,0,MISSING,,,a9fb80cdc4c70d466bf25212204bd486f03ea06d89b76d881c31365eb3b3ecc0
8,NEM,I,0001164727-26-000010,2026-02-19,2025-12-31,175e43e555a5ef554adb45be829069f3de8bbc1292374c3b9e22826c0455b39b,False,False,True,False,False,False,False,RESOURCES,VERIFIED,TRIAGE_NEGATIVE_KEEP_ORIGINAL,,0.13388327672151396,RECONCILE_CASH_QUALITY,NONCASH_REVALUATION,INVESTIGARE,OFF_BALANCE_ARRANGEMENTS|PURCHASE_OBLIGATIONS,0,MISSING,,,9fcd497d26af7ffe1dbc675e9b7f1650e4e9d63e4363f4a22048f64d47d8e15f
9,FIX,I,0001104659-26-017530,2026-02-19,2025-12-31,94f1f335cbf42ebe0937f588964c4a683e45fda9a1437d76b8fff351e067c91e,False,False,True,False,False,False,False,INDUSTRIAL,VERIFIED,TRIAGE_NEGATIVE_KEEP_ORIGINAL,0.7587359246535872,0.017019238618618336,NO_ADDITIONAL_CASH_QUALITY_BLOCK,,INVESTIGARE,OFF_BALANCE_ARRANGEMENTS,302590000.0,PRESENT,BELOW_CAUTION,0.10716362402042533,33fd063ea311547aa9a075305ea837eec9e183b30899e884e48233db4ac8df3a
10,ANET,I,0001596532-26-000013,2026-02-17,2025-12-31,f4f873ca437c7ab9cffd7e8b4a7a55a9df0439e9ff77e94c820deb66e47dc959,False,False,True,False,False,False,False,SEMICONDUCTOR,VERIFIED,TRIAGE_NEGATIVE_KEEP_ORIGINAL,0.3594390219527632,0.013269373841011803,NO_ADDITIONAL_CASH_QUALITY_BLOCK,,INVESTIGARE,OFF_BALANCE_ARRANGEMENTS|PURCHASE_OBLIGATIONS,0,MISSING,,,367158ed5d8d5c048d70be7aecb01f5f770c9fe65d1bf2361071c19bfae0d6c4
