ticker,ticker_sec,name,sector,weight,identifier,isin,asset_class,cik,sec_title,cik_status
NVDA,NVDA,NVIDIA CORP,-,8.161439,67066G104,,,0001045810,NVIDIA CORP,PRESENT
AAPL,AAPL,APPLE INC,-,7.458574,037833100,,,0000320193,Apple Inc.,PRESENT
MSFT,MSFT,MICROSOFT CORP,-,5.743153,594918104,,,0000789019,MICROSOFT CORP,PRESENT
AMZN,AMZN,AMAZON.COM INC,-,3.672187,023135106,,,0001018724,AMAZON COM INC,PRESENT
GOOGL,GOOGL,ALPHABET INC CL A,-,3.023887,02079K305,,,0001652044,Alphabet Inc.,PRESENT
AVGO,AVGO,BROADCOM INC,-,2.515201,11135F101,,,0001730168,Broadcom Inc.,PRESENT
META,META,META PLATFORMS INC CLASS A,-,2.483681,30303M102,,,0001326801,"Meta Platforms, Inc.",PRESENT
GOOG,GOOG,ALPHABET INC CL C,-,2.429334,02079K107,,,0001652044,Alphabet Inc.,PRESENT
MU,MU,MICRON TECHNOLOGY INC,-,1.831613,595112103,,,0000723125,MICRON TECHNOLOGY INC,PRESENT
TSLA,TSLA,TESLA INC,-,1.571244,88160R101,,,0001318605,"Tesla, Inc.",PRESENT
AMD,AMD,ADVANCED MICRO DEVICES,-,1.542433,007903107,,,0000002488,ADVANCED MICRO DEVICES INC,PRESENT
LLY,LLY,ELI LILLY + CO,-,1.418915,532457108,,,0000059478,ELI LILLY & Co,PRESENT
BRK.B,BRK-B,BERKSHIRE HATHAWAY INC CL B,-,1.410651,084670702,,,0001067983,BERKSHIRE HATHAWAY INC,PRESENT
JPM,JPM,JPMORGAN CHASE + CO,-,1.366271,46625H100,,,0000019617,JPMORGAN CHASE & CO,PRESENT
XOM,XOM,EXXONMOBIL HOLDINGS CORP,-,0.989294,30233Q108,,,0002115436,ExxonMobil Holdings Corp,PRESENT
JNJ,JNJ,JOHNSON + JOHNSON,-,0.979224,478160104,,,0000200406,JOHNSON & JOHNSON,PRESENT
V,V,VISA INC CLASS A SHARES,-,0.938122,92826C839,,,0001403161,VISA INC.,PRESENT
INTC,INTC,INTEL CORP,-,0.915827,458140100,,,0000050863,INTEL CORP,PRESENT
WMT,WMT,WALMART INC,-,0.721083,931142103,,,0000104169,Walmart Inc.,PRESENT
ABBV,ABBV,ABBVIE INC,-,0.69976,00287Y109,,,0001551152,AbbVie Inc.,PRESENT
MA,MA,MASTERCARD INC A,-,0.687778,57636Q104,,,0001141391,Mastercard Inc,PRESENT
PLTR,PLTR,PALANTIR TECHNOLOGIES INC A,-,0.653892,69608A108,,,0001321655,Palantir Technologies Inc.,PRESENT
CSCO,CSCO,CISCO SYSTEMS INC,-,0.629992,17275R102,,,0000858877,"CISCO SYSTEMS, INC.",PRESENT
COST,COST,COSTCO WHOLESALE CORP,-,0.612989,22160K105,,,0000909832,COSTCO WHOLESALE CORP /NEW,PRESENT
CVX,CVX,CHEVRON CORP,-,0.605297,166764100,,,0000093410,CHEVRON CORP,PRESENT
LRCX,LRCX,LAM RESEARCH CORP,-,0.591026,512807306,,,0000707549,LAM RESEARCH CORP,PRESENT
AMAT,AMAT,APPLIED MATERIALS INC,-,0.576793,038222105,,,0000006951,APPLIED MATERIALS INC /DE,PRESENT
CAT,CAT,CATERPILLAR INC,-,0.565733,149123101,,,0000018230,CATERPILLAR INC,PRESENT
BAC,BAC,BANK OF AMERICA CORP,-,0.552347,060505104,,,0000070858,BANK OF AMERICA CORP /DE/,PRESENT
MRK,MRK,MERCK + CO. INC.,-,0.549839,58933Y105,,,0000310158,"Merck & Co., Inc.",PRESENT
KO,KO,COCA COLA CO/THE,-,0.509323,191216100,,,0000021344,COCA COLA CO,PRESENT
PG,PG,PROCTER + GAMBLE CO/THE,-,0.509133,742718109,,,0000080424,PROCTER & GAMBLE Co,PRESENT
GE,GE,GENERAL ELECTRIC,-,0.508351,369604301,,,0000040545,GENERAL ELECTRIC CO,PRESENT
UNH,UNH,UNITEDHEALTH GROUP INC,-,0.506331,91324P102,,,0000731766,UNITEDHEALTH GROUP INC,PRESENT
PANW,PANW,PALO ALTO NETWORKS INC,-,0.457647,697435105,,,0001327567,Palo Alto Networks Inc,PRESENT
PM,PM,PHILIP MORRIS INTERNATIONAL,-,0.444681,718172109,,,0001413329,Philip Morris International Inc.,PRESENT
NFLX,NFLX,NETFLIX INC,-,0.443728,64110L106,,,0001065280,NETFLIX INC,PRESENT
HD,HD,HOME DEPOT INC,-,0.438192,437076102,,,0000354950,"HOME DEPOT, INC.",PRESENT
GS,GS,GOLDMAN SACHS GROUP INC,-,0.408119,38141G104,,,0000886982,GOLDMAN SACHS GROUP INC,PRESENT
SNDK,SNDK,SANDISK CORP,-,0.388878,80004C200,,,0002023554,Sandisk Corp,PRESENT
CRWD,CRWD,CROWDSTRIKE HOLDINGS INC A,-,0.384541,22788C105,,,0001535527,"CrowdStrike Holdings, Inc.",PRESENT
RTX,RTX,RTX CORP,-,0.382504,75513E101,,,0000101829,RTX Corp,PRESENT
GEV,GEV,GE VERNOVA INC,-,0.381988,36828A101,,,0001996810,GE Vernova Inc.,PRESENT
TXN,TXN,TEXAS INSTRUMENTS INC,-,0.380534,882508104,,,0000097476,TEXAS INSTRUMENTS INC,PRESENT
WFC,WFC,WELLS FARGO + CO,-,0.375784,949746101,,,0000072971,WELLS FARGO & COMPANY/MN,PRESENT
TMO,TMO,THERMO FISHER SCIENTIFIC INC,-,0.373806,883556102,,,0000097745,THERMO FISHER SCIENTIFIC INC.,PRESENT
KLAC,KLAC,KLA CORP,-,0.367908,482480100,,,0000319201,KLA CORP,PRESENT
ORCL,ORCL,ORACLE CORP,-,0.355057,68389X105,,,0001341439,ORACLE CORP,PRESENT
MS,MS,MORGAN STANLEY,-,0.350939,617446448,,,0000895421,MORGAN STANLEY,PRESENT
MRVL,MRVL,MARVELL TECHNOLOGY INC,-,0.344036,573874104,,,0001835632,"Marvell Technology, Inc.",PRESENT
C,C,CITIGROUP INC,-,0.337331,172967424,,,0000831001,CITIGROUP INC,PRESENT
AMGN,AMGN,AMGEN INC,-,0.335923,031162100,,,0000318154,AMGEN INC,PRESENT
LIN,LIN,LINDE PLC,-,0.324369,G54950103,,,0001707925,LINDE PLC,PRESENT
ANET,ANET,ARISTA NETWORKS INC,-,0.323996,040413205,,,0001596532,"Arista Networks, Inc.",PRESENT
QCOM,QCOM,QUALCOMM INC,-,0.323237,747525103,,,0000804328,QUALCOMM INC/DE,PRESENT
IBM,IBM,INTL BUSINESS MACHINES CORP,-,0.318366,459200101,,,0000051143,INTERNATIONAL BUSINESS MACHINES CORP,PRESENT
STX,STX,SEAGATE TECHNOLOGY HOLDINGS,-,0.311374,G7997R103,,,0001137789,Seagate Technology Holdings plc,PRESENT
APH,APH,AMPHENOL CORP CL A,-,0.310523,032095101,,,0000820313,AMPHENOL CORP /DE/,PRESENT
VZ,VZ,VERIZON COMMUNICATIONS INC,-,0.292921,92343V104,,,0000732712,VERIZON COMMUNICATIONS INC,PRESENT
CRM,CRM,SALESFORCE INC,-,0.287249,79466L302,,,0001108524,"Salesforce, Inc.",PRESENT
ADI,ADI,ANALOG DEVICES INC,-,0.28708,032654105,,,0000006281,ANALOG DEVICES INC,PRESENT
GILD,GILD,GILEAD SCIENCES INC,-,0.280244,375558103,,,0000882095,"GILEAD SCIENCES, INC.",PRESENT
DIS,DIS,WALT DISNEY CO/THE,-,0.274457,254687106,,,0001744489,Walt Disney Co,PRESENT
PEP,PEP,PEPSICO INC,-,0.262896,713448108,,,0000077476,PEPSICO INC,PRESENT
ABT,ABT,ABBOTT LABORATORIES,-,0.262633,002824100,,,0000001800,ABBOTT LABORATORIES,PRESENT
T,T,AT+T INC,-,0.26041,00206R102,,,0000732717,AT&T INC.,PRESENT
DE,DE,DEERE + CO,-,0.259536,244199105,,,0000315189,DEERE & CO,PRESENT
ETN,ETN,EATON CORP PLC,-,0.256346,G29183103,,,0001551182,Eaton Corp plc,PRESENT
DELL,DELL,DELL TECHNOLOGIES C,-,0.254985,24703L202,,,0001571996,Dell Technologies Inc.,PRESENT
MCD,MCD,MCDONALD S CORP,-,0.250596,580135101,,,0000063908,MCDONALDS CORP,PRESENT
WELL,WELL,WELLTOWER INC,-,0.249889,95040Q104,,,0000766704,WELLTOWER INC.,PRESENT
WDC,WDC,WESTERN DIGITAL CORP,-,0.24678,958102105,,,0000106040,WESTERN DIGITAL CORP,PRESENT
PFE,PFE,PFIZER INC,-,0.245081,717081103,,,0000078003,PFIZER INC,PRESENT
UNP,UNP,UNION PACIFIC CORP,-,0.243913,907818108,,,0000100885,UNION PACIFIC CORP,PRESENT
AXP,AXP,AMERICAN EXPRESS CO,-,0.243795,025816109,,,0000004962,AMERICAN EXPRESS CO,PRESENT
SCHW,SCHW,SCHWAB (CHARLES) CORP,-,0.241044,808513105,,,0000316709,SCHWAB CHARLES CORP,PRESENT
NEE,NEE,NEXTERA ENERGY INC,-,0.238079,65339F101,,,0000753308,NEXTERA ENERGY INC,PRESENT
BA,BA,BOEING CO/THE,-,0.234585,097023105,,,0000012927,BOEING CO,PRESENT
BLK,BLK,BLACKROCK INC,-,0.234424,09290D101,,,0002012383,"BlackRock, Inc.",PRESENT
COP,COP,CONOCOPHILLIPS,-,0.229156,20825C104,,,0001163165,CONOCOPHILLIPS,PRESENT
TJX,TJX,TJX COMPANIES INC,-,0.215289,872540109,,,0000109198,TJX COMPANIES INC /DE/,PRESENT
ISRG,ISRG,INTUITIVE SURGICAL INC,-,0.214484,46120E602,,,0001035267,INTUITIVE SURGICAL INC,PRESENT
UBER,UBER,UBER TECHNOLOGIES INC,-,0.213086,90353T100,,,0001543151,"Uber Technologies, Inc",PRESENT
DHR,DHR,DANAHER CORP,-,0.210471,235851102,,,0000313616,DANAHER CORP /DE/,PRESENT
NOW,NOW,SERVICENOW INC,-,0.210104,81762P102,,,0001373715,"ServiceNow, Inc.",PRESENT
VRTX,VRTX,VERTEX PHARMACEUTICALS INC,-,0.199826,92532F100,,,0000875320,VERTEX PHARMACEUTICALS INC / MA,PRESENT
BMY,BMY,BRISTOL MYERS SQUIBB CO,-,0.192506,110122108,,,0000014272,BRISTOL MYERS SQUIBB CO,PRESENT
NEM,NEM,NEWMONT CORP,-,0.191542,651639106,,,0001164727,NEWMONT Corp /DE/,PRESENT
PLD,PLD,PROLOGIS INC,-,0.189464,74340W103,,,0001045609,"Prologis, Inc.",PRESENT
GLW,GLW,CORNING INC,-,0.186127,219350105,,,0000024741,CORNING INC /NY,PRESENT
PH,PH,PARKER HANNIFIN CORP,-,0.184998,701094104,,,0000076334,Parker-Hannifin Corp,PRESENT
BKNG,BKNG,BOOKING HOLDINGS INC,-,0.184406,09857L108,,,0001075531,Booking Holdings Inc.,PRESENT
COF,COF,CAPITAL ONE FINANCIAL CORP,-,0.183859,14040H105,,,0000927628,CAPITAL ONE FINANCIAL CORP,PRESENT
SPGI,SPGI,S+P GLOBAL INC,-,0.182522,78409V104,,,0000064040,S&P Global Inc.,PRESENT
PGR,PGR,PROGRESSIVE CORP,-,0.179024,743315103,,,0000080661,PROGRESSIVE CORP/OH/,PRESENT
CB,CB,CHUBB LTD,-,0.175194,H1467J104,,,0000896159,Chubb Ltd,PRESENT
MO,MO,ALTRIA GROUP INC,-,0.172306,02209S103,,,0000764180,"ALTRIA GROUP, INC.",PRESENT
CVS,CVS,CVS HEALTH CORP,-,0.170814,126650100,,,0000064803,CVS HEALTH Corp,PRESENT
MDT,MDT,MEDTRONIC PLC,-,0.169839,G5960L103,,,0001613103,Medtronic plc,PRESENT
VLO,VLO,VALERO ENERGY CORP,-,0.167032,91913Y100,,,0001035002,VALERO ENERGY CORP/TX,PRESENT
MPC,MPC,MARATHON PETROLEUM CORP,-,0.165408,56585A102,,,0001510295,Marathon Petroleum Corp,PRESENT
SBUX,SBUX,STARBUCKS CORP,-,0.16212,855244109,,,0000829224,STARBUCKS CORP,PRESENT
ACN,ACN,ACCENTURE PLC CL A,-,0.161315,G1151C101,,,0001467373,Accenture plc,PRESENT
FTNT,FTNT,FORTINET INC,-,0.160192,34959E109,,,0001262039,"Fortinet, Inc.",PRESENT
LOW,LOW,LOWE S COS INC,-,0.158972,548661107,,,0000060667,LOWES COMPANIES INC,PRESENT
LMT,LMT,LOCKHEED MARTIN CORP,-,0.158178,539830109,,,0000936468,LOCKHEED MARTIN CORP,PRESENT
ADP,ADP,AUTOMATIC DATA PROCESSING,-,0.156967,053015103,,,0000008670,AUTOMATIC DATA PROCESSING INC,PRESENT
FCX,FCX,FREEPORT MCMORAN INC,-,0.155403,35671D857,,,0000831259,FREEPORT-MCMORAN INC,PRESENT
PSX,PSX,PHILLIPS 66,-,0.152747,718546104,,,0001534701,Phillips 66,PRESENT
BNY,BNY,BANK OF NEW YORK MELLON CORP,-,0.15247,064058100,,,0001390777,Bank of New York Mellon Corp,PRESENT
MCK,MCK,MCKESSON CORP,-,0.151191,58155Q103,,,0000927653,MCKESSON CORP,PRESENT
TT,TT,TRANE TECHNOLOGIES PLC,-,0.149616,G8994E103,,,0001466258,Trane Technologies plc,PRESENT
EQIX,EQIX,EQUINIX INC,-,0.149249,29444U700,,,0001101239,EQUINIX INC,PRESENT
VRT,VRT,VERTIV HOLDINGS CO A,-,0.14612,92537N108,,,0001674101,Vertiv Holdings Co,PRESENT
PWR,PWR,QUANTA SERVICES INC,-,0.146046,74762E102,,,0001050915,"QUANTA SERVICES, INC.",PRESENT
SO,SO,SOUTHERN CO/THE,-,0.142867,842587107,,,0000092122,SOUTHERN CO,PRESENT
SYK,SYK,STRYKER CORP,-,0.142461,863667101,,,0000310764,STRYKER CORP,PRESENT
CME,CME,CME GROUP INC,-,0.142322,12572Q105,,,0001156375,CME GROUP INC.,PRESENT
HOOD,HOOD,ROBINHOOD MARKETS INC A,-,0.141608,770700102,,,0001783879,"Robinhood Markets, Inc.",PRESENT
ADBE,ADBE,ADOBE INC,-,0.140082,00724F101,,,0000796343,ADOBE INC.,PRESENT
HWM,HWM,HOWMET AEROSPACE INC,-,0.138721,443201108,,,0000004281,Howmet Aerospace Inc.,PRESENT
USB,USB,US BANCORP,-,0.138517,902973304,,,0000036104,US BANCORP DE,PRESENT
JCI,JCI,JOHNSON CONTROLS INTERNATION,-,0.136129,G51502105,,,0000833444,Johnson Controls International plc,PRESENT
PNC,PNC,PNC FINANCIAL SERVICES GROUP,-,0.134896,693475105,,,0000713676,"PNC FINANCIAL SERVICES GROUP, INC.",PRESENT
CDNS,CDNS,CADENCE DESIGN SYS INC,-,0.134577,127387108,,,0000813672,CADENCE DESIGN SYSTEMS INC,PRESENT
DDOG,DDOG,DATADOG INC CLASS A,-,0.134567,23804L103,,,0001561550,"Datadog, Inc.",PRESENT
BX,BX,BLACKSTONE INC,-,0.133198,09260D107,,,0001393818,Blackstone Inc.,PRESENT
DUK,DUK,DUKE ENERGY CORP,-,0.132471,26441C204,,,0001326160,Duke Energy CORP,PRESENT
EMR,EMR,EMERSON ELECTRIC CO,-,0.132045,291011104,,,0000032604,EMERSON ELECTRIC CO,PRESENT
MMM,MMM,3M CO,-,0.130829,88579Y101,,,0000066740,3M CO,PRESENT
CEG,CEG,CONSTELLATION ENERGY,-,0.12998,21037T109,,,0001868275,Constellation Energy Corp,PRESENT
ICE,ICE,INTERCONTINENTAL EXCHANGE IN,-,0.129802,45866F104,,,0001571949,"Intercontinental Exchange, Inc.",PRESENT
CSX,CSX,CSX CORP,-,0.129669,126408103,,,0000277948,CSX CORP,PRESENT
ELV,ELV,ELEVANCE HEALTH INC,-,0.128523,036752103,,,0001156039,"Elevance Health, Inc.",PRESENT
GD,GD,GENERAL DYNAMICS CORP,-,0.128425,369550108,,,0000040533,GENERAL DYNAMICS CORP,PRESENT
BE,BE,BLOOM ENERGY CORP A,-,0.12741,093712107,,,0001664703,Bloom Energy Corp,PRESENT
WMB,WMB,WILLIAMS COS INC,-,0.127061,969457100,,,0000107263,"WILLIAMS COMPANIES, INC.",PRESENT
APP,APP,APPLOVIN CORP CLASS A,-,0.126179,03831W108,,,0001751008,AppLovin Corp,PRESENT
LITE,LITE,LUMENTUM HOLDINGS INC,-,0.125001,55024U109,,,0001633978,Lumentum Holdings Inc.,PRESENT
HPE,HPE,HEWLETT PACKARD ENTERPRISE,-,0.124691,42824C109,,,0001645590,Hewlett Packard Enterprise Co,PRESENT
MRSH,MRSH,MARSH + MCLENNAN COS,-,0.122367,571748102,,,0000062709,"MARSH & MCLENNAN COMPANIES, INC.",PRESENT
SNPS,SNPS,SYNOPSYS INC,-,0.122171,871607107,,,0000883241,SYNOPSYS INC,PRESENT
TMUS,TMUS,T MOBILE US INC,-,0.119657,872590104,,,0001283699,"T-Mobile US, Inc.",PRESENT
AMT,AMT,AMERICAN TOWER CORP,-,0.118322,03027X100,,,0001053507,AMERICAN TOWER CORP /MA/,PRESENT
WBD,WBD,WARNER BROS DISCOVERY INC,-,0.116101,934423104,,,0001437107,"Warner Bros. Discovery, Inc.",PRESENT
CMCSA,CMCSA,COMCAST CORP CLASS A,-,0.116014,20030N101,,,0001166691,COMCAST CORP,PRESENT
REGN,REGN,REGENERON PHARMACEUTICALS,-,0.115599,75886F107,,,0000872589,"REGENERON PHARMACEUTICALS, INC.",PRESENT
WM,WM,WASTE MANAGEMENT INC,-,0.115213,94106L109,,,0000823768,WASTE MANAGEMENT INC,PRESENT
MDLZ,MDLZ,MONDELEZ INTERNATIONAL INC A,-,0.115044,609207105,,,0001103982,"Mondelez International, Inc.",PRESENT
SLB,SLB,SLB LTD,-,0.114433,806857108,,,0000087347,SLB LIMITED/NV,PRESENT
TRV,TRV,TRAVELERS COS INC/THE,-,0.113296,89417E109,,,0000086312,"TRAVELERS COMPANIES, INC.",PRESENT
ROST,ROST,ROSS STORES INC,-,0.113293,778296103,,,0000745732,"ROSS STORES, INC.",PRESENT
MSI,MSI,MOTOROLA SOLUTIONS INC,-,0.113123,620076307,,,0000068505,"Motorola Solutions, Inc.",PRESENT
INTU,INTU,INTUIT INC,-,0.112872,461202103,,,0000896878,INTUIT INC.,PRESENT
MAR,MAR,MARRIOTT INTERNATIONAL CL A,-,0.112606,571903202,,,0001048286,MARRIOTT INTERNATIONAL INC /MD/,PRESENT
SHW,SHW,SHERWIN WILLIAMS CO/THE,-,0.112339,824348106,,,0000089800,SHERWIN WILLIAMS CO,PRESENT
MRNA,MRNA,MODERNA INC,-,0.110655,60770K107,,,0001682852,"Moderna, Inc.",PRESENT
EOG,EOG,EOG RESOURCES INC,-,0.110311,26875P101,,,0000821189,EOG RESOURCES INC,PRESENT
DASH,DASH,DOORDASH INC A,-,0.109015,25809K105,,,0001792789,"DoorDash, Inc.",PRESENT
GM,GM,GENERAL MOTORS CO,-,0.108461,37045V100,,,0001467858,General Motors Co,PRESENT
CMI,CMI,CUMMINS INC,-,0.108139,231021106,,,0000026172,CUMMINS INC,PRESENT
CI,CI,THE CIGNA GROUP,-,0.107709,125523100,,,0001739940,Cigna Group,PRESENT
TGT,TGT,TARGET CORP,-,0.10726,87612E106,,,0000027419,TARGET CORP,PRESENT
ITW,ITW,ILLINOIS TOOL WORKS,-,0.106538,452308109,,,0000049826,ILLINOIS TOOL WORKS INC,PRESENT
HLT,HLT,HILTON WORLDWIDE HOLDINGS IN,-,0.105683,43300A203,,,0001585689,Hilton Worldwide Holdings Inc.,PRESENT
ECL,ECL,ECOLAB INC,-,0.105471,278865100,,,0000031462,ECOLAB INC.,PRESENT
UPS,UPS,UNITED PARCEL SERVICE CL B,-,0.105421,911312106,,,0001090727,UNITED PARCEL SERVICE INC,PRESENT
NSC,NSC,NORFOLK SOUTHERN CORP,-,0.105386,655844108,,,0000702165,NORFOLK SOUTHERN CORP,PRESENT
MCO,MCO,MOODY S CORP,-,0.104598,615369105,,,0001059556,MOODYS CORP /DE/,PRESENT
ORLY,ORLY,O REILLY AUTOMOTIVE INC,-,0.104391,67103H107,,,0000898173,O REILLY AUTOMOTIVE INC,PRESENT
CTAS,CTAS,CINTAS CORP,-,0.103094,172908105,,,0000723254,CINTAS CORP,PRESENT
CL,CL,COLGATE PALMOLIVE CO,-,0.102803,194162103,,,0000021665,COLGATE PALMOLIVE CO,PRESENT
NOC,NOC,NORTHROP GRUMMAN CORP,-,0.102401,666807102,,,0001133421,NORTHROP GRUMMAN CORP /DE/,PRESENT
HON,HON,HONEYWELL INTERNATIONAL INC,-,0.101191,438516205,,,0000773840,HONEYWELL INTERNATIONAL INC,PRESENT
MPWR,MPWR,MONOLITHIC POWER SYSTEMS INC,-,0.100876,609839105,,,0001280452,"MONOLITHIC POWER SYSTEMS, INC.",PRESENT
KKR,KKR,KKR + CO INC,-,0.100423,48251W104,,,0001404912,KKR & Co. Inc.,PRESENT
SPG,SPG,SIMON PROPERTY GROUP INC,-,0.099302,828806109,,,0001063761,SIMON PROPERTY GROUP INC.,PRESENT
ABNB,ABNB,AIRBNB INC CLASS A,-,0.098889,009066101,,,0001559720,"Airbnb, Inc.",PRESENT
URI,URI,UNITED RENTALS INC,-,0.097657,911363109,,,0001067701,"UNITED RENTALS, INC.",PRESENT
AEP,AEP,AMERICAN ELECTRIC POWER,-,0.09676,025537101,,,0000004904,AMERICAN ELECTRIC POWER CO INC,PRESENT
HCA,HCA,HCA HEALTHCARE INC,-,0.096094,40412C101,,,0000860730,"HCA Healthcare, Inc.",PRESENT
BSX,BSX,BOSTON SCIENTIFIC CORP,-,0.095186,101137107,,,0000885725,BOSTON SCIENTIFIC CORP,PRESENT
TEL,TEL,TE CONNECTIVITY PLC,-,0.094822,G87052109,,,0001385157,TE Connectivity plc,PRESENT
APD,APD,AIR PRODUCTS + CHEMICALS INC,-,0.094312,009158106,,,0000002969,"Air Products & Chemicals, Inc.",PRESENT
FDX,FDX,FEDEX CORP,-,0.094284,31428X106,,,0001048911,FEDEX CORP,PRESENT
DLR,DLR,DIGITAL REALTY TRUST INC,-,0.094082,253868103,,,0001297996,"DIGITAL REALTY TRUST, INC.",PRESENT
TER,TER,TERADYNE INC,-,0.093649,880770102,,,0000097210,"TERADYNE, INC",PRESENT
KEYS,KEYS,KEYSIGHT TECHNOLOGIES IN,-,0.093105,49338L103,,,0001601046,"Keysight Technologies, Inc.",PRESENT
MNST,MNST,MONSTER BEVERAGE CORP,-,0.09245,61174X109,,,0000865752,Monster Beverage Corp,PRESENT
TDG,TDG,TRANSDIGM GROUP INC,-,0.092262,893641100,,,0001260221,TransDigm Group INC,PRESENT
KMI,KMI,KINDER MORGAN INC,-,0.090464,49456B101,,,0001506307,"KINDER MORGAN, INC.",PRESENT
RCL,RCL,ROYAL CARIBBEAN CRUISES LTD,-,0.090276,V7780T103,,,0000884887,ROYAL CARIBBEAN CRUISES LTD,PRESENT
NXPI,NXPI,NXP SEMICONDUCTORS NV,-,0.089966,N6596X109,,,0001413447,NXP Semiconductors N.V.,PRESENT
TRGP,TRGP,TARGA RESOURCES CORP,-,0.089274,87612G101,,,0001389170,Targa Resources Corp.,PRESENT
AJG,AJG,ARTHUR J GALLAGHER + CO,-,0.088754,363576109,,,0000354190,Arthur J. Gallagher & Co.,PRESENT
AON,AON,AON PLC CLASS A,-,0.088192,G0403H108,,,0000315293,Aon plc,PRESENT
PCAR,PCAR,PACCAR INC,-,0.088019,693718108,,,0000075362,PACCAR INC,PRESENT
COR,COR,CENCORA INC,-,0.087755,03073E105,,,0001140859,"Cencora, Inc.",PRESENT
FIX,FIX,COMFORT SYSTEMS USA INC,-,0.087536,199908104,,,0001035983,COMFORT SYSTEMS USA INC,PRESENT
TFC,TFC,TRUIST FINANCIAL CORP,-,0.087056,89832Q109,,,0000092230,TRUIST FINANCIAL CORP,PRESENT
FAST,FAST,FASTENAL CO,-,0.086988,311900104,,,0000815556,FASTENAL CO,PRESENT
COHR,COHR,COHERENT CORP,-,0.086955,19247G107,,,0000820318,COHERENT CORP.,PRESENT
AME,AME,AMETEK INC,-,0.086361,031100100,,,0001037868,AMETEK INC/,PRESENT
BKR,BKR,BAKER HUGHES CO,-,0.086224,05722G100,,,0001701605,Baker Hughes Co,PRESENT
APO,APO,APOLLO GLOBAL MANAGEMENT INC,-,0.086146,03769M106,,,0001858681,"Apollo Global Management, Inc.",PRESENT
ALL,ALL,ALLSTATE CORP,-,0.086062,020002101,,,0000899051,ALLSTATE CORP,PRESENT
CRH,CRH,CRH PLC,-,0.084591,G25508105,,,0000849395,CRH PUBLIC LTD CO,PRESENT
OKE,OKE,ONEOK INC,-,0.0839,30609A109,,,0001039684,ONEOK INC /NEW/,PRESENT
NUE,NUE,NUCOR CORP,-,0.083876,670346105,,,0000073309,NUCOR CORP,PRESENT
GWW,GWW,WW GRAINGER INC,-,0.080711,384802104,,,0000277135,"W.W. GRAINGER, INC.",PRESENT
D,D,DOMINION ENERGY INC,-,0.080189,25746U109,,,0000715957,"DOMINION ENERGY, INC",PRESENT
O,O,REALTY INCOME CORP,-,0.078749,756109104,,,0000726728,REALTY INCOME CORP,PRESENT
CTVA,CTVA,CORTEVA INC,-,0.078504,22052L104,,,0001755672,"Corteva, Inc.",PRESENT
MET,MET,METLIFE INC,-,0.077959,59156R108,,,0001099219,METLIFE INC,PRESENT
DVN,DVN,DEVON ENERGY CORP,-,0.077369,25179M103,,,0001090012,DEVON ENERGY CORP/DE,PRESENT
CAH,CAH,CARDINAL HEALTH INC,-,0.076554,14149Y108,,,0000721371,CARDINAL HEALTH INC,PRESENT
SRE,SRE,SEMPRA,-,0.07655,816851109,,,0001032208,SEMPRA,PRESENT
AFL,AFL,AFLAC INC,-,0.076035,001055102,,,0000004977,AFLAC INC,PRESENT
CIEN,CIEN,CIENA CORP,-,0.075666,171779309,,,0000936395,CIENA CORP,PRESENT
HONA,HONA,HONEYWELL AEROSPACE INC,-,0.075592,43849R105,,,0002089271,Honeywell Aerospace Inc.,PRESENT
DAL,DAL,DELTA AIR LINES INC,-,0.075553,247361702,,,0000027904,"DELTA AIR LINES, INC.",PRESENT
BDX,BDX,BECTON DICKINSON AND CO,-,0.074828,075887109,,,0000010795,BECTON DICKINSON & CO,PRESENT
F,F,FORD MOTOR CO,-,0.074748,345370860,,,0000037996,FORD MOTOR CO,PRESENT
EW,EW,EDWARDS LIFESCIENCES CORP,-,0.074663,28176E108,,,0001099800,Edwards Lifesciences Corp,PRESENT
STT,STT,STATE STREET CORP,-,0.07446,857477103,,,0000093751,STATE STREET CORP,PRESENT
A,A,AGILENT TECHNOLOGIES INC,-,0.073369,00846U101,,,0001090872,"AGILENT TECHNOLOGIES, INC.",PRESENT
GRMN,GRMN,GARMIN LTD,-,0.073105,H2906T109,,,0001121788,GARMIN LTD,PRESENT
WAB,WAB,WABTEC CORP,-,0.072706,929740108,,,0000943452,WESTINGHOUSE AIR BRAKE TECHNOLOGIES CORP,PRESENT
PSA,PSA,PUBLIC STORAGE,-,0.072573,74460D109,,,0001393311,Public Storage,PRESENT
ROK,ROK,ROCKWELL AUTOMATION INC,-,0.072568,773903109,,,0001024478,"ROCKWELL AUTOMATION, INC",PRESENT
HUM,HUM,HUMANA INC,-,0.071781,444859102,,,0000049071,HUMANA INC,PRESENT
FITB,FITB,FIFTH THIRD BANCORP,-,0.07078,316773100,,,0000035527,FIFTH THIRD BANCORP,PRESENT
PYPL,PYPL,PAYPAL HOLDINGS INC,-,0.070354,70450Y103,,,0001633917,"PayPal Holdings, Inc.",PRESENT
AZO,AZO,AUTOZONE INC,-,0.070156,053332102,,,0000866787,AUTOZONE INC,PRESENT
CVNA,CVNA,CARVANA CO,-,0.070032,146869102,,,0001690820,CARVANA CO.,PRESENT
CARR,CARR,CARRIER GLOBAL CORP,-,0.069627,14448C104,,,0001783180,CARRIER GLOBAL Corp,PRESENT
ETR,ETR,ENTERGY CORP,-,0.068926,29364G103,,,0000065984,ENTERGY CORP /DE/,PRESENT
VTR,VTR,VENTAS INC,-,0.066552,92276F100,,,0000740260,"Ventas, Inc.",PRESENT
LHX,LHX,L3HARRIS TECHNOLOGIES INC,-,0.066541,502431109,,,0000202058,"L3HARRIS TECHNOLOGIES, INC. /DE/",PRESENT
IQV,IQV,IQVIA HOLDINGS INC,-,0.066491,46266C105,,,0001478242,IQVIA HOLDINGS INC.,PRESENT
ADSK,ADSK,AUTODESK INC,-,0.066431,052769106,,,0000769397,"Autodesk, Inc.",PRESENT
VMRK,VMRK,VIVMARK RESIDENTIAL,-,0.066141,29476L107,,,0000906107,VIVMARK RESIDENTIAL,PRESENT
XEL,XEL,XCEL ENERGY INC,-,0.065479,98389B100,,,0000072903,XCEL ENERGY INC,PRESENT
VST,VST,VISTRA CORP,-,0.065454,92840M102,,,0001692819,Vistra Corp.,PRESENT
COIN,COIN,COINBASE GLOBAL INC CLASS A,-,0.065214,19260Q107,,,0001679788,"Coinbase Global, Inc.",PRESENT
AMP,AMP,AMERIPRISE FINANCIAL INC,-,0.065081,03076C106,,,0000820027,AMERIPRISE FINANCIAL INC,PRESENT
KDP,KDP,KEURIG DR PEPPER INC,-,0.064848,49271V100,,,0001418135,Keurig Dr Pepper Inc.,PRESENT
EBAY,EBAY,EBAY INC,-,0.06475,278642103,,,0001065088,EBAY INC,PRESENT
FERG,FERG,FERGUSON ENTERPRISES INC,-,0.064568,31488V107,,,0002011641,Ferguson Enterprises Inc. /DE/,PRESENT
NKE,NKE,NIKE INC CL B,-,0.064441,654106103,,,0000320187,"NIKE, Inc.",PRESENT
MCHP,MCHP,MICROCHIP TECHNOLOGY INC,-,0.063997,595017104,,,0000827054,MICROCHIP TECHNOLOGY INC,PRESENT
WAT,WAT,WATERS CORP,-,0.063884,941848103,,,0001000697,WATERS CORP /DE/,PRESENT
FLEX,FLEX,FLEX LTD,-,0.063366,Y2573F102,,,0000866374,FLEX LTD.,PRESENT
VEEV,VEEV,VEEVA SYSTEMS INC CLASS A,-,0.062846,922475108,,,0001393052,VEEVA SYSTEMS INC,PRESENT
P,P,EVERPURE INC A,-,0.062759,74624M102,,,0001474432,"Everpure, Inc.",PRESENT
EXC,EXC,EXELON CORP,-,0.062399,30161N101,,,0001109357,EXELON CORP,PRESENT
RSG,RSG,REPUBLIC SERVICES INC,-,0.062097,760759100,,,0001060391,"REPUBLIC SERVICES, INC.",PRESENT
OXY,OXY,OCCIDENTAL PETROLEUM CORP,-,0.062048,674599105,,,0000797468,OCCIDENTAL PETROLEUM CORP /DE/,PRESENT
XYZ,XYZ,BLOCK INC,-,0.061933,852234103,,,0001512673,"Block, Inc.",PRESENT
NDAQ,NDAQ,NASDAQ INC,-,0.061901,631103108,,,0001120193,"NASDAQ, INC.",PRESENT
IDXX,IDXX,IDEXX LABORATORIES INC,-,0.061568,45168D104,,,0000874716,IDEXX LABORATORIES INC /DE,PRESENT
PRU,PRU,PRUDENTIAL FINANCIAL INC,-,0.061554,744320102,,,0001137774,PRUDENTIAL FINANCIAL INC,PRESENT
ILMN,ILMN,ILLUMINA INC,-,0.061087,452327109,,,0001110803,"ILLUMINA, INC.",PRESENT
IBKR,IBKR,INTERACTIVE BROKERS GRO CL A,-,0.060588,45841N107,,,0001381197,"Interactive Brokers Group, Inc.",PRESENT
MSCI,MSCI,MSCI INC,-,0.060304,55354G100,,,0001408198,MSCI Inc.,PRESENT
CMG,CMG,CHIPOTLE MEXICAN GRILL INC,-,0.059228,169656105,,,0001058090,CHIPOTLE MEXICAN GRILL INC,PRESENT
NTAP,NTAP,NETAPP INC,-,0.059139,64110D104,,,0001002047,"NetApp, Inc.",PRESENT
ADM,ADM,ARCHER DANIELS MIDLAND CO,-,0.058744,039483102,,,0000007084,Archer-Daniels-Midland Co,PRESENT
AIG,AIG,AMERICAN INTERNATIONAL GROUP,-,0.058113,026874784,,,0000005272,"AMERICAN INTERNATIONAL GROUP, INC.",PRESENT
CBRE,CBRE,CBRE GROUP INC A,-,0.057276,12504L109,,,0001138118,"CBRE GROUP, INC.",PRESENT
FANG,FANG,DIAMONDBACK ENERGY INC,-,0.057177,25278X109,,,0001539838,"Diamondback Energy, Inc.",PRESENT
ED,ED,CONSOLIDATED EDISON INC,-,0.057109,209115104,,,0001047862,CONSOLIDATED EDISON INC,PRESENT
WDAY,WDAY,WORKDAY INC CLASS A,-,0.056877,98138H101,,,0001327811,"Workday, Inc.",PRESENT
YUM,YUM,YUM BRANDS INC,-,0.056692,988498101,,,0001041061,YUM BRANDS INC,PRESENT
SYY,SYY,SYSCO CORP,-,0.056376,871829107,,,0000096021,SYSCO CORP,PRESENT
UAL,UAL,UNITED AIRLINES HOLDINGS INC,-,0.055594,910047109,,,0000100517,"United Airlines Holdings, Inc.",PRESENT
DHI,DHI,DR HORTON INC,-,0.053779,23331A109,,,0000882184,HORTON D R INC /DE/,PRESENT
ROP,ROP,ROPER TECHNOLOGIES INC,-,0.053134,776696106,,,0000882835,ROPER TECHNOLOGIES INC,PRESENT
TTWO,TTWO,TAKE TWO INTERACTIVE SOFTWRE,-,0.05306,874054109,,,0000946581,TAKE TWO INTERACTIVE SOFTWARE INC,PRESENT
AXON,AXON,AXON ENTERPRISE INC,-,0.05236,05464C101,,,0001069183,"AXON ENTERPRISE, INC.",PRESENT
KVUE,KVUE,KENVUE INC,-,0.051353,49177J102,,,0001944048,Kenvue Inc.,PRESENT
BIIB,BIIB,BIOGEN INC,-,0.050566,09062X103,,,0000875045,BIOGEN INC.,PRESENT
EME,EME,EMCOR GROUP INC,-,0.05035,29084Q100,,,0000105634,"EMCOR Group, Inc.",PRESENT
HIG,HIG,HARTFORD INSURANCE GROUP INC,-,0.05025,416515104,,,0000874766,"HARTFORD INSURANCE GROUP, INC.",PRESENT
PEG,PEG,PUBLIC SERVICE ENTERPRISE GP,-,0.050182,744573106,,,0000788784,PUBLIC SERVICE ENTERPRISE GROUP INC,PRESENT
KR,KR,KROGER CO,-,0.050075,501044101,,,0000056873,KROGER CO,PRESENT
IRM,IRM,IRON MOUNTAIN INC,-,0.049791,46284V101,,,0001020569,IRON MOUNTAIN INC,PRESENT
JBL,JBL,JABIL INC,-,0.049745,466313103,,,0000898293,JABIL INC,PRESENT
WEC,WEC,WEC ENERGY GROUP INC,-,0.04965,92939U106,,,0000783325,"WEC ENERGY GROUP, INC.",PRESENT
KMB,KMB,KIMBERLY CLARK CORP,-,0.049092,494368103,,,0000055785,KIMBERLY CLARK CORP,PRESENT
DXCM,DXCM,DEXCOM INC,-,0.048791,252131107,,,0001093557,DEXCOM INC,PRESENT
ODFL,ODFL,OLD DOMINION FREIGHT LINE,-,0.048465,679580100,,,0000878927,"OLD DOMINION FREIGHT LINE, INC.",PRESENT
PAYX,PAYX,PAYCHEX INC,-,0.048459,704326107,,,0000723531,PAYCHEX INC,PRESENT
NTRS,NTRS,NORTHERN TRUST CORP,-,0.048181,665859104,,,0000073124,NORTHERN TRUST CORP,PRESENT
ACGL,ACGL,ARCH CAPITAL GROUP LTD,-,0.048011,G0450A105,,,0000947484,ARCH CAPITAL GROUP LTD.,PRESENT
RMD,RMD,RESMED INC,-,0.04798,761152107,,,0000943819,RESMED INC,PRESENT
VMC,VMC,VULCAN MATERIALS CO,-,0.047764,929160109,,,0001396009,Vulcan Materials CO,PRESENT
EQT,EQT,EQT CORP,-,0.047753,26884L109,,,0000033213,EQT Corp,PRESENT
MTB,MTB,M + T BANK CORP,-,0.047672,55261F104,,,0000036270,M&T BANK CORP,PRESENT
HBAN,HBAN,HUNTINGTON BANCSHARES INC,-,0.047633,446150104,,,0000049196,HUNTINGTON BANCSHARES INC /MD/,PRESENT
STLD,STLD,STEEL DYNAMICS INC,-,0.047174,858119100,,,0001022671,STEEL DYNAMICS INC,PRESENT
CNC,CNC,CENTENE CORP,-,0.045763,15135B101,,,0001071739,CENTENE CORP,PRESENT
MTD,MTD,METTLER TOLEDO INTERNATIONAL,-,0.045666,592688105,,,0001037646,METTLER TOLEDO INTERNATIONAL INC/,PRESENT
EXPE,EXPE,EXPEDIA GROUP INC,-,0.045441,30212P303,,,0001324424,"Expedia Group, Inc.",PRESENT
GEHC,GEHC,GE HEALTHCARE TECHNOLOGY,-,0.045097,36266G107,,,0001932393,GE HealthCare Technologies Inc.,PRESENT
ON,ON,ON SEMICONDUCTOR,-,0.045036,682189105,,,0001097864,ON SEMICONDUCTOR CORP,PRESENT
ZTS,ZTS,ZOETIS INC,-,0.043995,98978V103,,,0001555280,Zoetis Inc.,PRESENT
MLM,MLM,MARTIN MARIETTA MATERIALS,-,0.043709,573284106,,,0000916076,MARTIN MARIETTA MATERIALS INC,PRESENT
CCI,CCI,CROWN CASTLE INC,-,0.04325,22822V101,,,0001051470,CROWN CASTLE INC.,PRESENT
HPQ,HPQ,HP INC,-,0.043041,40434L105,,,0000047217,HP INC,PRESENT
TDY,TDY,TELEDYNE TECHNOLOGIES INC,-,0.042766,879360105,,,0001094285,TELEDYNE TECHNOLOGIES INC,PRESENT
CCL,CCL,CARNIVAL CORP LTD,-,0.042468,G2004J103,,,0000815097,Carnival Corp Ltd.,PRESENT
EXR,EXR,EXTRA SPACE STORAGE INC,-,0.042327,30225T102,,,0001289490,Extra Space Storage Inc.,PRESENT
RJF,RJF,RAYMOND JAMES FINANCIAL INC,-,0.041672,754730109,,,0000720005,RAYMOND JAMES FINANCIAL INC,PRESENT
CFG,CFG,CITIZENS FINANCIAL GROUP,-,0.04163,174610105,,,0000759944,CITIZENS FINANCIAL GROUP INC/RI,PRESENT
DG,DG,DOLLAR GENERAL CORP,-,0.041354,256677105,,,0000029534,DOLLAR GENERAL CORP,PRESENT
AEE,AEE,AMEREN CORPORATION,-,0.041319,023608102,,,0001002910,AMEREN CORP,PRESENT
HAL,HAL,HALLIBURTON CO,-,0.041105,406216101,,,0000045012,HALLIBURTON CO,PRESENT
WSM,WSM,WILLIAMS SONOMA INC,-,0.041024,969904101,,,0000719955,WILLIAMS SONOMA INC,PRESENT
ARES,ARES,ARES MANAGEMENT CORP A,-,0.040941,03990B101,,,0001176948,Ares Management Corp,PRESENT
WTW,WTW,WILLIS TOWERS WATSON PLC,-,0.04092,G96629103,,,0001140536,WILLIS TOWERS WATSON PLC,PRESENT
PCG,PCG,P G + E CORP,-,0.040833,69331C108,,,0001004980,PG&E Corp,PRESENT
CBOE,CBOE,CBOE GLOBAL MARKETS INC,-,0.040638,12503M108,,,0001374310,"Cboe Global Markets, Inc.",PRESENT
LYV,LYV,LIVE NATION ENTERTAINMENT IN,-,0.040637,538034109,,,0001335258,"Live Nation Entertainment, Inc.",PRESENT
ATO,ATO,ATMOS ENERGY CORP,-,0.039814,049560105,,,0000731802,ATMOS ENERGY CORP,PRESENT
WST,WST,WEST PHARMACEUTICAL SERVICES,-,0.039327,955306105,,,0000105770,WEST PHARMACEUTICAL SERVICES INC,PRESENT
DGX,DGX,QUEST DIAGNOSTICS INC,-,0.039305,74834L100,,,0001022079,QUEST DIAGNOSTICS INC,PRESENT
Q,Q,QNITY ELECTRONICS INC,-,0.039197,74743L100,,,0002058873,"Qnity Electronics, Inc.",PRESENT
IR,IR,INGERSOLL RAND INC,-,0.03917,45687V106,,,0001699150,Ingersoll Rand Inc.,PRESENT
CPAY,CPAY,CORPAY INC,-,0.039107,219948106,,,0001175454,"CORPAY, INC.",PRESENT
AWK,AWK,AMERICAN WATER WORKS CO INC,-,0.038985,030420103,,,0001410636,"American Water Works Company, Inc.",PRESENT
DOV,DOV,DOVER CORP,-,0.038858,260003108,,,0000029905,DOVER Corp,PRESENT
VICI,VICI,VICI PROPERTIES INC,-,0.038789,925652109,,,0001705696,VICI PROPERTIES INC.,PRESENT
CTSH,CTSH,COGNIZANT TECH SOLUTIONS A,-,0.038694,192446102,,,0001058290,COGNIZANT TECHNOLOGY SOLUTIONS CORP,PRESENT
DTE,DTE,DTE ENERGY COMPANY,-,0.037963,233331107,,,0000936340,DTE ENERGY CO,PRESENT
OTIS,OTIS,OTIS WORLDWIDE CORP,-,0.037613,68902V107,,,0001781335,Otis Worldwide Corp,PRESENT
FFIV,FFIV,F5 INC,-,0.037522,315616102,,,0001048695,"F5, INC.",PRESENT
LH,LH,LABCORP HOLDINGS INC,-,0.037449,504922105,,,0000920148,LABCORP HOLDINGS INC.,PRESENT
CINF,CINF,CINCINNATI FINANCIAL CORP,-,0.037385,172062101,,,0000020286,CINCINNATI FINANCIAL CORP,PRESENT
FISV,FISV,FISERV INC,-,0.037237,337738108,,,0000798354,FISERV INC,PRESENT
HUBB,HUBB,HUBBELL INC,-,0.037073,443510607,,,0000048898,HUBBELL INC,PRESENT
EXPD,EXPD,EXPEDITORS INTL WASH INC,-,0.036831,302130109,,,0000746515,EXPEDITORS INTERNATIONAL OF WASHINGTON INC,PRESENT
SW,SW,SMURFIT WESTROCK PLC,-,0.036597,G8267P108,,,0002005951,Smurfit Westrock plc,PRESENT
SMCI,SMCI,SUPER MICRO COMPUTER INC,-,0.036578,86800U302,,,0001375365,"Super Micro Computer, Inc.",PRESENT
HSY,HSY,HERSHEY CO/THE,-,0.036293,427866108,,,0000047111,HERSHEY CO,PRESENT
PPL,PPL,PPL CORP,-,0.036209,69351T106,,,0000922224,PPL Corp,PRESENT
CNP,CNP,CENTERPOINT ENERGY INC,-,0.036206,15189T107,,,0001130310,CENTERPOINT ENERGY INC,PRESENT
PPG,PPG,PPG INDUSTRIES INC,-,0.036002,693506107,,,0000079879,PPG INDUSTRIES INC,PRESENT
ES,ES,EVERSOURCE ENERGY,-,0.03593,30040W108,,,0000072741,EVERSOURCE ENERGY,PRESENT
XYL,XYL,XYLEM INC,-,0.035908,98419M100,,,0001524472,Xylem Inc.,PRESENT
VLTO,VLTO,VERALTO CORP,-,0.035488,92338C103,,,0001967680,Veralto Corp,PRESENT
RF,RF,REGIONS FINANCIAL CORP,-,0.035414,7591EP100,,,0001281761,REGIONS FINANCIAL CORP,PRESENT
SYF,SYF,SYNCHRONY FINANCIAL,-,0.035375,87165B103,,,0001601712,Synchrony Financial,PRESENT
EL,EL,ESTEE LAUDER COMPANIES CL A,-,0.034995,518439104,,,0001001250,ESTEE LAUDER COMPANIES INC,PRESENT
VRSN,VRSN,VERISIGN INC,-,0.034981,92343E102,,,0001014473,VERISIGN INC/CA,PRESENT
ULTA,ULTA,ULTA BEAUTY INC,-,0.034936,90384S303,,,0001403568,"Ulta Beauty, Inc.",PRESENT
CPRT,CPRT,COPART INC,-,0.034653,217204106,,,0000900075,COPART INC,PRESENT
CHD,CHD,CHURCH + DWIGHT CO INC,-,0.034228,171340102,,,0000313927,CHURCH & DWIGHT CO INC /DE/,PRESENT
DRI,DRI,DARDEN RESTAURANTS INC,-,0.033991,237194105,,,0000940944,DARDEN RESTAURANTS INC,PRESENT
TROW,TROW,T ROWE PRICE GROUP INC,-,0.033961,74144T108,,,0001113169,PRICE T ROWE GROUP INC,PRESENT
FE,FE,FIRSTENERGY CORP,-,0.033871,337932107,,,0001031296,FIRSTENERGY CORP,PRESENT
TPR,TPR,TAPESTRY INC,-,0.033836,876030107,,,0001116132,"TAPESTRY, INC.",PRESENT
PHM,PHM,PULTEGROUP INC,-,0.033661,745867101,,,0000822416,PULTEGROUP INC/MI/,PRESENT
PFG,PFG,PRINCIPAL FINANCIAL GROUP,-,0.033511,74251V102,,,0001126328,PRINCIPAL FINANCIAL GROUP INC,PRESENT
VRSK,VRSK,VERISK ANALYTICS INC,-,0.033302,92345Y106,,,0001442145,"Verisk Analytics, Inc.",PRESENT
CASY,CASY,CASEY S GENERAL STORES INC,-,0.033278,147528103,,,0000726958,CASEYS GENERAL STORES INC,PRESENT
IFF,IFF,INTL FLAVORS + FRAGRANCES,-,0.032944,459506101,,,0000051253,INTERNATIONAL FLAVORS & FRAGRANCES INC,PRESENT
DLTR,DLTR,DOLLAR TREE INC,-,0.032848,256746108,,,0000935703,"DOLLAR TREE, INC.",PRESENT
RDDT,RDDT,REDDIT INC CL A,-,0.032799,75734B100,,,0001713445,"Reddit, Inc.",PRESENT
NRG,NRG,NRG ENERGY INC,-,0.03181,629377508,,,0001013871,"NRG ENERGY, INC.",PRESENT
INCY,INCY,INCYTE CORP,-,0.031605,45337C102,,,0000879169,INCYTE CORP,PRESENT
PKG,PKG,PACKAGING CORP OF AMERICA,-,0.031548,695156109,,,0000075677,PACKAGING CORP OF AMERICA,PRESENT
LUV,LUV,SOUTHWEST AIRLINES CO,-,0.031337,844741108,,,0000092380,SOUTHWEST AIRLINES CO,PRESENT
OMC,OMC,OMNICOM GROUP,-,0.031308,681919106,,,0000029989,OMNICOM GROUP INC.,PRESENT
STE,STE,STERIS PLC,-,0.030777,G8473T100,,,0001757898,STERIS plc,PRESENT
VTRS,VTRS,VIATRIS INC,-,0.030688,92556V106,,,0001792044,Viatris Inc,PRESENT
KHC,KHC,KRAFT HEINZ CO/THE,-,0.030651,500754106,,,0001637459,Kraft Heinz Co,PRESENT
EIX,EIX,EDISON INTERNATIONAL,-,0.030439,281020107,,,0000827052,EDISON INTERNATIONAL,PRESENT
DOW,DOW,DOW INC,-,0.030241,260557103,,,0001751788,DOW INC.,PRESENT
TPL,TPL,TEXAS PACIFIC LAND CORP,-,0.029967,88262P102,,,0001811074,Texas Pacific Land Corp,PRESENT
EXE,EXE,EXPAND ENERGY CORP,-,0.029939,165167735,,,0000895126,EXPAND ENERGY Corp,PRESENT
CMS,CMS,CMS ENERGY CORP,-,0.029578,125896100,,,0000811156,CMS ENERGY CORP,PRESENT
AMCR,AMCR,AMCOR PLC,-,0.029326,G0250X149,,,0001748790,Amcor plc,PRESENT
GPN,GPN,GLOBAL PAYMENTS INC,-,0.028804,37940X102,,,0001123360,GLOBAL PAYMENTS INC,PRESENT
SNA,SNA,SNAP ON INC,-,0.028738,833034101,,,0000091440,Snap-on Inc,PRESENT
FSLR,FSLR,FIRST SOLAR INC,-,0.028668,336433107,,,0001274494,"FIRST SOLAR, INC.",PRESENT
NI,NI,NISOURCE INC,-,0.028318,65473P105,,,0001111711,NISOURCE INC.,PRESENT
KEY,KEY,KEYCORP,-,0.028012,493267108,,,0000091576,KEYCORP /NEW/,PRESENT
BR,BR,BROADRIDGE FINANCIAL SOLUTIO,-,0.027983,11133T103,,,0001383312,"BROADRIDGE FINANCIAL SOLUTIONS, INC.",PRESENT
FICO,FICO,FAIR ISAAC CORP,-,0.027898,303250104,,,0000814547,FAIR ISAAC CORP,PRESENT
IP,IP,INTERNATIONAL PAPER CO,-,0.027803,460146103,,,0000051434,INTERNATIONAL PAPER CO /NEW/,PRESENT
FIS,FIS,FIDELITY NATIONAL INFO SERV,-,0.027501,31620M106,,,0001136893,"Fidelity National Information Services, Inc.",PRESENT
EVRG,EVRG,EVERGY INC,-,0.027036,30034W106,,,0001711269,"Evergy, Inc.",PRESENT
GIS,GIS,GENERAL MILLS INC,-,0.026976,370334104,,,0000040704,GENERAL MILLS INC,PRESENT
DD,DD,DUPONT DE NEMOURS INC,-,0.026836,26614N201,,,0001666700,"DuPont de Nemours, Inc.",PRESENT
GPC,GPC,GENUINE PARTS CO,-,0.026807,372460105,,,0000040987,GENUINE PARTS CO,PRESENT
BBY,BBY,BEST BUY CO INC,-,0.026754,086516101,,,0000764478,BEST BUY CO INC,PRESENT
ZBRA,ZBRA,ZEBRA TECHNOLOGIES CORP CL A,-,0.026473,989207105,,,0000877212,ZEBRA TECHNOLOGIES CORP,PRESENT
SBAC,SBAC,SBA COMMUNICATIONS CORP,-,0.026471,78410G104,,,0001034054,SBA COMMUNICATIONS CORP,PRESENT
BRO,BRO,BROWN + BROWN INC,-,0.026224,115236101,,,0000079282,"BROWN & BROWN, INC.",PRESENT
ESS,ESS,ESSEX PROPERTY TRUST INC,-,0.026216,297178105,,,0000920522,"ESSEX PROPERTY TRUST, INC.",PRESENT
EFX,EFX,EQUIFAX INC,-,0.026075,294429105,,,0000033185,EQUIFAX INC,PRESENT
CHRW,CHRW,C.H. ROBINSON WORLDWIDE INC,-,0.02605,12541W209,,,0001043277,"C. H. ROBINSON WORLDWIDE, INC.",PRESENT
ZBH,ZBH,ZIMMER BIOMET HOLDINGS INC,-,0.026018,98956P102,,,0001136869,"ZIMMER BIOMET HOLDINGS, INC.",PRESENT
CF,CF,CF INDUSTRIES HOLDINGS INC,-,0.026,125269100,,,0001324404,"CF Industries Holdings, Inc.",PRESENT
NDSN,NDSN,NORDSON CORP,-,0.025953,655663102,,,0000072331,NORDSON CORP,PRESENT
L,L,LOEWS CORP,-,0.025827,540424108,,,0000060086,LOEWS CORP,PRESENT
BG,BG,BUNGE GLOBAL SA,-,0.02573,H11356104,,,0001996862,Bunge Global SA,PRESENT
FTV,FTV,FORTIVE CORP,-,0.025688,34959J108,,,0001659166,Fortive Corp,PRESENT
IEX,IEX,IDEX CORP,-,0.025591,45167R104,,,0000832101,IDEX CORP /DE/,PRESENT
STZ,STZ,CONSTELLATION BRANDS INC A,-,0.025586,21036P108,,,0000016918,"CONSTELLATION BRANDS, INC.",PRESENT
TSCO,TSCO,TRACTOR SUPPLY COMPANY,-,0.025424,892356106,,,0000916365,TRACTOR SUPPLY CO /DE/,PRESENT
RVTY,RVTY,REVVITY INC,-,0.025326,714046109,,,0000031791,"REVVITY, INC.",PRESENT
JBHT,JBHT,HUNT (JB) TRANSPRT SVCS INC,-,0.025224,445658107,,,0000728535,HUNT J B TRANSPORT SERVICES INC,PRESENT
CDW,CDW,CDW CORP/DE,-,0.025195,12514G108,,,0001402057,CDW Corp,PRESENT
AKAM,AKAM,AKAMAI TECHNOLOGIES INC,-,0.02488,00971T101,,,0001086222,AKAMAI TECHNOLOGIES INC,PRESENT
LNT,LNT,ALLIANT ENERGY CORP,-,0.024547,018802108,,,0000352541,ALLIANT ENERGY CORP,PRESENT
J,J,JACOBS SOLUTIONS INC,-,0.024545,46982L108,,,0000052988,JACOBS SOLUTIONS INC.,PRESENT
LEN,LEN,LENNAR CORP A,-,0.023644,526057104,,,0000920760,LENNAR CORP /NEW/,PRESENT
NVR,NVR,NVR INC,-,0.02346,62944T105,,,0000906163,NVR INC,PRESENT
LDOS,LDOS,LEIDOS HOLDINGS INC,-,0.023366,525327102,,,0001336920,"Leidos Holdings, Inc.",PRESENT
HST,HST,HOST HOTELS + RESORTS INC,-,0.023017,44107P104,,,0001070750,"HOST HOTELS & RESORTS, INC.",PRESENT
KIM,KIM,KIMCO REALTY CORP,-,0.022737,49446R109,,,0000879101,KIMCO REALTY CORP,PRESENT
BALL,BALL,BALL CORP,-,0.02273,058498106,,,0000009389,BALL Corp,PRESENT
APA,APA,APA CORP,-,0.022691,03743Q108,,,0001841666,APA Corp,PRESENT
WRB,WRB,WR BERKLEY CORP,-,0.022674,084423102,,,0000011544,BERKLEY W R CORP,PRESENT
LYB,LYB,LYONDELLBASELL INDU CL A,-,0.022637,N53745100,,,0001489393,LyondellBasell Industries N.V.,PRESENT
PTC,PTC,PTC INC,-,0.022265,69370C100,,,0000857005,PTC INC.,PRESENT
TSN,TSN,TYSON FOODS INC CL A,-,0.021587,902494103,,,0000100493,"TYSON FOODS, INC.",PRESENT
WY,WY,WEYERHAEUSER CO,-,0.021519,962166104,,,0000106535,WEYERHAEUSER CO,PRESENT
INVH,INVH,INVITATION HOMES INC,-,0.02144,46187W107,,,0001687229,Invitation Homes Inc.,PRESENT
CRL,CRL,CHARLES RIVER LABORATORIES,-,0.021197,159864107,,,0001100682,"CHARLES RIVER LABORATORIES INTERNATIONAL, INC.",PRESENT
DOC,DOC,HEALTHPEAK PROPERTIES INC,-,0.021122,42250P103,,,0000765880,"HEALTHPEAK PROPERTIES, INC.",PRESENT
MAA,MAA,MID AMERICA APARTMENT COMM,-,0.020691,59522J103,,,0000912595,MID AMERICA APARTMENT COMMUNITIES INC.,PRESENT
IVZ,IVZ,INVESCO LTD,-,0.020636,G491BT108,,,0000914208,Invesco Ltd.,PRESENT
SWK,SWK,STANLEY BLACK + DECKER INC,-,0.020485,854502101,,,0000093556,"STANLEY BLACK & DECKER, INC.",PRESENT
FDXF,FDXF,FEDEX FREIGHT HOLDING CO,-,0.020285,314352105,,,0002082247,"FedEx Freight Holding Company, Inc.",PRESENT
TRMB,TRMB,TRIMBLE INC,-,0.020264,896239100,,,0000864749,TRIMBLE INC.,PRESENT
SWKS,SWKS,SKYWORKS SOLUTIONS INC,-,0.02019,83088M102,,,0000004127,"SKYWORKS SOLUTIONS, INC.",PRESENT
RL,RL,RALPH LAUREN CORP,-,0.02018,751212101,,,0001037038,RALPH LAUREN CORP,PRESENT
MAS,MAS,MASCO CORP,-,0.020151,574599106,,,0000062996,MASCO CORP /DE/,PRESENT
TXT,TXT,TEXTRON INC,-,0.019958,883203101,,,0000217346,TEXTRON INC,PRESENT
EG,EG,EVEREST GROUP LTD,-,0.019804,G3223R108,,,0001095073,"EVEREST GROUP, LTD.",PRESENT
AIZ,AIZ,ASSURANT INC,-,0.019741,04621X108,,,0001267238,"ASSURANT, INC.",PRESENT
ALLE,ALLE,ALLEGION PLC,-,0.019713,G0176J109,,,0001579241,Allegion plc,PRESENT
AVY,AVY,AVERY DENNISON CORP,-,0.019572,053611109,,,0000008818,Avery Dennison Corp,PRESENT
GL,GL,GLOBE LIFE INC,-,0.019476,37959E102,,,0000320335,GLOBE LIFE INC.,PRESENT
ALB,ALB,ALBEMARLE CORP,-,0.019418,012653101,,,0000915913,ALBEMARLE CORP,PRESENT
SOLV,SOLV,SOLVENTUM CORP,-,0.019408,83444M101,,,0001964738,Solventum Corp,PRESENT
SJM,SJM,JM SMUCKER CO/THE,-,0.019394,832696405,,,0000091419,J M SMUCKER Co,PRESENT
CHTR,CHTR,CHARTER COMMUNICATIONS INC A,-,0.018918,16119P108,,,0001091667,"CHARTER COMMUNICATIONS, INC. /MO/",PRESENT
FOXA,FOXA,FOX CORP CLASS A,-,0.018907,35137L105,,,0001754301,Fox Corp,PRESENT
ECHO,ECHO,ECHOSTAR CORP A,-,0.018694,278768106,,,0001415404,EchoStar CORP,PRESENT
HAS,HAS,HASBRO INC,-,0.018622,418056107,,,0000046080,"HASBRO, INC.",PRESENT
TYL,TYL,TYLER TECHNOLOGIES INC,-,0.01858,902252105,,,0000860731,TYLER TECHNOLOGIES INC,PRESENT
GDDY,GDDY,GODADDY INC CLASS A,-,0.018434,380237107,,,0001609711,GoDaddy Inc.,PRESENT
MKC,MKC,MCCORMICK + CO NON VTG SHRS,-,0.018352,579780206,,,0000063754,MCCORMICK & CO INC,PRESENT
GNRC,GNRC,GENERAC HOLDINGS INC,-,0.018242,368736104,,,0001474735,GENERAC HOLDINGS INC.,PRESENT
BAX,BAX,BAXTER INTERNATIONAL INC,-,0.01822,071813109,,,0000010456,BAXTER INTERNATIONAL INC,PRESENT
REG,REG,REGENCY CENTERS CORP,-,0.018139,758849103,,,0000910606,REGENCY CENTERS CORP,PRESENT
LII,LII,LENNOX INTERNATIONAL INC,-,0.01777,526107107,,,0001069202,LENNOX INTERNATIONAL INC,PRESENT
IT,IT,GARTNER INC,-,0.017582,366651107,,,0000749251,GARTNER INC,PRESENT
GEN,GEN,GEN DIGITAL INC,-,0.017452,668771108,,,0000849399,Gen Digital Inc.,PRESENT
CSGP,CSGP,COSTAR GROUP INC,-,0.017233,22160N109,,,0001057352,"COSTAR GROUP, INC.",PRESENT
TECH,TECH,BIO TECHNE CORP,-,0.017106,09073M104,,,0000842023,BIO-TECHNE Corp,PRESENT
PNW,PNW,PINNACLE WEST CAPITAL,-,0.016715,723484101,,,0000764622,PINNACLE WEST CAPITAL CORP,PRESENT
COO,COO,COOPER COS INC/THE,-,0.016233,216648501,,,0000711404,"COOPER COMPANIES, INC.",PRESENT
TKO,TKO,TKO GROUP HOLDINGS INC,-,0.016232,87256C101,,,0001973266,"TKO Group Holdings, Inc.",PRESENT
LULU,LULU,LULULEMON ATHLETICA INC,-,0.015935,550021109,,,0001397187,lululemon athletica inc.,PRESENT
AES,AES,AES CORP,-,0.015934,00130H105,,,0000874761,AES CORP,PRESENT
DECK,DECK,DECKERS OUTDOOR CORP,-,0.015867,243537107,,,0000910521,DECKERS OUTDOOR CORP,PRESENT
JKHY,JKHY,JACK HENRY + ASSOCIATES INC,-,0.015775,426281101,,,0000779152,JACK HENRY & ASSOCIATES INC,PRESENT
NWSA,NWSA,NEWS CORP CLASS A,-,0.015613,65249B109,,,0001564708,NEWS CORP,PRESENT
HII,HII,HUNTINGTON INGALLS INDUSTRIE,-,0.015562,446413106,,,0001501585,"HUNTINGTON INGALLS INDUSTRIES, INC.",PRESENT
CLX,CLX,CLOROX COMPANY,-,0.015308,189054109,,,0000021076,CLOROX CO /DE/,PRESENT
BXP,BXP,BXP INC,-,0.015167,101121101,,,0001037540,"BXP, Inc.",PRESENT
UDR,UDR,UDR INC,-,0.015028,902653104,,,0000074208,"UDR, Inc.",PRESENT
LVS,LVS,LAS VEGAS SANDS CORP,-,0.014954,517834107,,,0001300514,LAS VEGAS SANDS CORP,PRESENT
CPT,CPT,CAMDEN PROPERTY TRUST,-,0.014818,133131102,,,0000906345,CAMDEN PROPERTY TRUST,PRESENT
FDS,FDS,FACTSET RESEARCH SYSTEMS INC,-,0.014564,303075105,,,0001013237,FACTSET RESEARCH SYSTEMS INC,PRESENT
ALGN,ALGN,ALIGN TECHNOLOGY INC,-,0.014525,016255101,,,0001097149,ALIGN TECHNOLOGY INC,PRESENT
DPZ,DPZ,DOMINO S PIZZA INC,-,0.014479,25754A201,,,0001286681,DOMINOS PIZZA INC,PRESENT
BEN,BEN,FRANKLIN TEMPLETON INC,-,0.014389,354613101,,,0000038777,FRANKLIN TEMPLETON INC,PRESENT
APTV,APTV,APTIV PLC,-,0.01425,G3265R107,,,0001521332,Aptiv PLC,PRESENT
PODD,PODD,INSULET CORP,-,0.014167,45784P101,,,0001145197,INSULET CORP,PRESENT
UHS,UHS,UNIVERSAL HEALTH SERVICES B,-,0.013855,913903100,,,0000352915,UNIVERSAL HEALTH SERVICES INC,PRESENT
ROL,ROL,ROLLINS INC,-,0.013259,775711104,,,0000084839,ROLLINS INC,PRESENT
FRT,FRT,FEDERAL REALTY INVS TRUST,-,0.013101,313745101,,,0000034903,FEDERAL REALTY INVESTMENT TRUST,PRESENT
PNR,PNR,PENTAIR PLC,-,0.013024,G7S00T104,,,0000077360,PENTAIR plc,PRESENT
HSIC,HSIC,HENRY SCHEIN INC,-,0.012558,806407102,,,0001000228,HENRY SCHEIN INC,PRESENT
ARE,ARE,ALEXANDRIA REAL ESTATE EQUIT,-,0.011725,015271109,,,0001035443,"ALEXANDRIA REAL ESTATE EQUITIES, INC.",PRESENT
FOX,FOX,FOX CORP CLASS B,-,0.011384,35137L204,,,0001754301,Fox Corp,PRESENT
MOS,MOS,MOSAIC CO/THE,-,0.011069,61945C103,,,0001285785,MOSAIC CO,PRESENT
NCLH,NCLH,NORWEGIAN CRUISE LINE HOLDIN,-,0.010147,G66721104,,,0001513761,Norwegian Cruise Line Holdings Ltd.,PRESENT
AOS,AOS,SMITH (A.O.) CORP,-,0.009859,831865209,,,0000091142,SMITH A O CORP,PRESENT
DVA,DVA,DAVITA INC,-,0.00905,23918K108,,,0000927066,DAVITA INC.,PRESENT
WYNN,WYNN,WYNN RESORTS LTD,-,0.008692,983134107,,,0001174922,WYNN RESORTS LTD,PRESENT
HRL,HRL,HORMEL FOODS CORP,-,0.008638,440452100,,,0000048465,HORMEL FOODS CORP /DE/,PRESENT
MGM,MGM,MGM RESORTS INTERNATIONAL,-,0.008598,552953101,,,0000789570,MGM Resorts International,PRESENT
ERIE,ERIE,ERIE INDEMNITY COMPANY CL A,-,0.008505,29530P102,,,0000922621,ERIE INDEMNITY CO,PRESENT
PSKY,PSKY,PARAMOUNT SKYDANCE CL B,-,0.008137,69932A204,,,0002041610,Paramount Skydance Corp,PRESENT
BF.B,BF-B,BROWN FORMAN CORP CLASS B,-,0.006943,115637209,,,0000014693,BROWN FORMAN CORP,PRESENT
NWS,NWS,NEWS CORP CLASS B,-,0.005816,65249B208,,,0001564708,NEWS CORP,PRESENT
2602335D,2602335D,TPG INC,-,3e-06,436CVR021,,,,,MISSING
