ticker,name,sector,cik,annual_period,annual_filed,core_metric_coverage_pct,extended_metric_coverage_pct,data_status,data_quality_flags,history_revenue_4y,history_opinc_4y,history_fcf_4y,history_diluted_shares_4y,sbc_current_present,revenue_cagr3_present,opinc_cagr3_present,fcf_cagr3_present,fcf_per_share_cagr3_present
NVDA,NVIDIA CORP,-,1045810.0,20260131.0,20260225.0,100.0,100.0,PRESENT,OK,False,False,False,False,False,False,False,False,False
AAPL,APPLE INC,-,320193.0,20250930.0,20251031.0,100.0,100.0,PRESENT,OK,False,False,False,False,False,False,False,False,False
MSFT,MICROSOFT CORP,-,789019.0,20250630.0,20250730.0,100.0,100.0,PRESENT,OK,False,False,False,False,False,False,False,False,False
AMZN,AMAZON.COM INC,-,1018724.0,20251231.0,20260206.0,100.0,100.0,PRESENT,OK,False,False,False,False,False,False,False,False,False
GOOGL,ALPHABET INC CL A,-,1652044.0,20251231.0,20260205.0,83.3,87.5,PARTIAL,MISSING_DILUTED_SHARES,False,False,False,False,False,False,False,False,False
AVGO,BROADCOM INC,-,1730168.0,20251031.0,20251218.0,100.0,100.0,PRESENT,OK,False,False,False,False,False,False,False,False,False
GOOG,ALPHABET INC CL C,-,1652044.0,20251231.0,20260205.0,83.3,87.5,PARTIAL,MISSING_DILUTED_SHARES,False,False,False,False,False,False,False,False,False
META,META PLATFORMS INC CLASS A,-,1326801.0,20251231.0,20260129.0,100.0,100.0,PRESENT,OK,False,False,False,False,False,False,False,False,False
MU,MICRON TECHNOLOGY INC,-,723125.0,20250831.0,20251003.0,100.0,100.0,PRESENT,OK,False,False,False,False,False,False,False,False,False
TSLA,TESLA INC,-,1318605.0,20251231.0,20260129.0,100.0,87.5,PRESENT,OK,False,False,False,False,False,False,False,False,False
JPM,JPMORGAN CHASE + CO,-,19617.0,20251231.0,20260213.0,83.3,75.0,PARTIAL,MISSING_REVENUE,False,False,False,False,False,False,False,False,False
BRK.B,BERKSHIRE HATHAWAY INC CL B,-,1067983.0,20251231.0,20260302.0,83.3,75.0,PARTIAL,MISSING_DILUTED_SHARES,False,False,False,False,False,False,False,False,False
LLY,ELI LILLY + CO,-,59478.0,20251231.0,20260212.0,100.0,87.5,PRESENT,OK,False,False,False,False,False,False,False,False,False
AMD,ADVANCED MICRO DEVICES,-,2488.0,20251231.0,20260204.0,100.0,100.0,PRESENT,OK,False,False,False,False,False,False,False,False,False
XOM,EXXONMOBIL HOLDINGS CORP,-,2115436.0,,,0.0,0.0,PARTIAL,MISSING_ANNUAL_FILING_IN_BULK_WINDOW;MISSING_REVENUE;MISSING_NET_INCOME;MISSING_ASSETS;MISSING_EQUITY;MISSING_OPERATING_CASH_FLOW;MISSING_DILUTED_SHARES,False,False,False,False,False,False,False,False,False
JNJ,JOHNSON + JOHNSON,-,200406.0,20251231.0,20260211.0,100.0,100.0,PRESENT,OK,False,False,False,False,False,False,False,False,False
V,VISA INC CLASS A SHARES,-,1403161.0,20250930.0,20251106.0,83.3,87.5,PARTIAL,MISSING_DILUTED_SHARES,False,False,False,False,False,False,False,False,False
MA,MASTERCARD INC A,-,1141391.0,20251231.0,20260211.0,100.0,100.0,PRESENT,OK,False,False,False,False,False,False,False,False,False
WMT,WALMART INC,-,104169.0,20260131.0,20260313.0,100.0,100.0,PRESENT,OK,False,False,False,False,False,False,False,False,False
ABBV,ABBVIE INC,-,1551152.0,20251231.0,20260220.0,100.0,100.0,PRESENT,OK,False,False,False,False,False,False,False,False,False
INTC,INTEL CORP,-,50863.0,20251231.0,20260123.0,100.0,100.0,PRESENT,OK,False,False,False,False,False,False,False,False,False
CSCO,CISCO SYSTEMS INC,-,858877.0,20250731.0,20250903.0,100.0,100.0,PRESENT,OK,False,False,False,False,False,False,False,False,False
PLTR,PALANTIR TECHNOLOGIES INC A,-,1321655.0,20251231.0,20260217.0,100.0,87.5,PRESENT,OK,False,False,False,False,False,False,False,False,False
COST,COSTCO WHOLESALE CORP,-,909832.0,20250831.0,20251008.0,100.0,100.0,PRESENT,OK,False,False,False,False,False,False,False,False,False
BAC,BANK OF AMERICA CORP,-,70858.0,20251231.0,20260225.0,100.0,87.5,PRESENT,OK,False,False,False,False,False,False,False,False,False
CVX,CHEVRON CORP,-,93410.0,20251231.0,20260224.0,83.3,87.5,PARTIAL,MISSING_DILUTED_SHARES,False,False,False,False,False,False,False,False,False
LRCX,LAM RESEARCH CORP,-,707549.0,20250630.0,20250811.0,100.0,100.0,PRESENT,OK,False,False,False,False,False,False,False,False,False
CAT,CATERPILLAR INC,-,18230.0,20251231.0,20260213.0,100.0,100.0,PRESENT,OK,False,False,False,False,False,False,False,False,False
MRK,MERCK + CO. INC.,-,310158.0,20251231.0,20260224.0,83.3,87.5,PARTIAL,MISSING_DILUTED_SHARES,False,False,False,False,False,False,False,False,False
AMAT,APPLIED MATERIALS INC,-,6951.0,20251031.0,20251212.0,100.0,100.0,PRESENT,OK,False,False,False,False,False,False,False,False,False
UNH,UNITEDHEALTH GROUP INC,-,731766.0,20251231.0,20260302.0,100.0,100.0,PRESENT,OK,False,False,False,False,False,False,False,False,False
GE,GENERAL ELECTRIC,-,40545.0,20251231.0,20260129.0,83.3,87.5,PARTIAL,MISSING_DILUTED_SHARES,False,False,False,False,False,False,False,False,False
KO,COCA COLA CO/THE,-,21344.0,20251231.0,20260220.0,100.0,100.0,PRESENT,OK,False,False,False,False,False,False,False,False,False
NFLX,NETFLIX INC,-,1065280.0,20251231.0,20260123.0,100.0,100.0,PRESENT,OK,False,False,False,False,False,False,False,False,False
PG,PROCTER + GAMBLE CO/THE,-,80424.0,20250630.0,20250804.0,83.3,87.5,PARTIAL,MISSING_DILUTED_SHARES,False,False,False,False,False,False,False,False,False
HD,HOME DEPOT INC,-,354950.0,20260131.0,20260318.0,100.0,100.0,PRESENT,OK,False,False,False,False,False,False,False,False,False
PANW,PALO ALTO NETWORKS INC,-,1327567.0,20250731.0,20250829.0,100.0,87.5,PRESENT,OK,False,False,False,False,False,False,False,False,False
GS,GOLDMAN SACHS GROUP INC,-,886982.0,20251231.0,20260225.0,83.3,75.0,PARTIAL,MISSING_REVENUE,False,False,False,False,False,False,False,False,False
PM,PHILIP MORRIS INTERNATIONAL,-,1413329.0,20251231.0,20260206.0,83.3,87.5,PARTIAL,MISSING_DILUTED_SHARES,False,False,False,False,False,False,False,False,False
RTX,RTX CORP,-,101829.0,20251231.0,20260206.0,100.0,100.0,PRESENT,OK,False,False,False,False,False,False,False,False,False
WFC,WELLS FARGO + CO,-,72971.0,20251231.0,20260224.0,83.3,75.0,PARTIAL,MISSING_REVENUE,False,False,False,False,False,False,False,False,False
MS,MORGAN STANLEY,-,895421.0,20251231.0,20260219.0,83.3,62.5,PARTIAL,MISSING_REVENUE,False,False,False,False,False,False,False,False,False
ORCL,ORACLE CORP,-,1341439.0,20260531.0,20260622.0,100.0,87.5,PRESENT,OK,False,False,False,False,False,False,False,False,False
GEV,GE VERNOVA INC,-,1996810.0,20251231.0,20260129.0,100.0,87.5,PRESENT,OK,False,False,False,False,False,False,False,False,False
TXN,TEXAS INSTRUMENTS INC,-,97476.0,20251231.0,20260206.0,100.0,100.0,PRESENT,OK,False,False,False,False,False,False,False,False,False
CRWD,CROWDSTRIKE HOLDINGS INC A,-,1535527.0,20260131.0,20260305.0,83.3,87.5,PARTIAL,MISSING_REVENUE,False,False,False,False,False,False,False,False,False
SNDK,SANDISK CORP,-,2023554.0,20250630.0,20250821.0,100.0,100.0,PRESENT,OK,False,False,False,False,False,False,False,False,False
AMGN,AMGEN INC,-,318154.0,20251231.0,20260213.0,100.0,100.0,PRESENT,OK,False,False,False,False,False,False,False,False,False
TMO,THERMO FISHER SCIENTIFIC INC,-,97745.0,20251231.0,20260226.0,100.0,100.0,PRESENT,OK,False,False,False,False,False,False,False,False,False
KLAC,KLA CORP,-,319201.0,20250630.0,20250808.0,100.0,100.0,PRESENT,OK,False,False,False,False,False,False,False,False,False
LIN,LINDE PLC,-,1707925.0,20251231.0,20260225.0,100.0,100.0,PRESENT,OK,False,False,False,False,False,False,False,False,False
C,CITIGROUP INC,-,831001.0,20251231.0,20260220.0,100.0,100.0,PRESENT,OK,False,False,False,False,False,False,False,False,False
IBM,INTL BUSINESS MACHINES CORP,-,51143.0,20251231.0,20260224.0,100.0,100.0,PRESENT,OK,False,False,False,False,False,False,False,False,False
CRM,SALESFORCE INC,-,1108524.0,20260131.0,20260302.0,100.0,100.0,PRESENT,OK,False,False,False,False,False,False,False,False,False
VZ,VERIZON COMMUNICATIONS INC,-,732712.0,20251231.0,20260217.0,100.0,87.5,PRESENT,OK,False,False,False,False,False,False,False,False,False
ANET,ARISTA NETWORKS INC,-,1596532.0,20251231.0,20260217.0,100.0,87.5,PRESENT,OK,False,False,False,False,False,False,False,False,False
APH,AMPHENOL CORP CL A,-,820313.0,20251231.0,20260211.0,100.0,100.0,PRESENT,OK,False,False,False,False,False,False,False,False,False
ABT,ABBOTT LABORATORIES,-,1800.0,20251231.0,20260220.0,100.0,100.0,PRESENT,OK,False,False,False,False,False,False,False,False,False
PEP,PEPSICO INC,-,77476.0,20251231.0,20260203.0,100.0,100.0,PRESENT,OK,False,False,False,False,False,False,False,False,False
DIS,WALT DISNEY CO/THE,-,1744489.0,20250930.0,20251113.0,100.0,100.0,PRESENT,OK,False,False,False,False,False,False,False,False,False
MCD,MCDONALD S CORP,-,63908.0,20251231.0,20260224.0,100.0,100.0,PRESENT,OK,False,False,False,False,False,False,False,False,False
STX,SEAGATE TECHNOLOGY HOLDINGS,-,1137789.0,20250630.0,20250801.0,100.0,100.0,PRESENT,OK,False,False,False,False,False,False,False,False,False
MRVL,MARVELL TECHNOLOGY INC,-,1835632.0,20260131.0,20260311.0,100.0,100.0,PRESENT,OK,False,False,False,False,False,False,False,False,False
GILD,GILEAD SCIENCES INC,-,882095.0,20251231.0,20260224.0,100.0,100.0,PRESENT,OK,False,False,False,False,False,False,False,False,False
T,AT+T INC,-,732717.0,20251231.0,20260209.0,83.3,87.5,PARTIAL,MISSING_DILUTED_SHARES,False,False,False,False,False,False,False,False,False
QCOM,QUALCOMM INC,-,804328.0,20250930.0,20251105.0,100.0,100.0,PRESENT,OK,False,False,False,False,False,False,False,False,False
SCHW,SCHWAB (CHARLES) CORP,-,316709.0,20251231.0,20260225.0,100.0,100.0,PRESENT,OK,False,False,False,False,False,False,False,False,False
UNP,UNION PACIFIC CORP,-,100885.0,20251231.0,20260206.0,100.0,100.0,PRESENT,OK,False,False,False,False,False,False,False,False,False
ADI,ANALOG DEVICES INC,-,6281.0,20251031.0,20251125.0,100.0,100.0,PRESENT,OK,False,False,False,False,False,False,False,False,False
AXP,AMERICAN EXPRESS CO,-,4962.0,20251231.0,20260206.0,83.3,87.5,PARTIAL,MISSING_REVENUE,False,False,False,False,False,False,False,False,False
NEE,NEXTERA ENERGY INC,-,753308.0,20251231.0,20260213.0,66.7,62.5,PARTIAL,MISSING_REVENUE;MISSING_DILUTED_SHARES,False,False,False,False,False,False,False,False,False
BLK,BLACKROCK INC,-,2012383.0,20251231.0,20260225.0,100.0,100.0,PRESENT,OK,False,False,False,False,False,False,False,False,False
WELL,WELLTOWER INC,-,766704.0,20251231.0,20260212.0,100.0,75.0,PRESENT,OK,False,False,False,False,False,False,False,False,False
DE,DEERE + CO,-,315189.0,20251031.0,20251218.0,100.0,87.5,PRESENT,OK,False,False,False,False,False,False,False,False,False
BA,BOEING CO/THE,-,12927.0,20251231.0,20260130.0,83.3,87.5,PARTIAL,MISSING_DILUTED_SHARES,False,False,False,False,False,False,False,False,False
PFE,PFIZER INC,-,78003.0,20251231.0,20260226.0,100.0,100.0,PRESENT,OK,False,False,False,False,False,False,False,False,False
COP,CONOCOPHILLIPS,-,1163165.0,20251231.0,20260217.0,100.0,87.5,PRESENT,OK,False,False,False,False,False,False,False,False,False
ETN,EATON CORP PLC,-,1551182.0,20251231.0,20260226.0,100.0,100.0,PRESENT,OK,False,False,False,False,False,False,False,False,False
WDC,WESTERN DIGITAL CORP,-,106040.0,20250630.0,20250814.0,83.3,87.5,PARTIAL,MISSING_DILUTED_SHARES,False,False,False,False,False,False,False,False,False
BKNG,BOOKING HOLDINGS INC,-,1075531.0,20251231.0,20260218.0,83.3,87.5,PARTIAL,MISSING_NET_INCOME,False,False,False,False,False,False,False,False,False
UBER,UBER TECHNOLOGIES INC,-,1543151.0,20251231.0,20260213.0,100.0,100.0,PRESENT,OK,False,False,False,False,False,False,False,False,False
NOW,SERVICENOW INC,-,1373715.0,20251231.0,20260129.0,100.0,87.5,PRESENT,OK,False,False,False,False,False,False,False,False,False
TJX,TJX COMPANIES INC,-,109198.0,20260131.0,20260331.0,83.3,87.5,PARTIAL,MISSING_REVENUE,False,False,False,False,False,False,False,False,False
VRTX,VERTEX PHARMACEUTICALS INC,-,875320.0,20251231.0,20260213.0,100.0,87.5,PRESENT,OK,False,False,False,False,False,False,False,False,False
BMY,BRISTOL MYERS SQUIBB CO,-,14272.0,20251231.0,20260211.0,83.3,87.5,PARTIAL,MISSING_DILUTED_SHARES,False,False,False,False,False,False,False,False,False
NEM,NEWMONT CORP,-,1164727.0,20251231.0,20260219.0,100.0,100.0,PRESENT,OK,False,False,False,False,False,False,False,False,False
DHR,DANAHER CORP,-,313616.0,20251231.0,20260224.0,100.0,100.0,PRESENT,OK,False,False,False,False,False,False,False,False,False
COF,CAPITAL ONE FINANCIAL CORP,-,927628.0,20251231.0,20260219.0,66.7,62.5,PARTIAL,MISSING_REVENUE;MISSING_DILUTED_SHARES,False,False,False,False,False,False,False,False,False
ISRG,INTUITIVE SURGICAL INC,-,1035267.0,20251231.0,20260203.0,100.0,87.5,PRESENT,OK,False,False,False,False,False,False,False,False,False
PLD,PROLOGIS INC,-,1045609.0,20251231.0,20260213.0,100.0,87.5,PRESENT,OK,False,False,False,False,False,False,False,False,False
SPGI,S+P GLOBAL INC,-,64040.0,20251231.0,20260211.0,100.0,100.0,PRESENT,OK,False,False,False,False,False,False,False,False,False
DELL,DELL TECHNOLOGIES C,-,1571996.0,20260131.0,20260316.0,83.3,87.5,PARTIAL,MISSING_DILUTED_SHARES,False,False,False,False,False,False,False,False,False
PGR,PROGRESSIVE CORP,-,80661.0,20251231.0,20260302.0,100.0,87.5,PRESENT,OK,False,False,False,False,False,False,False,False,False
PH,PARKER HANNIFIN CORP,-,76334.0,20250630.0,20250822.0,83.3,87.5,PARTIAL,MISSING_DILUTED_SHARES,False,False,False,False,False,False,False,False,False
CB,CHUBB LTD,-,896159.0,20251231.0,20260227.0,83.3,75.0,PARTIAL,MISSING_DILUTED_SHARES,False,False,False,False,False,False,False,False,False
SBUX,STARBUCKS CORP,-,829224.0,20250930.0,20251114.0,100.0,100.0,PRESENT,OK,False,False,False,False,False,False,False,False,False
CVS,CVS HEALTH CORP,-,64803.0,20251231.0,20260210.0,100.0,100.0,PRESENT,OK,False,False,False,False,False,False,False,False,False
ADBE,ADOBE INC,-,796343.0,20251130.0,20260115.0,100.0,100.0,PRESENT,OK,False,False,False,False,False,False,False,False,False
GLW,CORNING INC,-,24741.0,20251231.0,20260212.0,83.3,75.0,PARTIAL,MISSING_DILUTED_SHARES,False,False,False,False,False,False,False,False,False
ACN,ACCENTURE PLC CL A,-,1467373.0,20250831.0,20251010.0,100.0,100.0,PRESENT,OK,False,False,False,False,False,False,False,False,False
MDT,MEDTRONIC PLC,-,1613103.0,20260430.0,20260618.0,100.0,100.0,PRESENT,OK,False,False,False,False,False,False,False,False,False
LOW,LOWE S COS INC,-,60667.0,20260131.0,20260323.0,83.3,87.5,PARTIAL,MISSING_DILUTED_SHARES,False,False,False,False,False,False,False,False,False
ADP,AUTOMATIC DATA PROCESSING,-,8670.0,20250630.0,20250806.0,100.0,87.5,PRESENT,OK,False,False,False,False,False,False,False,False,False
MO,ALTRIA GROUP INC,-,764180.0,20251231.0,20260225.0,83.3,87.5,PARTIAL,MISSING_DILUTED_SHARES,False,False,False,False,False,False,False,False,False
LMT,LOCKHEED MARTIN CORP,-,936468.0,20251231.0,20260129.0,83.3,87.5,PARTIAL,MISSING_DILUTED_SHARES,False,False,False,False,False,False,False,False,False
SYK,STRYKER CORP,-,310764.0,20251231.0,20260211.0,100.0,100.0,PRESENT,OK,False,False,False,False,False,False,False,False,False
BNY,BANK OF NEW YORK MELLON CORP,-,1390777.0,20251231.0,20260225.0,83.3,87.5,PARTIAL,MISSING_REVENUE,False,False,False,False,False,False,False,False,False
FCX,FREEPORT MCMORAN INC,-,831259.0,20251231.0,20260213.0,100.0,100.0,PRESENT,OK,False,False,False,False,False,False,False,False,False
MPC,MARATHON PETROLEUM CORP,-,1510295.0,20251231.0,20260226.0,100.0,100.0,PRESENT,OK,False,False,False,False,False,False,False,False,False
VLO,VALERO ENERGY CORP,-,1035002.0,20251231.0,20260225.0,83.3,75.0,PARTIAL,MISSING_REVENUE,False,False,False,False,False,False,False,False,False
FTNT,FORTINET INC,-,1262039.0,20251231.0,20260225.0,100.0,100.0,PRESENT,OK,False,False,False,False,False,False,False,False,False
BX,BLACKSTONE INC,-,1393818.0,20251231.0,20260227.0,100.0,87.5,PRESENT,OK,False,False,False,False,False,False,False,False,False
MCK,MCKESSON CORP,-,927653.0,20260331.0,20260508.0,100.0,100.0,PRESENT,OK,False,False,False,False,False,False,False,False,False
CME,CME GROUP INC,-,1156375.0,20251231.0,20260226.0,100.0,100.0,PRESENT,OK,False,False,False,False,False,False,False,False,False
EQIX,EQUINIX INC,-,1101239.0,20251231.0,20260211.0,100.0,75.0,PRESENT,OK,False,False,False,False,False,False,False,False,False
INTU,INTUIT INC,-,896878.0,20250731.0,20250903.0,100.0,100.0,PRESENT,OK,False,False,False,False,False,False,False,False,False
VRT,VERTIV HOLDINGS CO A,-,1674101.0,20251231.0,20260213.0,100.0,100.0,PRESENT,OK,False,False,False,False,False,False,False,False,False
SO,SOUTHERN CO/THE,-,92122.0,20251231.0,20260219.0,100.0,100.0,PRESENT,OK,False,False,False,False,False,False,False,False,False
PSX,PHILLIPS 66,-,1534701.0,20251231.0,20260220.0,100.0,87.5,PRESENT,OK,False,False,False,False,False,False,False,False,False
TT,TRANE TECHNOLOGIES PLC,-,1466258.0,20251231.0,20260205.0,83.3,87.5,PARTIAL,MISSING_DILUTED_SHARES,False,False,False,False,False,False,False,False,False
HWM,HOWMET AEROSPACE INC,-,4281.0,20251231.0,20260212.0,100.0,100.0,PRESENT,OK,False,False,False,False,False,False,False,False,False
PNC,PNC FINANCIAL SERVICES GROUP,-,713676.0,20251231.0,20260220.0,100.0,87.5,PRESENT,OK,False,False,False,False,False,False,False,False,False
USB,US BANCORP,-,36104.0,20251231.0,20260223.0,83.3,75.0,PARTIAL,MISSING_REVENUE,False,False,False,False,False,False,False,False,False
CMCSA,COMCAST CORP CLASS A,-,1166691.0,20251231.0,20260203.0,83.3,87.5,PARTIAL,MISSING_DILUTED_SHARES,False,False,False,False,False,False,False,False,False
GD,GENERAL DYNAMICS CORP,-,40533.0,20251231.0,20260130.0,83.3,87.5,PARTIAL,MISSING_DILUTED_SHARES,False,False,False,False,False,False,False,False,False
CSX,CSX CORP,-,277948.0,20251231.0,20260212.0,100.0,100.0,PRESENT,OK,False,False,False,False,False,False,False,False,False
CDNS,CADENCE DESIGN SYS INC,-,813672.0,20251231.0,20260219.0,100.0,87.5,PRESENT,OK,False,False,False,False,False,False,False,False,False
DUK,DUKE ENERGY CORP,-,1326160.0,20251231.0,20260226.0,83.3,87.5,PARTIAL,MISSING_REVENUE,False,False,False,False,False,False,False,False,False
WMB,WILLIAMS COS INC,-,107263.0,20251231.0,20260224.0,100.0,100.0,PRESENT,OK,False,False,False,False,False,False,False,False,False
MRSH,MARSH + MCLENNAN COS,-,62709.0,20251231.0,20260209.0,100.0,100.0,PRESENT,OK,False,False,False,False,False,False,False,False,False
PWR,QUANTA SERVICES INC,-,1050915.0,20251231.0,20260219.0,100.0,100.0,PRESENT,OK,False,False,False,False,False,False,False,False,False
ICE,INTERCONTINENTAL EXCHANGE IN,-,1571949.0,20251231.0,20260205.0,100.0,100.0,PRESENT,OK,False,False,False,False,False,False,False,False,False
SLB,SLB LTD,-,87347.0,20251231.0,20260123.0,100.0,100.0,PRESENT,OK,False,False,False,False,False,False,False,False,False
MMM,3M CO,-,66740.0,20251231.0,20260203.0,100.0,100.0,PRESENT,OK,False,False,False,False,False,False,False,False,False
CEG,CONSTELLATION ENERGY,-,1868275.0,20251231.0,20260224.0,83.3,87.5,PARTIAL,MISSING_REVENUE,False,False,False,False,False,False,False,False,False
DASH,DOORDASH INC A,-,1792789.0,20251231.0,20260218.0,100.0,87.5,PRESENT,OK,False,False,False,False,False,False,False,False,False
EMR,EMERSON ELECTRIC CO,-,32604.0,20250930.0,20251110.0,100.0,100.0,PRESENT,OK,False,False,False,False,False,False,False,False,False
ELV,ELEVANCE HEALTH INC,-,1156039.0,20251231.0,20260206.0,83.3,87.5,PARTIAL,MISSING_DILUTED_SHARES,False,False,False,False,False,False,False,False,False
JCI,JOHNSON CONTROLS INTERNATION,-,833444.0,20250930.0,20251114.0,66.7,75.0,PARTIAL,MISSING_OPERATING_CASH_FLOW;MISSING_DILUTED_SHARES,False,False,False,False,False,False,False,False,False
SNPS,SYNOPSYS INC,-,883241.0,20251031.0,20251222.0,100.0,100.0,PRESENT,OK,False,False,False,False,False,False,False,False,False
TMUS,T MOBILE US INC,-,1283699.0,20251231.0,20260211.0,100.0,100.0,PRESENT,OK,False,False,False,False,False,False,False,False,False
APP,APPLOVIN CORP CLASS A,-,1751008.0,20251231.0,20260219.0,100.0,87.5,PRESENT,OK,False,False,False,False,False,False,False,False,False
HOOD,ROBINHOOD MARKETS INC A,-,1783879.0,20251231.0,20260218.0,100.0,75.0,PRESENT,OK,False,False,False,False,False,False,False,False,False
AMT,AMERICAN TOWER CORP,-,1053507.0,20251231.0,20260224.0,100.0,100.0,PRESENT,OK,False,False,False,False,False,False,False,False,False
WM,WASTE MANAGEMENT INC,-,823768.0,20251231.0,20260209.0,83.3,87.5,PARTIAL,MISSING_DILUTED_SHARES,False,False,False,False,False,False,False,False,False
MSI,MOTOROLA SOLUTIONS INC,-,68505.0,20251231.0,20260212.0,100.0,100.0,PRESENT,OK,False,False,False,False,False,False,False,False,False
REGN,REGENERON PHARMACEUTICALS,-,872589.0,20251231.0,20260204.0,100.0,100.0,PRESENT,OK,False,False,False,False,False,False,False,False,False
MDLZ,MONDELEZ INTERNATIONAL INC A,-,1103982.0,20251231.0,20260204.0,83.3,87.5,PARTIAL,MISSING_DILUTED_SHARES,False,False,False,False,False,False,False,False,False
DDOG,DATADOG INC CLASS A,-,1561550.0,20251231.0,20260218.0,100.0,87.5,PRESENT,OK,False,False,False,False,False,False,False,False,False
CMI,CUMMINS INC,-,26172.0,20251231.0,20260210.0,83.3,87.5,PARTIAL,MISSING_DILUTED_SHARES,False,False,False,False,False,False,False,False,False
GM,GENERAL MOTORS CO,-,1467858.0,20251231.0,20260127.0,100.0,87.5,PRESENT,OK,False,False,False,False,False,False,False,False,False
UPS,UNITED PARCEL SERVICE CL B,-,1090727.0,20251231.0,20260217.0,83.3,87.5,PARTIAL,MISSING_DILUTED_SHARES,False,False,False,False,False,False,False,False,False
TRV,TRAVELERS COS INC/THE,-,86312.0,20251231.0,20260212.0,100.0,75.0,PRESENT,OK,False,False,False,False,False,False,False,False,False
SHW,SHERWIN WILLIAMS CO/THE,-,89800.0,20251231.0,20260219.0,100.0,100.0,PRESENT,OK,False,False,False,False,False,False,False,False,False
EOG,EOG RESOURCES INC,-,821189.0,20251231.0,20260224.0,100.0,87.5,PRESENT,OK,False,False,False,False,False,False,False,False,False
NSC,NORFOLK SOUTHERN CORP,-,702165.0,20251231.0,20260209.0,83.3,87.5,PARTIAL,MISSING_DILUTED_SHARES,False,False,False,False,False,False,False,False,False
ABNB,AIRBNB INC CLASS A,-,1559720.0,20251231.0,20260212.0,100.0,87.5,PRESENT,OK,False,False,False,False,False,False,False,False,False
KKR,KKR + CO INC,-,1404912.0,20251231.0,20260227.0,83.3,62.5,PARTIAL,MISSING_DILUTED_SHARES,False,False,False,False,False,False,False,False,False
MCO,MOODY S CORP,-,1059556.0,20251231.0,20260218.0,100.0,100.0,PRESENT,OK,False,False,False,False,False,False,False,False,False
MAR,MARRIOTT INTERNATIONAL CL A,-,1048286.0,20251231.0,20260210.0,83.3,87.5,PARTIAL,MISSING_DILUTED_SHARES,False,False,False,False,False,False,False,False,False
ROST,ROSS STORES INC,-,745732.0,20260131.0,20260331.0,100.0,100.0,PRESENT,OK,False,False,False,False,False,False,False,False,False
ORLY,O REILLY AUTOMOTIVE INC,-,898173.0,20251231.0,20260227.0,100.0,100.0,PRESENT,OK,False,False,False,False,False,False,False,False,False
CI,THE CIGNA GROUP,-,1739940.0,20251231.0,20260226.0,83.3,75.0,PARTIAL,MISSING_DILUTED_SHARES,False,False,False,False,False,False,False,False,False
TGT,TARGET CORP,-,27419.0,20260131.0,20260311.0,100.0,100.0,PRESENT,OK,False,False,False,False,False,False,False,False,False
ITW,ILLINOIS TOOL WORKS,-,49826.0,20251231.0,20260213.0,83.3,87.5,PARTIAL,MISSING_DILUTED_SHARES,False,False,False,False,False,False,False,False,False
NOC,NORTHROP GRUMMAN CORP,-,1133421.0,20251231.0,20260127.0,100.0,100.0,PRESENT,OK,False,False,False,False,False,False,False,False,False
HLT,HILTON WORLDWIDE HOLDINGS IN,-,1585689.0,20251231.0,20260211.0,83.3,87.5,PARTIAL,MISSING_DILUTED_SHARES,False,False,False,False,False,False,False,False,False
CL,COLGATE PALMOLIVE CO,-,21665.0,20251231.0,20260223.0,83.3,87.5,PARTIAL,MISSING_DILUTED_SHARES,False,False,False,False,False,False,False,False,False
FDX,FEDEX CORP,-,1048911.0,20250531.0,20250721.0,83.3,87.5,PARTIAL,MISSING_DILUTED_SHARES,False,False,False,False,False,False,False,False,False
BSX,BOSTON SCIENTIFIC CORP,-,885725.0,20251231.0,20260217.0,100.0,100.0,PRESENT,OK,False,False,False,False,False,False,False,False,False
ECL,ECOLAB INC,-,31462.0,20251231.0,20260223.0,100.0,100.0,PRESENT,OK,False,False,False,False,False,False,False,False,False
LITE,LUMENTUM HOLDINGS INC,-,1633978.0,20250630.0,20250819.0,83.3,87.5,PARTIAL,MISSING_REVENUE,False,False,False,False,False,False,False,False,False
WBD,WARNER BROS DISCOVERY INC,-,1437107.0,20251231.0,20260227.0,100.0,100.0,PRESENT,OK,False,False,False,False,False,False,False,False,False
HPE,HEWLETT PACKARD ENTERPRISE,-,1645590.0,20251031.0,20251218.0,100.0,100.0,PRESENT,OK,False,False,False,False,False,False,False,False,False
APD,AIR PRODUCTS + CHEMICALS INC,-,2969.0,20250930.0,20251120.0,83.3,87.5,PARTIAL,MISSING_OPERATING_CASH_FLOW,False,False,False,False,False,False,False,False,False
SPG,SIMON PROPERTY GROUP INC,-,1063761.0,20251231.0,20260225.0,83.3,87.5,PARTIAL,MISSING_DILUTED_SHARES,False,False,False,False,False,False,False,False,False
AON,AON PLC CLASS A,-,315293.0,20251231.0,20260213.0,100.0,100.0,PRESENT,OK,False,False,False,False,False,False,False,False,False
CTAS,CINTAS CORP,-,723254.0,20250531.0,20250728.0,83.3,87.5,PARTIAL,MISSING_DILUTED_SHARES,False,False,False,False,False,False,False,False,False
HON,HONEYWELL INTERNATIONAL INC,-,773840.0,20251231.0,20260217.0,83.3,87.5,PARTIAL,MISSING_DILUTED_SHARES,False,False,False,False,False,False,False,False,False
AJG,ARTHUR J GALLAGHER + CO,-,354190.0,20251231.0,20260217.0,83.3,75.0,PARTIAL,MISSING_DILUTED_SHARES,False,False,False,False,False,False,False,False,False
RCL,ROYAL CARIBBEAN CRUISES LTD,-,884887.0,20251231.0,20260211.0,83.3,87.5,PARTIAL,MISSING_DILUTED_SHARES,False,False,False,False,False,False,False,False,False
AEP,AMERICAN ELECTRIC POWER,-,4904.0,20251231.0,20260212.0,100.0,100.0,PRESENT,OK,False,False,False,False,False,False,False,False,False
ALL,ALLSTATE CORP,-,899051.0,20251231.0,20260220.0,100.0,100.0,PRESENT,OK,False,False,False,False,False,False,False,False,False
MNST,MONSTER BEVERAGE CORP,-,865752.0,20251231.0,20260227.0,100.0,100.0,PRESENT,OK,False,False,False,False,False,False,False,False,False
TDG,TRANSDIGM GROUP INC,-,1260221.0,20250930.0,20251112.0,100.0,100.0,PRESENT,OK,False,False,False,False,False,False,False,False,False
PCAR,PACCAR INC,-,75362.0,20251231.0,20260218.0,100.0,87.5,PRESENT,OK,False,False,False,False,False,False,False,False,False
URI,UNITED RENTALS INC,-,1067701.0,20251231.0,20260128.0,83.3,75.0,PARTIAL,MISSING_DILUTED_SHARES,False,False,False,False,False,False,False,False,False
DLR,DIGITAL REALTY TRUST INC,-,1297996.0,20251231.0,20260213.0,100.0,75.0,PRESENT,OK,False,False,False,False,False,False,False,False,False
HCA,HCA HEALTHCARE INC,-,860730.0,20251231.0,20260210.0,100.0,100.0,PRESENT,OK,False,False,False,False,False,False,False,False,False
KMI,KINDER MORGAN INC,-,1506307.0,20251231.0,20260213.0,100.0,100.0,PRESENT,OK,False,False,False,False,False,False,False,False,False
BKR,BAKER HUGHES CO,-,1701605.0,20251231.0,20260205.0,83.3,87.5,PARTIAL,MISSING_DILUTED_SHARES,False,False,False,False,False,False,False,False,False
TRGP,TARGA RESOURCES CORP,-,1389170.0,20251231.0,20260219.0,100.0,100.0,PRESENT,OK,False,False,False,False,False,False,False,False,False
CRH,CRH PLC,-,849395.0,20251231.0,20260218.0,100.0,100.0,PRESENT,OK,False,False,False,False,False,False,False,False,False
APO,APOLLO GLOBAL MANAGEMENT INC,-,1858681.0,20251231.0,20260225.0,100.0,87.5,PRESENT,OK,False,False,False,False,False,False,False,False,False
COR,CENCORA INC,-,1140859.0,20250930.0,20251125.0,100.0,100.0,PRESENT,OK,False,False,False,False,False,False,False,False,False
MPWR,MONOLITHIC POWER SYSTEMS INC,-,1280452.0,20251231.0,20260227.0,100.0,87.5,PRESENT,OK,False,False,False,False,False,False,False,False,False
TFC,TRUIST FINANCIAL CORP,-,92230.0,20251231.0,20260224.0,83.3,75.0,PARTIAL,MISSING_REVENUE,False,False,False,False,False,False,False,False,False
OKE,ONEOK INC,-,1039684.0,20251231.0,20260224.0,100.0,100.0,PRESENT,OK,False,False,False,False,False,False,False,False,False
TEL,TE CONNECTIVITY PLC,-,1385157.0,20250930.0,20251110.0,100.0,100.0,PRESENT,OK,False,False,False,False,False,False,False,False,False
D,DOMINION ENERGY INC,-,715957.0,20251231.0,20260223.0,83.3,75.0,PARTIAL,MISSING_DILUTED_SHARES,False,False,False,False,False,False,False,False,False
O,REALTY INCOME CORP,-,726728.0,20251231.0,20260225.0,100.0,75.0,PRESENT,OK,False,False,False,False,False,False,False,False,False
GWW,WW GRAINGER INC,-,277135.0,20251231.0,20260219.0,100.0,100.0,PRESENT,OK,False,False,False,False,False,False,False,False,False
NUE,NUCOR CORP,-,73309.0,20251231.0,20260225.0,83.3,87.5,PARTIAL,MISSING_DILUTED_SHARES,False,False,False,False,False,False,False,False,False
NXPI,NXP SEMICONDUCTORS NV,-,1413447.0,20251231.0,20260219.0,100.0,100.0,PRESENT,OK,False,False,False,False,False,False,False,False,False
FAST,FASTENAL CO,-,815556.0,20251231.0,20260205.0,100.0,100.0,PRESENT,OK,False,False,False,False,False,False,False,False,False
CTVA,CORTEVA INC,-,1755672.0,20251231.0,20260212.0,83.3,87.5,PARTIAL,MISSING_DILUTED_SHARES,False,False,False,False,False,False,False,False,False
DVN,DEVON ENERGY CORP,-,1090012.0,20251231.0,20260218.0,83.3,87.5,PARTIAL,MISSING_DILUTED_SHARES,False,False,False,False,False,False,False,False,False
KEYS,KEYSIGHT TECHNOLOGIES IN,-,1601046.0,20251031.0,20251217.0,100.0,100.0,PRESENT,OK,False,False,False,False,False,False,False,False,False
CAH,CARDINAL HEALTH INC,-,721371.0,20250630.0,20250812.0,100.0,100.0,PRESENT,OK,False,False,False,False,False,False,False,False,False
TER,TERADYNE INC,-,97210.0,20251231.0,20260219.0,100.0,100.0,PRESENT,OK,False,False,False,False,False,False,False,False,False
ADSK,AUTODESK INC,-,769397.0,20260131.0,20260303.0,100.0,87.5,PRESENT,OK,False,False,False,False,False,False,False,False,False
F,FORD MOTOR CO,-,37996.0,20251231.0,20260211.0,100.0,87.5,PRESENT,OK,False,False,False,False,False,False,False,False,False
COHR,COHERENT CORP,-,820318.0,20250630.0,20250815.0,83.3,87.5,PARTIAL,MISSING_DILUTED_SHARES,False,False,False,False,False,False,False,False,False
FIX,COMFORT SYSTEMS USA INC,-,1035983.0,20251231.0,20260219.0,100.0,100.0,PRESENT,OK,False,False,False,False,False,False,False,False,False
CIEN,CIENA CORP,-,936395.0,20251031.0,20251212.0,100.0,100.0,PRESENT,OK,False,False,False,False,False,False,False,False,False
AME,AMETEK INC,-,1037868.0,20251231.0,20260217.0,100.0,100.0,PRESENT,OK,False,False,False,False,False,False,False,False,False
SRE,SEMPRA,-,1032208.0,20251231.0,20260226.0,83.3,87.5,PARTIAL,MISSING_REVENUE,False,False,False,False,False,False,False,False,False
AFL,AFLAC INC,-,4977.0,20251231.0,20260225.0,100.0,75.0,PRESENT,OK,False,False,False,False,False,False,False,False,False
STT,STATE STREET CORP,-,93751.0,20251231.0,20260219.0,100.0,87.5,PRESENT,OK,False,False,False,False,False,False,False,False,False
CVNA,CARVANA CO,-,1690820.0,20251231.0,20260218.0,100.0,100.0,PRESENT,OK,False,False,False,False,False,False,False,False,False
EW,EDWARDS LIFESCIENCES CORP,-,1099800.0,20251231.0,20260225.0,100.0,100.0,PRESENT,OK,False,False,False,False,False,False,False,False,False
BDX,BECTON DICKINSON AND CO,-,10795.0,20250930.0,20251125.0,66.7,75.0,PARTIAL,MISSING_OPERATING_CASH_FLOW;MISSING_DILUTED_SHARES,False,False,False,False,False,False,False,False,False
PSA,PUBLIC STORAGE,-,1393311.0,20251231.0,20260212.0,100.0,87.5,PRESENT,OK,False,False,False,False,False,False,False,False,False
MET,METLIFE INC,-,1099219.0,20251231.0,20260219.0,83.3,75.0,PARTIAL,MISSING_DILUTED_SHARES,False,False,False,False,False,False,False,False,False
DAL,DELTA AIR LINES INC,-,27904.0,20251231.0,20260211.0,83.3,75.0,PARTIAL,MISSING_DILUTED_SHARES,False,False,False,False,False,False,False,False,False
HONA,HONEYWELL AEROSPACE INC,-,2089271.0,,,0.0,0.0,PARTIAL,MISSING_ANNUAL_FILING_IN_BULK_WINDOW;MISSING_REVENUE;MISSING_NET_INCOME;MISSING_ASSETS;MISSING_EQUITY;MISSING_OPERATING_CASH_FLOW;MISSING_DILUTED_SHARES,False,False,False,False,False,False,False,False,False
AMP,AMERIPRISE FINANCIAL INC,-,820027.0,20251231.0,20260219.0,83.3,75.0,PARTIAL,MISSING_DILUTED_SHARES,False,False,False,False,False,False,False,False,False
LHX,L3HARRIS TECHNOLOGIES INC,-,202058.0,20251231.0,20260212.0,83.3,87.5,PARTIAL,MISSING_DILUTED_SHARES,False,False,False,False,False,False,False,False,False
MRNA,MODERNA INC,-,1682852.0,20251231.0,20260220.0,100.0,100.0,PRESENT,OK,False,False,False,False,False,False,False,False,False
AZO,AUTOZONE INC,-,866787.0,20250831.0,20251027.0,100.0,100.0,PRESENT,OK,False,False,False,False,False,False,False,False,False
CMG,CHIPOTLE MEXICAN GRILL INC,-,1058090.0,20251231.0,20260204.0,100.0,87.5,PRESENT,OK,False,False,False,False,False,False,False,False,False
ETR,ENTERGY CORP,-,65984.0,20251231.0,20260219.0,100.0,100.0,PRESENT,OK,False,False,False,False,False,False,False,False,False
FITB,FIFTH THIRD BANCORP,-,35527.0,20251231.0,20260224.0,83.3,87.5,PARTIAL,MISSING_REVENUE,False,False,False,False,False,False,False,False,False
WAB,WABTEC CORP,-,943452.0,20251231.0,20260213.0,100.0,100.0,PRESENT,OK,False,False,False,False,False,False,False,False,False
VMRK,VIVMARK RESIDENTIAL,-,906107.0,20251231.0,20260213.0,83.3,62.5,PARTIAL,MISSING_REVENUE,False,False,False,False,False,False,False,False,False
XEL,XCEL ENERGY INC,-,72903.0,20251231.0,20260225.0,83.3,87.5,PARTIAL,MISSING_REVENUE,False,False,False,False,False,False,False,False,False
ROK,ROCKWELL AUTOMATION INC,-,1024478.0,20250930.0,20251112.0,100.0,100.0,PRESENT,OK,False,False,False,False,False,False,False,False,False
PYPL,PAYPAL HOLDINGS INC,-,1633917.0,20251231.0,20260203.0,100.0,100.0,PRESENT,OK,False,False,False,False,False,False,False,False,False
GRMN,GARMIN LTD,-,1121788.0,20251231.0,20260218.0,83.3,75.0,PARTIAL,MISSING_DILUTED_SHARES,False,False,False,False,False,False,False,False,False
NKE,NIKE INC CL B,-,320187.0,20250531.0,20250717.0,100.0,100.0,PRESENT,OK,False,False,False,False,False,False,False,False,False
HUM,HUMANA INC,-,49071.0,20251231.0,20260219.0,83.3,87.5,PARTIAL,MISSING_DILUTED_SHARES,False,False,False,False,False,False,False,False,False
EBAY,EBAY INC,-,1065088.0,20251231.0,20260219.0,100.0,100.0,PRESENT,OK,False,False,False,False,False,False,False,False,False
AXON,AXON ENTERPRISE INC,-,1069183.0,20251231.0,20260225.0,100.0,87.5,PRESENT,OK,False,False,False,False,False,False,False,False,False
CARR,CARRIER GLOBAL CORP,-,1783180.0,20251231.0,20260205.0,100.0,100.0,PRESENT,OK,False,False,False,False,False,False,False,False,False
EXC,EXELON CORP,-,1109357.0,20251231.0,20260212.0,100.0,100.0,PRESENT,OK,False,False,False,False,False,False,False,False,False
VTR,VENTAS INC,-,740260.0,20251231.0,20260206.0,83.3,62.5,PARTIAL,MISSING_DILUTED_SHARES,False,False,False,False,False,False,False,False,False
RSG,REPUBLIC SERVICES INC,-,1060391.0,20251231.0,20260218.0,100.0,100.0,PRESENT,OK,False,False,False,False,False,False,False,False,False
NDAQ,NASDAQ INC,-,1120193.0,20251231.0,20260212.0,83.3,87.5,PARTIAL,MISSING_DILUTED_SHARES,False,False,False,False,False,False,False,False,False
IDXX,IDEXX LABORATORIES INC,-,874716.0,20251231.0,20260220.0,100.0,100.0,PRESENT,OK,False,False,False,False,False,False,False,False,False
XYZ,BLOCK INC,-,1512673.0,20251231.0,20260226.0,100.0,87.5,PRESENT,OK,False,False,False,False,False,False,False,False,False
OXY,OCCIDENTAL PETROLEUM CORP,-,797468.0,20251231.0,20260218.0,83.3,87.5,PARTIAL,MISSING_DILUTED_SHARES,False,False,False,False,False,False,False,False,False
IQV,IQVIA HOLDINGS INC,-,1478242.0,20251231.0,20260217.0,100.0,100.0,PRESENT,OK,False,False,False,False,False,False,False,False,False
VST,VISTRA CORP,-,1692819.0,20251231.0,20260227.0,100.0,100.0,PRESENT,OK,False,False,False,False,False,False,False,False,False
A,AGILENT TECHNOLOGIES INC,-,1090872.0,20251031.0,20251222.0,100.0,100.0,PRESENT,OK,False,False,False,False,False,False,False,False,False
KDP,KEURIG DR PEPPER INC,-,1418135.0,20251231.0,20260224.0,100.0,100.0,PRESENT,OK,False,False,False,False,False,False,False,False,False
FERG,FERGUSON ENTERPRISES INC,-,2011641.0,20250731.0,20250926.0,100.0,100.0,PRESENT,OK,False,False,False,False,False,False,False,False,False
IBKR,INTERACTIVE BROKERS GRO CL A,-,1381197.0,20251231.0,20260227.0,83.3,62.5,PARTIAL,MISSING_REVENUE,False,False,False,False,False,False,False,False,False
VEEV,VEEVA SYSTEMS INC CLASS A,-,1393052.0,20260131.0,20260320.0,100.0,75.0,PRESENT,OK,False,False,False,False,False,False,False,False,False
ROP,ROPER TECHNOLOGIES INC,-,882835.0,20251231.0,20260224.0,100.0,87.5,PRESENT,OK,False,False,False,False,False,False,False,False,False
CBRE,CBRE GROUP INC A,-,1138118.0,20251231.0,20260212.0,100.0,100.0,PRESENT,OK,False,False,False,False,False,False,False,False,False
YUM,YUM BRANDS INC,-,1041061.0,20251231.0,20260220.0,83.3,87.5,PARTIAL,MISSING_DILUTED_SHARES,False,False,False,False,False,False,False,False,False
COIN,COINBASE GLOBAL INC CLASS A,-,1679788.0,20251231.0,20260212.0,100.0,87.5,PRESENT,OK,False,False,False,False,False,False,False,False,False
MSCI,MSCI INC,-,1408198.0,20251231.0,20260206.0,100.0,100.0,PRESENT,OK,False,False,False,False,False,False,False,False,False
PAYX,PAYCHEX INC,-,723531.0,20250531.0,20250711.0,100.0,100.0,PRESENT,OK,False,False,False,False,False,False,False,False,False
PRU,PRUDENTIAL FINANCIAL INC,-,1137774.0,20251231.0,20260212.0,83.3,75.0,PARTIAL,MISSING_DILUTED_SHARES,False,False,False,False,False,False,False,False,False
WAT,WATERS CORP,-,1000697.0,20251231.0,20260223.0,100.0,100.0,PRESENT,OK,False,False,False,False,False,False,False,False,False
AIG,AMERICAN INTERNATIONAL GROUP,-,5272.0,20251231.0,20260212.0,100.0,87.5,PRESENT,OK,False,False,False,False,False,False,False,False,False
WDAY,WORKDAY INC CLASS A,-,1327811.0,20260131.0,20260306.0,100.0,100.0,PRESENT,OK,False,False,False,False,False,False,False,False,False
FLEX,FLEX LTD,-,866374.0,20260331.0,20260520.0,100.0,100.0,PRESENT,OK,False,False,False,False,False,False,False,False,False
MCHP,MICROCHIP TECHNOLOGY INC,-,827054.0,20260331.0,20260521.0,100.0,100.0,PRESENT,OK,False,False,False,False,False,False,False,False,False
ED,CONSOLIDATED EDISON INC,-,1047862.0,20251231.0,20260219.0,100.0,87.5,PRESENT,OK,False,False,False,False,False,False,False,False,False
ADM,ARCHER DANIELS MIDLAND CO,-,7084.0,20251231.0,20260217.0,100.0,100.0,PRESENT,OK,False,False,False,False,False,False,False,False,False
FANG,DIAMONDBACK ENERGY INC,-,1539838.0,20251231.0,20260225.0,100.0,87.5,PRESENT,OK,False,False,False,False,False,False,False,False,False
SYY,SYSCO CORP,-,96021.0,20250630.0,20250822.0,100.0,100.0,PRESENT,OK,False,False,False,False,False,False,False,False,False
TTWO,TAKE TWO INTERACTIVE SOFTWRE,-,946581.0,20260331.0,20260522.0,83.3,87.5,PARTIAL,MISSING_DILUTED_SHARES,False,False,False,False,False,False,False,False,False
DHI,DR HORTON INC,-,882184.0,20250930.0,20251119.0,100.0,87.5,PRESENT,OK,False,False,False,False,False,False,False,False,False
HIG,HARTFORD INSURANCE GROUP INC,-,874766.0,20251231.0,20260220.0,83.3,87.5,PARTIAL,MISSING_DILUTED_SHARES,False,False,False,False,False,False,False,False,False
NTAP,NETAPP INC,-,1002047.0,20260430.0,20260605.0,100.0,100.0,PRESENT,OK,False,False,False,False,False,False,False,False,False
ODFL,OLD DOMINION FREIGHT LINE,-,878927.0,20251231.0,20260224.0,83.3,87.5,PARTIAL,MISSING_REVENUE,False,False,False,False,False,False,False,False,False
PEG,PUBLIC SERVICE ENTERPRISE GP,-,788784.0,20251231.0,20260226.0,100.0,100.0,PRESENT,OK,False,False,False,False,False,False,False,False,False
EXPE,EXPEDIA GROUP INC,-,1324424.0,20251231.0,20260213.0,100.0,100.0,PRESENT,OK,False,False,False,False,False,False,False,False,False
KVUE,KENVUE INC,-,1944048.0,20251231.0,20260220.0,100.0,87.5,PRESENT,OK,False,False,False,False,False,False,False,False,False
KMB,KIMBERLY CLARK CORP,-,55785.0,20251231.0,20260212.0,83.3,87.5,PARTIAL,MISSING_DILUTED_SHARES,False,False,False,False,False,False,False,False,False
UAL,UNITED AIRLINES HOLDINGS INC,-,100517.0,20251231.0,20260212.0,83.3,87.5,PARTIAL,MISSING_DILUTED_SHARES,False,False,False,False,False,False,False,False,False
DXCM,DEXCOM INC,-,1093557.0,20251231.0,20260212.0,100.0,87.5,PRESENT,OK,False,False,False,False,False,False,False,False,False
VMC,VULCAN MATERIALS CO,-,1396009.0,20251231.0,20260219.0,100.0,100.0,PRESENT,OK,False,False,False,False,False,False,False,False,False
RMD,RESMED INC,-,943819.0,20250630.0,20250808.0,100.0,100.0,PRESENT,OK,False,False,False,False,False,False,False,False,False
WEC,WEC ENERGY GROUP INC,-,783325.0,20251231.0,20260220.0,100.0,87.5,PRESENT,OK,False,False,False,False,False,False,False,False,False
NTRS,NORTHERN TRUST CORP,-,73124.0,20251231.0,20260224.0,100.0,87.5,PRESENT,OK,False,False,False,False,False,False,False,False,False
IRM,IRON MOUNTAIN INC,-,1020569.0,20251231.0,20260212.0,100.0,100.0,PRESENT,OK,False,False,False,False,False,False,False,False,False
ACGL,ARCH CAPITAL GROUP LTD,-,947484.0,20251231.0,20260226.0,100.0,87.5,PRESENT,OK,False,False,False,False,False,False,False,False,False
MTB,M + T BANK CORP,-,36270.0,20251231.0,20260218.0,83.3,75.0,PARTIAL,MISSING_REVENUE,False,False,False,False,False,False,False,False,False
EQT,EQT CORP,-,33213.0,20251231.0,20260218.0,100.0,100.0,PRESENT,OK,False,False,False,False,False,False,False,False,False
HBAN,HUNTINGTON BANCSHARES INC,-,49196.0,20251231.0,20260213.0,83.3,87.5,PARTIAL,MISSING_REVENUE,False,False,False,False,False,False,False,False,False
CCI,CROWN CASTLE INC,-,1051470.0,20251231.0,20260223.0,100.0,100.0,PRESENT,OK,False,False,False,False,False,False,False,False,False
EME,EMCOR GROUP INC,-,105634.0,20251231.0,20260226.0,66.7,62.5,PARTIAL,MISSING_REVENUE;MISSING_DILUTED_SHARES,False,False,False,False,False,False,False,False,False
KR,KROGER CO,-,56873.0,20260131.0,20260331.0,100.0,87.5,PRESENT,OK,False,False,False,False,False,False,False,False,False
GEHC,GE HEALTHCARE TECHNOLOGY,-,1932393.0,20251231.0,20260204.0,83.3,87.5,PARTIAL,MISSING_OPERATING_CASH_FLOW,False,False,False,False,False,False,False,False,False
ZTS,ZOETIS INC,-,1555280.0,20251231.0,20260212.0,100.0,100.0,PRESENT,OK,False,False,False,False,False,False,False,False,False
JBL,JABIL INC,-,898293.0,20250831.0,20251017.0,100.0,100.0,PRESENT,OK,False,False,False,False,False,False,False,False,False
BIIB,BIOGEN INC,-,875045.0,20251231.0,20260206.0,100.0,87.5,PRESENT,OK,False,False,False,False,False,False,False,False,False
WTW,WILLIS TOWERS WATSON PLC,-,1140536.0,20251231.0,20260225.0,83.3,87.5,PARTIAL,MISSING_DILUTED_SHARES,False,False,False,False,False,False,False,False,False
STLD,STEEL DYNAMICS INC,-,1022671.0,20251231.0,20260227.0,100.0,100.0,PRESENT,OK,False,False,False,False,False,False,False,False,False
CBOE,CBOE GLOBAL MARKETS INC,-,1374310.0,20251231.0,20260220.0,83.3,87.5,PARTIAL,MISSING_REVENUE,False,False,False,False,False,False,False,False,False
MLM,MARTIN MARIETTA MATERIALS,-,916076.0,20251231.0,20260219.0,100.0,100.0,PRESENT,OK,False,False,False,False,False,False,False,False,False
RJF,RAYMOND JAMES FINANCIAL INC,-,720005.0,20250930.0,20251125.0,100.0,87.5,PRESENT,OK,False,False,False,False,False,False,False,False,False
HAL,HALLIBURTON CO,-,45012.0,20251231.0,20260206.0,83.3,87.5,PARTIAL,MISSING_REVENUE,False,False,False,False,False,False,False,False,False
CCL,CARNIVAL CORP LTD,-,815097.0,20251130.0,20260127.0,83.3,87.5,PARTIAL,MISSING_DILUTED_SHARES,False,False,False,False,False,False,False,False,False
CTSH,COGNIZANT TECH SOLUTIONS A,-,1058290.0,20251231.0,20260212.0,100.0,100.0,PRESENT,OK,False,False,False,False,False,False,False,False,False
ARES,ARES MANAGEMENT CORP A,-,1176948.0,20251231.0,20260225.0,83.3,62.5,PARTIAL,MISSING_DILUTED_SHARES,False,False,False,False,False,False,False,False,False
CNC,CENTENE CORP,-,1071739.0,20251231.0,20260217.0,100.0,100.0,PRESENT,OK,False,False,False,False,False,False,False,False,False
EXR,EXTRA SPACE STORAGE INC,-,1289490.0,20251231.0,20260220.0,100.0,75.0,PRESENT,OK,False,False,False,False,False,False,False,False,False
AEE,AMEREN CORPORATION,-,1002910.0,20251231.0,20260218.0,83.3,87.5,PARTIAL,MISSING_REVENUE,False,False,False,False,False,False,False,False,False
CPRT,COPART INC,-,900075.0,20250731.0,20250926.0,83.3,75.0,PARTIAL,MISSING_REVENUE,False,False,False,False,False,False,False,False,False
PCG,P G + E CORP,-,1004980.0,20251231.0,20260212.0,100.0,100.0,PRESENT,OK,False,False,False,False,False,False,False,False,False
CFG,CITIZENS FINANCIAL GROUP,-,759944.0,20251231.0,20260212.0,83.3,75.0,PARTIAL,MISSING_REVENUE,False,False,False,False,False,False,False,False,False
ON,ON SEMICONDUCTOR,-,1097864.0,20251231.0,20260209.0,100.0,100.0,PRESENT,OK,False,False,False,False,False,False,False,False,False
LYV,LIVE NATION ENTERTAINMENT IN,-,1335258.0,20251231.0,20260219.0,100.0,100.0,PRESENT,OK,False,False,False,False,False,False,False,False,False
FISV,FISERV INC,-,798354.0,20251231.0,20260219.0,100.0,100.0,PRESENT,OK,False,False,False,False,False,False,False,False,False
TDY,TELEDYNE TECHNOLOGIES INC,-,1094285.0,20251231.0,20260220.0,100.0,100.0,PRESENT,OK,False,False,False,False,False,False,False,False,False
MTD,METTLER TOLEDO INTERNATIONAL,-,1037646.0,20251231.0,20260206.0,100.0,100.0,PRESENT,OK,False,False,False,False,False,False,False,False,False
DTE,DTE ENERGY COMPANY,-,936340.0,20251231.0,20260217.0,83.3,75.0,PARTIAL,MISSING_REVENUE,False,False,False,False,False,False,False,False,False
VICI,VICI PROPERTIES INC,-,1705696.0,20251231.0,20260225.0,100.0,87.5,PRESENT,OK,False,False,False,False,False,False,False,False,False
DG,DOLLAR GENERAL CORP,-,29534.0,20260131.0,20260320.0,100.0,100.0,PRESENT,OK,False,False,False,False,False,False,False,False,False
CASY,CASEY S GENERAL STORES INC,-,726958.0,20260430.0,20260622.0,83.3,87.5,PARTIAL,MISSING_DILUTED_SHARES,False,False,False,False,False,False,False,False,False
ATO,ATMOS ENERGY CORP,-,731802.0,20250930.0,20251114.0,100.0,100.0,PRESENT,OK,False,False,False,False,False,False,False,False,False
HPQ,HP INC,-,47217.0,20251031.0,20251210.0,100.0,100.0,PRESENT,OK,False,False,False,False,False,False,False,False,False
IR,INGERSOLL RAND INC,-,1699150.0,20251231.0,20260217.0,83.3,87.5,PARTIAL,MISSING_DILUTED_SHARES,False,False,False,False,False,False,False,False,False
OTIS,OTIS WORLDWIDE CORP,-,1781335.0,20251231.0,20260205.0,100.0,100.0,PRESENT,OK,False,False,False,False,False,False,False,False,False
LH,LABCORP HOLDINGS INC,-,920148.0,20251231.0,20260224.0,83.3,87.5,PARTIAL,MISSING_DILUTED_SHARES,False,False,False,False,False,False,False,False,False
AWK,AMERICAN WATER WORKS CO INC,-,1410636.0,20251231.0,20260218.0,83.3,87.5,PARTIAL,MISSING_REVENUE,False,False,False,False,False,False,False,False,False
WSM,WILLIAMS SONOMA INC,-,719955.0,20260131.0,20260326.0,100.0,87.5,PRESENT,OK,False,False,False,False,False,False,False,False,False
DGX,QUEST DIAGNOSTICS INC,-,1022079.0,20251231.0,20260226.0,83.3,87.5,PARTIAL,MISSING_DILUTED_SHARES,False,False,False,False,False,False,False,False,False
FICO,FAIR ISAAC CORP,-,814547.0,20250930.0,20251107.0,100.0,100.0,PRESENT,OK,False,False,False,False,False,False,False,False,False
CPAY,CORPAY INC,-,1175454.0,20251231.0,20260227.0,100.0,87.5,PRESENT,OK,False,False,False,False,False,False,False,False,False
ES,EVERSOURCE ENERGY,-,72741.0,20251231.0,20260217.0,100.0,100.0,PRESENT,OK,False,False,False,False,False,False,False,False,False
CINF,CINCINNATI FINANCIAL CORP,-,20286.0,20251231.0,20260223.0,83.3,87.5,PARTIAL,MISSING_DILUTED_SHARES,False,False,False,False,False,False,False,False,False
DOV,DOVER CORP,-,29905.0,20251231.0,20260213.0,83.3,87.5,PARTIAL,MISSING_OPERATING_CASH_FLOW,False,False,False,False,False,False,False,False,False
XYL,XYLEM INC,-,1524472.0,20251231.0,20260225.0,100.0,100.0,PRESENT,OK,False,False,False,False,False,False,False,False,False
HSY,HERSHEY CO/THE,-,47111.0,20251231.0,20260217.0,83.3,87.5,PARTIAL,MISSING_DILUTED_SHARES,False,False,False,False,False,False,False,False,False
SYF,SYNCHRONY FINANCIAL,-,1601712.0,20251231.0,20260206.0,66.7,62.5,PARTIAL,MISSING_REVENUE;MISSING_DILUTED_SHARES,False,False,False,False,False,False,False,False,False
CNP,CENTERPOINT ENERGY INC,-,1130310.0,20251231.0,20260219.0,100.0,100.0,PRESENT,OK,False,False,False,False,False,False,False,False,False
PPL,PPL CORP,-,922224.0,20251231.0,20260220.0,100.0,100.0,PRESENT,OK,False,False,False,False,False,False,False,False,False
VRSK,VERISK ANALYTICS INC,-,1442145.0,20251231.0,20260218.0,100.0,100.0,PRESENT,OK,False,False,False,False,False,False,False,False,False
RF,REGIONS FINANCIAL CORP,-,1281761.0,20251231.0,20260224.0,83.3,75.0,PARTIAL,MISSING_REVENUE,False,False,False,False,False,False,False,False,False
EL,ESTEE LAUDER COMPANIES CL A,-,1001250.0,20250630.0,20250820.0,100.0,100.0,PRESENT,OK,False,False,False,False,False,False,False,False,False
PPG,PPG INDUSTRIES INC,-,79879.0,20251231.0,20260219.0,83.3,87.5,PARTIAL,MISSING_DILUTED_SHARES,False,False,False,False,False,False,False,False,False
Q,QNITY ELECTRONICS INC,-,2058873.0,20251231.0,20260226.0,100.0,100.0,PRESENT,OK,False,False,False,False,False,False,False,False,False
TPR,TAPESTRY INC,-,1116132.0,20250630.0,20250814.0,100.0,100.0,PRESENT,OK,False,False,False,False,False,False,False,False,False
OMC,OMNICOM GROUP,-,29989.0,20251231.0,20260220.0,83.3,87.5,PARTIAL,MISSING_DILUTED_SHARES,False,False,False,False,False,False,False,False,False
EXPD,EXPEDITORS INTL WASH INC,-,746515.0,20251231.0,20260225.0,100.0,87.5,PRESENT,OK,False,False,False,False,False,False,False,False,False
SW,SMURFIT WESTROCK PLC,-,2005951.0,20251231.0,20260227.0,0.0,0.0,PARTIAL,MISSING_REVENUE;MISSING_NET_INCOME;MISSING_ASSETS;MISSING_EQUITY;MISSING_OPERATING_CASH_FLOW;MISSING_DILUTED_SHARES,False,False,False,False,False,False,False,False,False
DRI,DARDEN RESTAURANTS INC,-,940944.0,20250531.0,20250718.0,83.3,87.5,PARTIAL,MISSING_OPERATING_CASH_FLOW,False,False,False,False,False,False,False,False,False
VLTO,VERALTO CORP,-,1967680.0,20251231.0,20260220.0,100.0,100.0,PRESENT,OK,False,False,False,False,False,False,False,False,False
WST,WEST PHARMACEUTICAL SERVICES,-,105770.0,20251231.0,20260217.0,100.0,100.0,PRESENT,OK,False,False,False,False,False,False,False,False,False
PHM,PULTEGROUP INC,-,822416.0,20251231.0,20260204.0,100.0,87.5,PRESENT,OK,False,False,False,False,False,False,False,False,False
HUBB,HUBBELL INC,-,48898.0,20251231.0,20260212.0,83.3,87.5,PARTIAL,MISSING_DILUTED_SHARES,False,False,False,False,False,False,False,False,False
FE,FIRSTENERGY CORP,-,1031296.0,20251231.0,20260218.0,100.0,100.0,PRESENT,OK,False,False,False,False,False,False,False,False,False
TROW,T ROWE PRICE GROUP INC,-,1113169.0,20251231.0,20260213.0,83.3,75.0,PARTIAL,MISSING_DILUTED_SHARES,False,False,False,False,False,False,False,False,False
VRSN,VERISIGN INC,-,1014473.0,20251231.0,20260205.0,100.0,87.5,PRESENT,OK,False,False,False,False,False,False,False,False,False
CHD,CHURCH + DWIGHT CO INC,-,313927.0,20251231.0,20260212.0,100.0,100.0,PRESENT,OK,False,False,False,False,False,False,False,False,False
EXE,EXPAND ENERGY CORP,-,895126.0,20251231.0,20260218.0,100.0,100.0,PRESENT,OK,False,False,False,False,False,False,False,False,False
ULTA,ULTA BEAUTY INC,-,1403568.0,20260131.0,20260326.0,100.0,100.0,PRESENT,OK,False,False,False,False,False,False,False,False,False
NRG,NRG ENERGY INC,-,1013871.0,20251231.0,20260224.0,100.0,100.0,PRESENT,OK,False,False,False,False,False,False,False,False,False
FFIV,F5 INC,-,1048695.0,20250930.0,20251125.0,100.0,87.5,PRESENT,OK,False,False,False,False,False,False,False,False,False
DLTR,DOLLAR TREE INC,-,935703.0,20260131.0,20260316.0,83.3,87.5,PARTIAL,MISSING_OPERATING_CASH_FLOW,False,False,False,False,False,False,False,False,False
STE,STERIS PLC,-,1757898.0,20260331.0,20260529.0,83.3,87.5,PARTIAL,MISSING_DILUTED_SHARES,False,False,False,False,False,False,False,False,False
EFX,EQUIFAX INC,-,33185.0,20251231.0,20260219.0,100.0,100.0,PRESENT,OK,False,False,False,False,False,False,False,False,False
IFF,INTL FLAVORS + FRAGRANCES,-,51253.0,20251231.0,20260227.0,100.0,100.0,PRESENT,OK,False,False,False,False,False,False,False,False,False
GIS,GENERAL MILLS INC,-,40704.0,,,0.0,0.0,PARTIAL,MISSING_ANNUAL_FILING_IN_BULK_WINDOW;MISSING_REVENUE;MISSING_NET_INCOME;MISSING_ASSETS;MISSING_EQUITY;MISSING_OPERATING_CASH_FLOW;MISSING_DILUTED_SHARES,False,False,False,False,False,False,False,False,False
KHC,KRAFT HEINZ CO/THE,-,1637459.0,20251231.0,20260212.0,66.7,75.0,PARTIAL,MISSING_REVENUE;MISSING_DILUTED_SHARES,False,False,False,False,False,False,False,False,False
DOW,DOW INC,-,1751788.0,20251231.0,20260203.0,83.3,75.0,PARTIAL,MISSING_REVENUE,False,False,False,False,False,False,False,False,False
FSLR,FIRST SOLAR INC,-,1274494.0,20251231.0,20260224.0,100.0,100.0,PRESENT,OK,False,False,False,False,False,False,False,False,False
PFG,PRINCIPAL FINANCIAL GROUP,-,1126328.0,20251231.0,20260218.0,83.3,75.0,PARTIAL,MISSING_DILUTED_SHARES,False,False,False,False,False,False,False,False,False
TPL,TEXAS PACIFIC LAND CORP,-,1811074.0,20251231.0,20260218.0,100.0,75.0,PRESENT,OK,False,False,False,False,False,False,False,False,False
GPN,GLOBAL PAYMENTS INC,-,1123360.0,20251231.0,20260220.0,83.3,87.5,PARTIAL,MISSING_DILUTED_SHARES,False,False,False,False,False,False,False,False,False
BR,BROADRIDGE FINANCIAL SOLUTIO,-,1383312.0,20250630.0,20250805.0,100.0,100.0,PRESENT,OK,False,False,False,False,False,False,False,False,False
FIS,FIDELITY NATIONAL INFO SERV,-,1136893.0,20251231.0,20260224.0,83.3,87.5,PARTIAL,MISSING_OPERATING_CASH_FLOW,False,False,False,False,False,False,False,False,False
AMCR,AMCOR PLC,-,1748790.0,20250630.0,20250815.0,83.3,87.5,PARTIAL,MISSING_DILUTED_SHARES,False,False,False,False,False,False,False,False,False
BRO,BROWN + BROWN INC,-,79282.0,20251231.0,20260212.0,83.3,87.5,PARTIAL,MISSING_DILUTED_SHARES,False,False,False,False,False,False,False,False,False
SMCI,SUPER MICRO COMPUTER INC,-,1375365.0,20250630.0,20250828.0,100.0,87.5,PRESENT,OK,False,False,False,False,False,False,False,False,False
CMS,CMS ENERGY CORP,-,811156.0,20251231.0,20260210.0,83.3,75.0,PARTIAL,MISSING_DILUTED_SHARES,False,False,False,False,False,False,False,False,False
EIX,EDISON INTERNATIONAL,-,827052.0,20251231.0,20260218.0,100.0,100.0,PRESENT,OK,False,False,False,False,False,False,False,False,False
PKG,PACKAGING CORP OF AMERICA,-,75677.0,20251231.0,20260226.0,83.3,87.5,PARTIAL,MISSING_DILUTED_SHARES,False,False,False,False,False,False,False,False,False
INCY,INCYTE CORP,-,879169.0,20251231.0,20260210.0,100.0,75.0,PRESENT,OK,False,False,False,False,False,False,False,False,False
SBAC,SBA COMMUNICATIONS CORP,-,1034054.0,20251231.0,20260227.0,100.0,100.0,PRESENT,OK,False,False,False,False,False,False,False,False,False
IP,INTERNATIONAL PAPER CO,-,51434.0,20251231.0,20260227.0,83.3,87.5,PARTIAL,MISSING_DILUTED_SHARES,False,False,False,False,False,False,False,False,False
SNA,SNAP ON INC,-,91440.0,20251231.0,20260212.0,100.0,87.5,PRESENT,OK,False,False,False,False,False,False,False,False,False
CF,CF INDUSTRIES HOLDINGS INC,-,1324404.0,20251231.0,20260225.0,100.0,100.0,PRESENT,OK,False,False,False,False,False,False,False,False,False
WRB,WR BERKLEY CORP,-,11544.0,20251231.0,20260227.0,83.3,62.5,PARTIAL,MISSING_DILUTED_SHARES,False,False,False,False,False,False,False,False,False
JBHT,HUNT (JB) TRANSPRT SVCS INC,-,728535.0,20251231.0,20260224.0,83.3,87.5,PARTIAL,MISSING_REVENUE,False,False,False,False,False,False,False,False,False
KEY,KEYCORP,-,91576.0,20251231.0,20260223.0,83.3,87.5,PARTIAL,MISSING_REVENUE,False,False,False,False,False,False,False,False,False
NI,NISOURCE INC,-,1111711.0,20251231.0,20260211.0,100.0,100.0,PRESENT,OK,False,False,False,False,False,False,False,False,False
CDW,CDW CORP/DE,-,1402057.0,20251231.0,20260220.0,100.0,100.0,PRESENT,OK,False,False,False,False,False,False,False,False,False
ZBH,ZIMMER BIOMET HOLDINGS INC,-,1136869.0,20251231.0,20260220.0,100.0,100.0,PRESENT,OK,False,False,False,False,False,False,False,False,False
RDDT,REDDIT INC CL A,-,1713445.0,20251231.0,20260206.0,100.0,87.5,PRESENT,OK,False,False,False,False,False,False,False,False,False
VTRS,VIATRIS INC,-,1792044.0,20251231.0,20260226.0,100.0,100.0,PRESENT,OK,False,False,False,False,False,False,False,False,False
LUV,SOUTHWEST AIRLINES CO,-,92380.0,20251231.0,20260205.0,83.3,87.5,PARTIAL,MISSING_DILUTED_SHARES,False,False,False,False,False,False,False,False,False
EVRG,EVERGY INC,-,1711269.0,20251231.0,20260219.0,100.0,100.0,PRESENT,OK,False,False,False,False,False,False,False,False,False
GPC,GENUINE PARTS CO,-,40987.0,20251231.0,20260220.0,83.3,87.5,PARTIAL,MISSING_DILUTED_SHARES,False,False,False,False,False,False,False,False,False
TSCO,TRACTOR SUPPLY COMPANY,-,916365.0,20251231.0,20260219.0,100.0,100.0,PRESENT,OK,False,False,False,False,False,False,False,False,False
L,LOEWS CORP,-,60086.0,20251231.0,20260210.0,100.0,100.0,PRESENT,OK,False,False,False,False,False,False,False,False,False
DD,DUPONT DE NEMOURS INC,-,1666700.0,20251231.0,20260217.0,83.3,87.5,PARTIAL,MISSING_OPERATING_CASH_FLOW,False,False,False,False,False,False,False,False,False
STZ,CONSTELLATION BRANDS INC A,-,16918.0,20260228.0,20260422.0,83.3,87.5,PARTIAL,MISSING_DILUTED_SHARES,False,False,False,False,False,False,False,False,False
ESS,ESSEX PROPERTY TRUST INC,-,920522.0,20251231.0,20260220.0,100.0,75.0,PRESENT,OK,False,False,False,False,False,False,False,False,False
LEN,LENNAR CORP A,-,920760.0,20251130.0,20260128.0,83.3,87.5,PARTIAL,MISSING_DILUTED_SHARES,False,False,False,False,False,False,False,False,False
PTC,PTC INC,-,857005.0,20250930.0,20251121.0,100.0,100.0,PRESENT,OK,False,False,False,False,False,False,False,False,False
FTV,FORTIVE CORP,-,1659166.0,20251231.0,20260225.0,100.0,100.0,PRESENT,OK,False,False,False,False,False,False,False,False,False
CHRW,C.H. ROBINSON WORLDWIDE INC,-,1043277.0,20251231.0,20260213.0,100.0,100.0,PRESENT,OK,False,False,False,False,False,False,False,False,False
LDOS,LEIDOS HOLDINGS INC,-,1336920.0,20251231.0,20260217.0,83.3,87.5,PARTIAL,MISSING_DILUTED_SHARES,False,False,False,False,False,False,False,False,False
J,JACOBS SOLUTIONS INC,-,52988.0,20250930.0,20251120.0,66.7,75.0,PARTIAL,MISSING_REVENUE;MISSING_DILUTED_SHARES,False,False,False,False,False,False,False,False,False
LNT,ALLIANT ENERGY CORP,-,352541.0,20251231.0,20260220.0,100.0,87.5,PRESENT,OK,False,False,False,False,False,False,False,False,False
CHTR,CHARTER COMMUNICATIONS INC A,-,1091667.0,20251231.0,20260130.0,100.0,100.0,PRESENT,OK,False,False,False,False,False,False,False,False,False
NDSN,NORDSON CORP,-,72331.0,20251031.0,20251217.0,100.0,100.0,PRESENT,OK,False,False,False,False,False,False,False,False,False
NVR,NVR INC,-,906163.0,20251231.0,20260211.0,100.0,87.5,PRESENT,OK,False,False,False,False,False,False,False,False,False
GEN,GEN DIGITAL INC,-,849399.0,20260331.0,20260521.0,100.0,100.0,PRESENT,OK,False,False,False,False,False,False,False,False,False
IEX,IDEX CORP,-,832101.0,20251231.0,20260219.0,100.0,100.0,PRESENT,OK,False,False,False,False,False,False,False,False,False
LYB,LYONDELLBASELL INDU CL A,-,1489393.0,20251231.0,20260220.0,83.3,87.5,PARTIAL,MISSING_DILUTED_SHARES,False,False,False,False,False,False,False,False,False
ZBRA,ZEBRA TECHNOLOGIES CORP CL A,-,877212.0,20251231.0,20260212.0,83.3,87.5,PARTIAL,MISSING_DILUTED_SHARES,False,False,False,False,False,False,False,False,False
WY,WEYERHAEUSER CO,-,106535.0,20251231.0,20260213.0,100.0,87.5,PRESENT,OK,False,False,False,False,False,False,False,False,False
BALL,BALL CORP,-,9389.0,20251231.0,20260219.0,83.3,87.5,PARTIAL,MISSING_REVENUE,False,False,False,False,False,False,False,False,False
KIM,KIMCO REALTY CORP,-,879101.0,20251231.0,20260220.0,100.0,75.0,PRESENT,OK,False,False,False,False,False,False,False,False,False
INVH,INVITATION HOMES INC,-,1687229.0,20251231.0,20260219.0,100.0,75.0,PRESENT,OK,False,False,False,False,False,False,False,False,False
ALB,ALBEMARLE CORP,-,915913.0,20251231.0,20260211.0,100.0,100.0,PRESENT,OK,False,False,False,False,False,False,False,False,False
BG,BUNGE GLOBAL SA,-,1996862.0,20251231.0,20260219.0,83.3,87.5,PARTIAL,MISSING_DILUTED_SHARES,False,False,False,False,False,False,False,False,False
AKAM,AKAMAI TECHNOLOGIES INC,-,1086222.0,20251231.0,20260220.0,83.3,75.0,PARTIAL,MISSING_REVENUE,False,False,False,False,False,False,False,False,False
BBY,BEST BUY CO INC,-,764478.0,20260131.0,20260318.0,83.3,87.5,PARTIAL,MISSING_REVENUE,False,False,False,False,False,False,False,False,False
TYL,TYLER TECHNOLOGIES INC,-,860731.0,20251231.0,20260218.0,83.3,75.0,PARTIAL,MISSING_DILUTED_SHARES,False,False,False,False,False,False,False,False,False
TSN,TYSON FOODS INC CL A,-,100493.0,20250930.0,20251110.0,100.0,100.0,PRESENT,OK,False,False,False,False,False,False,False,False,False
APA,APA CORP,-,1841666.0,20251231.0,20260226.0,83.3,75.0,PARTIAL,MISSING_REVENUE,False,False,False,False,False,False,False,False,False
MAA,MID AMERICA APARTMENT COMM,-,912595.0,20251231.0,20260206.0,83.3,62.5,PARTIAL,MISSING_DILUTED_SHARES,False,False,False,False,False,False,False,False,False
SWK,STANLEY BLACK + DECKER INC,-,93556.0,20251231.0,20260224.0,83.3,87.5,PARTIAL,MISSING_DILUTED_SHARES,False,False,False,False,False,False,False,False,False
EG,EVEREST GROUP LTD,-,1095073.0,20251231.0,20260226.0,83.3,62.5,PARTIAL,MISSING_DILUTED_SHARES,False,False,False,False,False,False,False,False,False
MAS,MASCO CORP,-,62996.0,20251231.0,20260210.0,83.3,87.5,PARTIAL,MISSING_DILUTED_SHARES,False,False,False,False,False,False,False,False,False
IVZ,INVESCO LTD,-,914208.0,20251231.0,20260224.0,83.3,87.5,PARTIAL,MISSING_DILUTED_SHARES,False,False,False,False,False,False,False,False,False
FDXF,FEDEX FREIGHT HOLDING CO,-,2082247.0,,,0.0,0.0,PARTIAL,MISSING_ANNUAL_FILING_IN_BULK_WINDOW;MISSING_REVENUE;MISSING_NET_INCOME;MISSING_ASSETS;MISSING_EQUITY;MISSING_OPERATING_CASH_FLOW;MISSING_DILUTED_SHARES,False,False,False,False,False,False,False,False,False
DOC,HEALTHPEAK PROPERTIES INC,-,765880.0,20251231.0,20260203.0,100.0,75.0,PRESENT,OK,False,False,False,False,False,False,False,False,False
RVTY,REVVITY INC,-,31791.0,20251231.0,20260224.0,83.3,87.5,PARTIAL,MISSING_DILUTED_SHARES,False,False,False,False,False,False,False,False,False
SJM,JM SMUCKER CO/THE,-,91419.0,20260430.0,20260609.0,66.7,75.0,PARTIAL,MISSING_REVENUE;MISSING_DILUTED_SHARES,False,False,False,False,False,False,False,False,False
TXT,TEXTRON INC,-,217346.0,20251231.0,20260211.0,83.3,75.0,PARTIAL,MISSING_DILUTED_SHARES,False,False,False,False,False,False,False,False,False
TRMB,TRIMBLE INC,-,864749.0,20251231.0,20260225.0,100.0,100.0,PRESENT,OK,False,False,False,False,False,False,False,False,False
AIZ,ASSURANT INC,-,1267238.0,20251231.0,20260219.0,100.0,87.5,PRESENT,OK,False,False,False,False,False,False,False,False,False
HST,HOST HOTELS + RESORTS INC,-,1070750.0,20251231.0,20260225.0,83.3,62.5,PARTIAL,MISSING_DILUTED_SHARES,False,False,False,False,False,False,False,False,False
CRL,CHARLES RIVER LABORATORIES,-,1100682.0,20251231.0,20260218.0,100.0,100.0,PRESENT,OK,False,False,False,False,False,False,False,False,False
MKC,MCCORMICK + CO NON VTG SHRS,-,63754.0,20251130.0,20260122.0,83.3,87.5,PARTIAL,MISSING_DILUTED_SHARES,False,False,False,False,False,False,False,False,False
COO,COOPER COS INC/THE,-,711404.0,20251031.0,20251205.0,100.0,100.0,PRESENT,OK,False,False,False,False,False,False,False,False,False
BAX,BAXTER INTERNATIONAL INC,-,10456.0,20251231.0,20260212.0,100.0,100.0,PRESENT,OK,False,False,False,False,False,False,False,False,False
RL,RALPH LAUREN CORP,-,1037038.0,20260331.0,20260521.0,100.0,87.5,PRESENT,OK,False,False,False,False,False,False,False,False,False
FOXA,FOX CORP CLASS A,-,1754301.0,20250630.0,20250806.0,83.3,87.5,PARTIAL,MISSING_DILUTED_SHARES,False,False,False,False,False,False,False,False,False
GL,GLOBE LIFE INC,-,320335.0,20251231.0,20260225.0,83.3,87.5,PARTIAL,MISSING_DILUTED_SHARES,False,False,False,False,False,False,False,False,False
SOLV,SOLVENTUM CORP,-,1964738.0,20251231.0,20260227.0,100.0,100.0,PRESENT,OK,False,False,False,False,False,False,False,False,False
AVY,AVERY DENNISON CORP,-,8818.0,20251231.0,20260225.0,100.0,100.0,PRESENT,OK,False,False,False,False,False,False,False,False,False
IT,GARTNER INC,-,749251.0,20251231.0,20260212.0,100.0,87.5,PRESENT,OK,False,False,False,False,False,False,False,False,False
ALLE,ALLEGION PLC,-,1579241.0,20251231.0,20260217.0,83.3,87.5,PARTIAL,MISSING_DILUTED_SHARES,False,False,False,False,False,False,False,False,False
CSGP,COSTAR GROUP INC,-,1057352.0,20251231.0,20260226.0,100.0,100.0,PRESENT,OK,False,False,False,False,False,False,False,False,False
LVS,LAS VEGAS SANDS CORP,-,1300514.0,20251231.0,20260206.0,100.0,100.0,PRESENT,OK,False,False,False,False,False,False,False,False,False
GDDY,GODADDY INC CLASS A,-,1609711.0,20251231.0,20260225.0,100.0,100.0,PRESENT,OK,False,False,False,False,False,False,False,False,False
LULU,LULULEMON ATHLETICA INC,-,1397187.0,20260131.0,20260317.0,100.0,87.5,PRESENT,OK,False,False,False,False,False,False,False,False,False
HAS,HASBRO INC,-,46080.0,20251231.0,20260225.0,83.3,87.5,PARTIAL,MISSING_DILUTED_SHARES,False,False,False,False,False,False,False,False,False
REG,REGENCY CENTERS CORP,-,910606.0,20251231.0,20260213.0,83.3,62.5,PARTIAL,MISSING_DILUTED_SHARES,False,False,False,False,False,False,False,False,False
DECK,DECKERS OUTDOOR CORP,-,910521.0,20260331.0,20260522.0,100.0,87.5,PRESENT,OK,False,False,False,False,False,False,False,False,False
LII,LENNOX INTERNATIONAL INC,-,1069202.0,20251231.0,20260217.0,100.0,100.0,PRESENT,OK,False,False,False,False,False,False,False,False,False
JKHY,JACK HENRY + ASSOCIATES INC,-,779152.0,20250630.0,20250825.0,100.0,100.0,PRESENT,OK,False,False,False,False,False,False,False,False,False
CLX,CLOROX COMPANY,-,21076.0,20250630.0,20250808.0,100.0,100.0,PRESENT,OK,False,False,False,False,False,False,False,False,False
PNW,PINNACLE WEST CAPITAL,-,764622.0,20251231.0,20260225.0,100.0,100.0,PRESENT,OK,False,False,False,False,False,False,False,False,False
ECHO,ECHOSTAR CORP A,-,1415404.0,20251231.0,20260302.0,100.0,100.0,PRESENT,OK,False,False,False,False,False,False,False,False,False
TKO,TKO GROUP HOLDINGS INC,-,1973266.0,20251231.0,20260225.0,100.0,87.5,PRESENT,OK,False,False,False,False,False,False,False,False,False
HII,HUNTINGTON INGALLS INDUSTRIE,-,1501585.0,20251231.0,20260205.0,100.0,100.0,PRESENT,OK,False,False,False,False,False,False,False,False,False
FDS,FACTSET RESEARCH SYSTEMS INC,-,1013237.0,20250831.0,20251022.0,100.0,100.0,PRESENT,OK,False,False,False,False,False,False,False,False,False
TECH,BIO TECHNE CORP,-,842023.0,20250630.0,20250822.0,100.0,100.0,PRESENT,OK,False,False,False,False,False,False,False,False,False
NWSA,NEWS CORP CLASS A,-,1564708.0,20250630.0,20250806.0,66.7,75.0,PARTIAL,MISSING_OPERATING_CASH_FLOW;MISSING_DILUTED_SHARES,False,False,False,False,False,False,False,False,False
UDR,UDR INC,-,74208.0,20251231.0,20260217.0,100.0,75.0,PRESENT,OK,False,False,False,False,False,False,False,False,False
GNRC,GENERAC HOLDINGS INC,-,1474735.0,20251231.0,20260218.0,100.0,100.0,PRESENT,OK,False,False,False,False,False,False,False,False,False
CPT,CAMDEN PROPERTY TRUST,-,906345.0,20251231.0,20260212.0,100.0,75.0,PRESENT,OK,False,False,False,False,False,False,False,False,False
ROL,ROLLINS INC,-,84839.0,20251231.0,20260212.0,100.0,100.0,PRESENT,OK,False,False,False,False,False,False,False,False,False
ALGN,ALIGN TECHNOLOGY INC,-,1097149.0,20251231.0,20260227.0,100.0,87.5,PRESENT,OK,False,False,False,False,False,False,False,False,False
AES,AES CORP,-,874761.0,20251231.0,20260302.0,83.3,75.0,PARTIAL,MISSING_DILUTED_SHARES,False,False,False,False,False,False,False,False,False
DPZ,DOMINO S PIZZA INC,-,1286681.0,20251231.0,20260223.0,83.3,87.5,PARTIAL,MISSING_DILUTED_SHARES,False,False,False,False,False,False,False,False,False
BEN,FRANKLIN TEMPLETON INC,-,38777.0,20250930.0,20251110.0,83.3,87.5,PARTIAL,MISSING_DILUTED_SHARES,False,False,False,False,False,False,False,False,False
PODD,INSULET CORP,-,1145197.0,20251231.0,20260218.0,100.0,100.0,PRESENT,OK,False,False,False,False,False,False,False,False,False
SWKS,SKYWORKS SOLUTIONS INC,-,4127.0,20250930.0,20251107.0,100.0,100.0,PRESENT,OK,False,False,False,False,False,False,False,False,False
BXP,BXP INC,-,1037540.0,20251231.0,20260227.0,100.0,75.0,PRESENT,OK,False,False,False,False,False,False,False,False,False
PNR,PENTAIR PLC,-,77360.0,20251231.0,20260224.0,100.0,100.0,PRESENT,OK,False,False,False,False,False,False,False,False,False
APTV,APTIV PLC,-,1521332.0,20251231.0,20260206.0,100.0,100.0,PRESENT,OK,False,False,False,False,False,False,False,False,False
FRT,FEDERAL REALTY INVS TRUST,-,34903.0,20251231.0,20260212.0,100.0,75.0,PRESENT,OK,False,False,False,False,False,False,False,False,False
UHS,UNIVERSAL HEALTH SERVICES B,-,352915.0,20251231.0,20260225.0,100.0,100.0,PRESENT,OK,False,False,False,False,False,False,False,False,False
HSIC,HENRY SCHEIN INC,-,1000228.0,20251231.0,20260224.0,100.0,100.0,PRESENT,OK,False,False,False,False,False,False,False,False,False
FOX,FOX CORP CLASS B,-,1754301.0,20250630.0,20250806.0,83.3,87.5,PARTIAL,MISSING_DILUTED_SHARES,False,False,False,False,False,False,False,False,False
ARE,ALEXANDRIA REAL ESTATE EQUIT,-,1035443.0,20251231.0,20260126.0,66.7,50.0,PARTIAL,MISSING_REVENUE;MISSING_DILUTED_SHARES,False,False,False,False,False,False,False,False,False
MGM,MGM RESORTS INTERNATIONAL,-,789570.0,20251231.0,20260211.0,100.0,100.0,PRESENT,OK,False,False,False,False,False,False,False,False,False
MOS,MOSAIC CO/THE,-,1285785.0,20251231.0,20260227.0,100.0,100.0,PRESENT,OK,False,False,False,False,False,False,False,False,False
WYNN,WYNN RESORTS LTD,-,1174922.0,20251231.0,20260302.0,83.3,87.5,PARTIAL,MISSING_REVENUE,False,False,False,False,False,False,False,False,False
NCLH,NORWEGIAN CRUISE LINE HOLDIN,-,1513761.0,20251231.0,20260302.0,83.3,87.5,PARTIAL,MISSING_REVENUE,False,False,False,False,False,False,False,False,False
BLDR,BUILDERS FIRSTSOURCE INC,-,1316835.0,20251231.0,20260217.0,100.0,100.0,PRESENT,OK,False,False,False,False,False,False,False,False,False
AOS,SMITH (A.O.) CORP,-,91142.0,20251231.0,20260210.0,83.3,87.5,PARTIAL,MISSING_DILUTED_SHARES,False,False,False,False,False,False,False,False,False
ERIE,ERIE INDEMNITY COMPANY CL A,-,922621.0,20251231.0,20260223.0,83.3,75.0,PARTIAL,MISSING_DILUTED_SHARES,False,False,False,False,False,False,False,False,False
TAP,MOLSON COORS BEVERAGE CO B,-,24545.0,20251231.0,20260218.0,100.0,100.0,PRESENT,OK,False,False,False,False,False,False,False,False,False
HRL,HORMEL FOODS CORP,-,48465.0,20251031.0,20251205.0,83.3,87.5,PARTIAL,MISSING_REVENUE,False,False,False,False,False,False,False,False,False
TTD,TRADE DESK INC/THE CLASS A,-,1671933.0,20251231.0,20260227.0,100.0,87.5,PRESENT,OK,False,False,False,False,False,False,False,False,False
DVA,DAVITA INC,-,927066.0,20251231.0,20260211.0,100.0,100.0,PRESENT,OK,False,False,False,False,False,False,False,False,False
BF.B,BROWN FORMAN CORP CLASS B,-,14693.0,20260430.0,20260612.0,83.3,87.5,PARTIAL,MISSING_DILUTED_SHARES,False,False,False,False,False,False,False,False,False
NWS,NEWS CORP CLASS B,-,1564708.0,20250630.0,20250806.0,66.7,75.0,PARTIAL,MISSING_OPERATING_CASH_FLOW;MISSING_DILUTED_SHARES,False,False,False,False,False,False,False,False,False
PSKY,PARAMOUNT SKYDANCE CL B,-,2041610.0,20251231.0,20260225.0,100.0,100.0,PRESENT,OK,False,False,False,False,False,False,False,False,False
2602335D,CONTRA HOLOGIC INCORPO,-,,,,0.0,0.0,PARTIAL,MISSING_CIK;MISSING_ANNUAL_FILING_IN_BULK_WINDOW;MISSING_REVENUE;MISSING_NET_INCOME;MISSING_ASSETS;MISSING_EQUITY;MISSING_OPERATING_CASH_FLOW;MISSING_DILUTED_SHARES,False,False,False,False,False,False,False,False,False
