ticker,ticker_sec,name,sector,weight,cik,sic,annual_form,annual_period,annual_filed,annual_adsh,latest_10q_period,latest_10q_filed,sec_quarters_used,annual_revenue,annual_revenue_tag,annual_revenue_date,prior_revenue,prior_revenue_date,annual_net_income,annual_net_income_tag,annual_net_income_date,prior_net_income,prior_net_income_date,annual_operating_income,annual_operating_income_tag,annual_operating_income_date,prior_operating_income,prior_operating_income_date,annual_operating_cash_flow,annual_operating_cash_flow_tag,annual_operating_cash_flow_date,prior_operating_cash_flow,prior_operating_cash_flow_date,annual_capex,annual_capex_tag,annual_capex_date,prior_capex,prior_capex_date,annual_diluted_shares,annual_diluted_shares_tag,annual_diluted_shares_date,prior_diluted_shares,prior_diluted_shares_date,annual_assets,annual_assets_tag,annual_assets_date,annual_equity,annual_equity_tag,annual_equity_date,annual_cash,annual_cash_tag,annual_cash_date,annual_debt,annual_debt_tag,annual_debt_date,annual_fcf,revenue_yoy,net_income_yoy,diluted_shares_yoy,operating_margin,net_margin,fcf_margin,roe_simple,debt_to_equity,core_metric_coverage_pct,extended_metric_coverage_pct,data_quality_flags,data_status,fy_minus_1_period,fy_minus_1_filed,fy_minus_1_adsh,fy_minus_1_revenue,fy_minus_1_revenue_tag,fy_minus_1_revenue_date,fy_minus_1_operating_income,fy_minus_1_operating_income_tag,fy_minus_1_operating_income_date,fy_minus_1_net_income,fy_minus_1_net_income_tag,fy_minus_1_net_income_date,fy_minus_1_operating_cash_flow,fy_minus_1_operating_cash_flow_tag,fy_minus_1_operating_cash_flow_date,fy_minus_1_capex,fy_minus_1_capex_tag,fy_minus_1_capex_date,fy_minus_1_diluted_shares,fy_minus_1_diluted_shares_tag,fy_minus_1_diluted_shares_date,fy_minus_1_equity,fy_minus_1_equity_tag,fy_minus_1_equity_date,fy_minus_2_period,fy_minus_2_filed,fy_minus_2_adsh,fy_minus_2_revenue,fy_minus_2_revenue_tag,fy_minus_2_revenue_date,fy_minus_2_operating_income,fy_minus_2_operating_income_tag,fy_minus_2_operating_income_date,fy_minus_2_net_income,fy_minus_2_net_income_tag,fy_minus_2_net_income_date,fy_minus_2_operating_cash_flow,fy_minus_2_operating_cash_flow_tag,fy_minus_2_operating_cash_flow_date,fy_minus_2_capex,fy_minus_2_capex_tag,fy_minus_2_capex_date,fy_minus_2_diluted_shares,fy_minus_2_diluted_shares_tag,fy_minus_2_diluted_shares_date,fy_minus_2_equity,fy_minus_2_equity_tag,fy_minus_2_equity_date,fy_minus_3_period,fy_minus_3_filed,fy_minus_3_adsh,fy_minus_3_revenue,fy_minus_3_revenue_tag,fy_minus_3_revenue_date,fy_minus_3_operating_income,fy_minus_3_operating_income_tag,fy_minus_3_operating_income_date,fy_minus_3_net_income,fy_minus_3_net_income_tag,fy_minus_3_net_income_date,fy_minus_3_operating_cash_flow,fy_minus_3_operating_cash_flow_tag,fy_minus_3_operating_cash_flow_date,fy_minus_3_capex,fy_minus_3_capex_tag,fy_minus_3_capex_date,fy_minus_3_diluted_shares,fy_minus_3_diluted_shares_tag,fy_minus_3_diluted_shares_date,fy_minus_3_equity,fy_minus_3_equity_tag,fy_minus_3_equity_date,annual_sbc,annual_sbc_tag,annual_sbc_date,prior_sbc,prior_sbc_tag,prior_sbc_date,sbc_to_revenue,revenue_cagr3,opinc_cagr3,fcf_cagr3,fcf_per_share_cagr3,annual_operating_margin_history,fy_minus_1_operating_margin_history,fy_minus_2_operating_margin_history,fy_minus_3_operating_margin_history,operating_margin_std_4y,operating_margin_range_4y,market_price,market_cap,market_data_as_of,market_data_retrieved_at_utc,market_data_source,market_data_source_symbol,market_data_as_of_status,market_data_status
CRM,CRM,SALESFORCE INC,-,0.31799,1108524.0,7372.0,10-K,20260131.0,20260302.0,0001108524-26-000060,20260430.0,20260528.0,2025Q3;2025Q4;2026Q1;2026Q2,41525000000.0,RevenueFromContractWithCustomerExcludingAssessedTax,20260131.0,37895000000.0,20250131.0,7457000000.0,NetIncomeLoss,20260131.0,6197000000.0,20250131.0,8331000000.0,OperatingIncomeLoss,20260131.0,7205000000.0,20250131.0,14996000000.0,NetCashProvidedByUsedInOperatingActivities,20260131.0,13092000000.0,20250131.0,594000000.0,PaymentsToAcquirePropertyPlantAndEquipment,20260131.0,658000000.0,20250131.0,956000000.0,WeightedAverageNumberOfDilutedSharesOutstanding,20260131.0,974000000.0,20250131.0,112305000000.0,Assets,20260131.0,59142000000.0,StockholdersEquity,20260131.0,7327000000.0,CashAndCashEquivalentsAtCarryingValue,20260131.0,10439000000.0,LongTermDebtNoncurrent,20260131,14402000000.0,0.0957910014513787,0.2033241891237696,-0.0184804928131416,0.2006261288380493,0.179578567128236,0.3468272125225767,0.1260863684014744,0.1765073889959758,100.0,100.0,OK,PRESENT,20250131.0,20250305.0,0001108524-25-000006,37895000000.0,RevenueFromContractWithCustomerExcludingAssessedTax,20250131.0,7205000000.0,OperatingIncomeLoss,20250131.0,6197000000.0,NetIncomeLoss,20250131.0,13092000000.0,NetCashProvidedByUsedInOperatingActivities,20250131.0,658000000.0,PaymentsToAcquirePropertyPlantAndEquipment,20250131.0,974000000.0,WeightedAverageNumberOfDilutedSharesOutstanding,20250131.0,61173000000.0,StockholdersEquity,20250131.0,20240131.0,20240306.0,0001108524-24-000005,34857000000.0,RevenueFromContractWithCustomerExcludingAssessedTax,20240131.0,5011000000.0,OperatingIncomeLoss,20240131.0,4136000000.0,NetIncomeLoss,20240131.0,10234000000.0,NetCashProvidedByUsedInOperatingActivities,20240131.0,736000000.0,PaymentsToAcquirePropertyPlantAndEquipment,20240131.0,984000000.0,WeightedAverageNumberOfDilutedSharesOutstanding,20240131.0,59646000000.0,StockholdersEquity,20240131.0,20230131.0,20230308.0,0001108524-23-000011,31352000000.0,RevenueFromContractWithCustomerExcludingAssessedTax,20230131.0,1030000000.0,OperatingIncomeLoss,20230131.0,208000000.0,NetIncomeLoss,20230131.0,7111000000.0,NetCashProvidedByUsedInOperatingActivities,20230131.0,798000000.0,PaymentsToAcquirePropertyPlantAndEquipment,20230131.0,997000000.0,WeightedAverageNumberOfDilutedSharesOutstanding,20230131.0,58359000000.0,StockholdersEquity,20230131.0,3509000000.0,ShareBasedCompensation,20260131.0,3183000000.0,ShareBasedCompensation,20250131.0,0.0845033112582781,0.0982000611383049,1.0073355217138902,0.3164236393248525,0.3349800053185028,0.2006261288380493,0.1901306240928882,0.1437587858966635,0.032852768563409,0.0664636962132739,0.1677733602746403,264.43,217625890000.0,,2026-09-03T21:18:54+00:00,NASDAQ_PUBLIC_SCREENER,CRM,RETRIEVAL_TIME_ONLY,PRESENT
VZ,VZ,VERIZON COMMUNICATIONS INC,-,0.315292,732712.0,4813.0,10-K,20251231.0,20260217.0,0000732712-26-000007,20260331.0,20260501.0,2025Q3;2025Q4;2026Q1;2026Q2,138191000000.0,Revenues,20251231.0,134788000000.0,20241231.0,17174000000.0,NetIncomeLoss,20251231.0,17506000000.0,20241231.0,29259000000.0,OperatingIncomeLoss,20251231.0,28686000000.0,20241231.0,37137000000.0,NetCashProvidedByUsedInOperatingActivities,20251231.0,36912000000.0,20241231.0,,,,,,4231000000.0,WeightedAverageNumberOfDilutedSharesOutstanding,20251231.0,4223000000.0,20241231.0,404258000000.0,Assets,20251231.0,105741000000.0,StockholdersEquityIncludingPortionAttributableToNoncontrollingInterest,20251231.0,19048000000.0,CashAndCashEquivalentsAtCarryingValue,20251231.0,139532000000.0,LongTermDebtAndCapitalLeaseObligations,20251231,,0.0252470546339436,-0.0189649263109791,0.0018943878759176,0.2117286943433364,0.1242772684183485,,0.1624157138669012,1.3195638399485536,100.0,87.5,OK,PRESENT,20241231.0,20250212.0,0000732712-25-000006,134788000000.0,Revenues,20241231.0,28686000000.0,OperatingIncomeLoss,20241231.0,17506000000.0,NetIncomeLoss,20241231.0,36912000000.0,NetCashProvidedByUsedInOperatingActivities,20241231.0,,,,4223000000.0,WeightedAverageNumberOfDilutedSharesOutstanding,20241231.0,100575000000.0,StockholdersEquityIncludingPortionAttributableToNoncontrollingInterest,20241231.0,20231231.0,20240209.0,0000732712-24-000010,133974000000.0,Revenues,20231231.0,22877000000.0,OperatingIncomeLoss,20231231.0,11614000000.0,NetIncomeLoss,20231231.0,37475000000.0,NetCashProvidedByUsedInOperatingActivities,20231231.0,,,,4215000000.0,WeightedAverageNumberOfDilutedSharesOutstanding,20231231.0,93799000000.0,StockholdersEquityIncludingPortionAttributableToNoncontrollingInterest,20231231.0,20221231.0,20230210.0,0000732712-23-000012,136835000000.0,Revenues,20221231.0,30467000000.0,OperatingIncomeLoss,20221231.0,21256000000.0,NetIncomeLoss,20221231.0,37141000000.0,NetCashProvidedByUsedInOperatingActivities,20221231.0,,,,4204000000.0,WeightedAverageNumberOfDilutedSharesOutstanding,20221231.0,92463000000.0,StockholdersEquityIncludingPortionAttributableToNoncontrollingInterest,20221231.0,,,,,,,,0.003292396665705,-0.0133951135046732,,,0.2117286943433364,0.2128230999792266,0.1707570125546748,0.2226550224723207,0.0199356573179845,0.0518980099176459,50.59,210190077469.0,,2026-09-03T21:18:54+00:00,NASDAQ_PUBLIC_SCREENER,VZ,RETRIEVAL_TIME_ONLY,PRESENT
ANET,ANET,ARISTA NETWORKS INC,-,0.305028,1596532.0,3576.0,10-K,20251231.0,20260217.0,0001596532-26-000013,20260331.0,20260506.0,2025Q3;2025Q4;2026Q1;2026Q2,9005700000.0,RevenueFromContractWithCustomerExcludingAssessedTax,20251231.0,7003146000.0,20241231.0,3511400000.0,NetIncomeLoss,20251231.0,2852054000.0,20241231.0,3856100000.0,OperatingIncomeLoss,20251231.0,2944616000.0,20241231.0,4371900000.0,NetCashProvidedByUsedInOperatingActivities,20251231.0,3708235000.0,20241231.0,119500000.0,PaymentsToAcquireProductiveAssets,20251231.0,32032000.0,20241231.0,1275700000.0,WeightedAverageNumberOfDilutedSharesOutstanding,20251231.0,1281077000.0,20241231.0,19448600000.0,Assets,20251231.0,12370500000.0,StockholdersEquity,20251231.0,1963900000.0,CashAndCashEquivalentsAtCarryingValue,20251231.0,,,,4252400000.0,0.2859590752666676,0.231163002699765,-0.0042151276246975,0.4281843721198796,0.3899086134337142,0.4721898353265154,0.2838527141182652,,100.0,87.5,OK,PRESENT,20241231.0,20250219.0,0001596532-25-000028,7003146000.0,RevenueFromContractWithCustomerExcludingAssessedTax,20241231.0,2944616000.0,OperatingIncomeLoss,20241231.0,2852054000.0,NetIncomeLoss,20241231.0,3708235000.0,NetCashProvidedByUsedInOperatingActivities,20241231.0,32032000.0,PaymentsToAcquireProductiveAssets,20241231.0,1281077000.0,WeightedAverageNumberOfDilutedSharesOutstanding,20241231.0,9994807000.0,StockholdersEquity,20241231.0,20231231.0,20240213.0,0001596532-24-000043,5860168000.0,RevenueFromContractWithCustomerExcludingAssessedTax,20231231.0,2257249000.0,OperatingIncomeLoss,20231231.0,2087321000.0,NetIncomeLoss,20231231.0,2034014000.0,NetCashProvidedByUsedInOperatingActivities,20231231.0,34434000.0,PaymentsToAcquireProductiveAssets,20231231.0,317135000.0,WeightedAverageNumberOfDilutedSharesOutstanding,20231231.0,7219059000.0,StockholdersEquity,20231231.0,20221231.0,20230214.0,0001596532-23-000016,4381310000.0,RevenueFromContractWithCustomerExcludingAssessedTax,20221231.0,1527106000.0,OperatingIncomeLoss,20221231.0,1352446000.0,NetIncomeLoss,20221231.0,492813000.0,NetCashProvidedByUsedInOperatingActivities,20221231.0,44644000.0,PaymentsToAcquireProductiveAssets,20221231.0,316459000.0,WeightedAverageNumberOfDilutedSharesOutstanding,20221231.0,4885820000.0,StockholdersEquity,20221231.0,439200000.0,ShareBasedCompensation,20251231.0,355364000.0,ShareBasedCompensation,20241231.0,0.0487691128951663,0.2714652572159763,0.3617363631370103,1.1170482953420318,0.3302105791983958,0.4281843721198796,0.4204704571345506,0.3851850322379836,0.3485500911827741,0.0316324453389405,0.0796342809371055,191.44,241448846613.0,,2026-09-03T21:18:54+00:00,NASDAQ_PUBLIC_SCREENER,ANET,RETRIEVAL_TIME_ONLY,PRESENT
APH,APH,AMPHENOL CORP CL A,-,0.294457,820313.0,3678.0,10-K,20251231.0,20260211.0,0001104659-26-013549,20260331.0,20260501.0,2025Q3;2025Q4;2026Q1;2026Q2,23094700000.0,RevenueFromContractWithCustomerExcludingAssessedTax,20251231.0,15222700000.0,20241231.0,4270300000.0,NetIncomeLoss,20251231.0,2424000000.0,20241231.0,5868600000.0,OperatingIncomeLoss,20251231.0,3156900000.0,20241231.0,5374700000.0,NetCashProvidedByUsedInOperatingActivities,20251231.0,2814700000.0,20241231.0,996600000.0,PaymentsToAcquirePropertyPlantAndEquipment,20251231.0,665400000.0,20241231.0,1277500000.0,WeightedAverageNumberOfDilutedSharesOutstanding,20251231.0,1263600000.0,20241231.0,36236900000.0,Assets,20251231.0,13413100000.0,StockholdersEquity,20251231.0,11130600000.0,CashAndCashEquivalentsAtCarryingValue,20251231.0,14564800000.0,LongTermDebtAndCapitalLeaseObligations,20251231,4378100000.0,0.5171224552806006,0.7616749174917492,0.011000316555872,0.2541102504037723,0.1849038956990132,0.189571633318467,0.3183678642521117,1.0858638196986528,100.0,100.0,OK,PRESENT,20241231.0,20250207.0,0001558370-25-000714,15222700000.0,RevenueFromContractWithCustomerExcludingAssessedTax,20241231.0,3156900000.0,OperatingIncomeLoss,20241231.0,2424000000.0,NetIncomeLoss,20241231.0,2814700000.0,NetCashProvidedByUsedInOperatingActivities,20241231.0,665400000.0,PaymentsToAcquirePropertyPlantAndEquipment,20241231.0,1263600000.0,WeightedAverageNumberOfDilutedSharesOutstanding,20241231.0,9792000000.0,StockholdersEquity,20241231.0,20231231.0,20240207.0,0001558370-24-000866,12554700000.0,RevenueFromContractWithCustomerExcludingAssessedTax,20231231.0,2559600000.0,OperatingIncomeLoss,20231231.0,1928000000.0,NetIncomeLoss,20231231.0,2528700000.0,NetCashProvidedByUsedInOperatingActivities,20231231.0,372800000.0,PaymentsToAcquirePropertyPlantAndEquipment,20231231.0,620600000.0,WeightedAverageNumberOfDilutedSharesOutstanding,20231231.0,8346500000.0,StockholdersEquity,20231231.0,20221231.0,20230208.0,0001558370-23-001036,12623000000.0,RevenueFromContractWithCustomerExcludingAssessedTax,20221231.0,2585800000.0,OperatingIncomeLoss,20221231.0,1902300000.0,NetIncomeLoss,20221231.0,2174600000.0,NetCashProvidedByUsedInOperatingActivities,20221231.0,383800000.0,PaymentsToAcquirePropertyPlantAndEquipment,20221231.0,621000000.0,WeightedAverageNumberOfDilutedSharesOutstanding,20221231.0,7015600000.0,StockholdersEquity,20221231.0,135400000.0,ShareBasedCompensation,20251231.0,109500000.0,ShareBasedCompensation,20241231.0,0.0058628170099633,0.2230660589034148,0.3141548011721333,0.3471404099096959,0.0592287520879168,0.2541102504037723,0.2073810821996098,0.2038758393271046,0.2048482927988592,0.0211445901766848,0.0502344110766676,82.07,101190952316.0,,2026-09-03T21:18:54+00:00,NASDAQ_PUBLIC_SCREENER,APH,RETRIEVAL_TIME_ONLY,PRESENT
ABT,ABT,ABBOTT LABORATORIES,-,0.290176,1800.0,2834.0,10-K,20251231.0,20260220.0,0001628280-26-010185,20260331.0,20260429.0,2025Q3;2025Q4;2026Q1;2026Q2,44328000000.0,RevenueFromContractWithCustomerExcludingAssessedTax,20251231.0,41950000000.0,20241231.0,6524000000.0,NetIncomeLoss,20251231.0,13402000000.0,20241231.0,8053000000.0,OperatingIncomeLoss,20251231.0,6825000000.0,20241231.0,9566000000.0,NetCashProvidedByUsedInOperatingActivities,20251231.0,8558000000.0,20241231.0,2171000000.0,PaymentsToAcquirePropertyPlantAndEquipment,20251231.0,2207000000.0,20241231.0,1748000000.0,WeightedAverageNumberOfDilutedSharesOutstanding,20251231.0,1748000000.0,20241231.0,86713000000.0,Assets,20251231.0,52130000000.0,StockholdersEquity,20251231.0,8522000000.0,CashAndCashEquivalentsAtCarryingValue,20251231.0,12929000000.0,LongTermDebtCurrent+LongTermDebtNoncurrent,20251231+20251231,7395000000.0,0.0566865315852205,-0.513206984032234,0.0,0.181668471395055,0.1471756000721891,0.1668245804006497,0.125148666794552,0.2480145789372722,100.0,100.0,OK,PRESENT,20241231.0,20250221.0,0001628280-25-007110,41950000000.0,RevenueFromContractWithCustomerExcludingAssessedTax,20241231.0,6825000000.0,OperatingIncomeLoss,20241231.0,13402000000.0,NetIncomeLoss,20241231.0,8558000000.0,NetCashProvidedByUsedInOperatingActivities,20241231.0,2207000000.0,PaymentsToAcquirePropertyPlantAndEquipment,20241231.0,1748000000.0,WeightedAverageNumberOfDilutedSharesOutstanding,20241231.0,47664000000.0,StockholdersEquity,20241231.0,20231231.0,20240216.0,0001628280-24-005348,40109000000.0,RevenueFromContractWithCustomerExcludingAssessedTax,20231231.0,6478000000.0,OperatingIncomeLoss,20231231.0,5723000000.0,NetIncomeLoss,20231231.0,7261000000.0,NetCashProvidedByUsedInOperatingActivities,20231231.0,2202000000.0,PaymentsToAcquirePropertyPlantAndEquipment,20231231.0,1749000000.0,WeightedAverageNumberOfDilutedSharesOutstanding,20231231.0,38603000000.0,StockholdersEquity,20231231.0,20221231.0,20230217.0,0001628280-23-004026,43653000000.0,RevenueFromContractWithCustomerExcludingAssessedTax,20221231.0,8362000000.0,OperatingIncomeLoss,20221231.0,6933000000.0,NetIncomeLoss,20221231.0,9581000000.0,NetCashProvidedByUsedInOperatingActivities,20221231.0,1777000000.0,PaymentsToAcquirePropertyPlantAndEquipment,20221231.0,1764000000.0,WeightedAverageNumberOfDilutedSharesOutstanding,20221231.0,36686000000.0,StockholdersEquity,20221231.0,664000000.0,ShareBasedCompensation,20251231.0,673000000.0,ShareBasedCompensation,20241231.0,0.0149792456235336,0.0051279441696463,-0.0124725449788906,-0.0177840720137882,-0.0147963245533432,0.181668471395055,0.1626936829558999,0.1615098855618439,0.1915561358898586,0.0127509725429972,0.0300462503280146,108.79,188248398772.0,,2026-09-03T21:18:54+00:00,NASDAQ_PUBLIC_SCREENER,ABT,RETRIEVAL_TIME_ONLY,PRESENT
PEP,PEP,PEPSICO INC,-,0.289547,77476.0,2080.0,10-K,20251231.0,20260203.0,0000077476-26-000007,20260331.0,20260416.0,2025Q3;2025Q4;2026Q1;2026Q2,93925000000.0,Revenues,20251231.0,91854000000.0,20241231.0,8240000000.0,NetIncomeLoss,20251231.0,9578000000.0,20241231.0,11498000000.0,OperatingIncomeLoss,20251231.0,12887000000.0,20241231.0,12087000000.0,NetCashProvidedByUsedInOperatingActivities,20251231.0,12507000000.0,20241231.0,4415000000.0,PaymentsToAcquireProductiveAssets,20251231.0,5318000000.0,20241231.0,1373000000.0,WeightedAverageNumberOfDilutedSharesOutstanding,20251231.0,1378000000.0,20241231.0,107399000000.0,Assets,20251231.0,20406000000.0,StockholdersEquity,20251231.0,9159000000.0,CashAndCashEquivalentsAtCarryingValue,20251231.0,42321000000.0,LongTermDebtNoncurrent,20251231,7672000000.0,0.0225466501186666,-0.13969513468365,-0.0036284470246734,0.1224168219323928,0.0877295714665956,0.0816821932392866,0.4038028030971283,2.073948838576889,100.0,100.0,OK,PRESENT,20241231.0,20250204.0,0000077476-25-000007,91854000000.0,Revenues,20241231.0,12887000000.0,OperatingIncomeLoss,20241231.0,9578000000.0,NetIncomeLoss,20241231.0,12507000000.0,NetCashProvidedByUsedInOperatingActivities,20241231.0,5318000000.0,PaymentsToAcquireProductiveAssets,20241231.0,1378000000.0,WeightedAverageNumberOfDilutedSharesOutstanding,20241231.0,18041000000.0,StockholdersEquity,20241231.0,20231231.0,20240209.0,0000077476-24-000008,91471000000.0,Revenues,20231231.0,11986000000.0,OperatingIncomeLoss,20231231.0,9074000000.0,NetIncomeLoss,20231231.0,13442000000.0,NetCashProvidedByUsedInOperatingActivities,20231231.0,5518000000.0,PaymentsToAcquireProductiveAssets,20231231.0,1383000000.0,WeightedAverageNumberOfDilutedSharesOutstanding,20231231.0,18503000000.0,StockholdersEquity,20231231.0,20221231.0,20230209.0,0000077476-23-000007,86392000000.0,Revenues,20221231.0,11512000000.0,OperatingIncomeLoss,20221231.0,8910000000.0,NetIncomeLoss,20221231.0,10811000000.0,NetCashProvidedByUsedInOperatingActivities,20221231.0,5207000000.0,PaymentsToAcquireProductiveAssets,20221231.0,1387000000.0,WeightedAverageNumberOfDilutedSharesOutstanding,20221231.0,17149000000.0,StockholdersEquity,20221231.0,288000000.0,ShareBasedCompensation,20251231.0,362000000.0,ShareBasedCompensation,20241231.0,0.0030662762842693,0.0282590925616892,-0.0004055385416628,0.1103762291055594,0.1141375128998727,0.1224168219323928,0.1402987349489407,0.1310360660755868,0.1332530789887952,0.0063827506734325,0.0178819130165478,140.02,191112115951.0,,2026-09-03T21:18:54+00:00,NASDAQ_PUBLIC_SCREENER,PEP,RETRIEVAL_TIME_ONLY,PRESENT
DIS,DIS,WALT DISNEY CO/THE,-,0.281912,1744489.0,7990.0,10-K,20250930.0,20251113.0,0001744489-25-000155,20260331.0,20260506.0,2025Q3;2025Q4;2026Q1;2026Q2,94425000000.0,Revenues,20250930.0,91361000000.0,20240930.0,12404000000.0,NetIncomeLoss,20250930.0,4972000000.0,20240930.0,,,,,,18101000000.0,NetCashProvidedByUsedInOperatingActivities,20250930.0,13971000000.0,20240930.0,8024000000.0,PaymentsToAcquirePropertyPlantAndEquipment,20250930.0,5412000000.0,20240930.0,1811000000.0,WeightedAverageNumberOfDilutedSharesOutstanding,20250930.0,1831000000.0,20240930.0,197514000000.0,Assets,20250930.0,109869000000.0,StockholdersEquity,20250930.0,5695000000.0,CashAndCashEquivalentsAtCarryingValue,20250930.0,42026000000.0,LongTermDebtCurrent+LongTermDebtNoncurrent,20250930+20250930,10077000000.0,0.0335372861505456,1.4947707160096542,-0.0109229929000546,,0.1313635160180037,0.1067196187450357,0.1128980877226515,0.3825100801864038,100.0,100.0,OK,PRESENT,20240930.0,20241114.0,0001744489-24-000276,91361000000.0,Revenues,20240930.0,,,,4972000000.0,NetIncomeLoss,20240930.0,,,,5412000000.0,PaymentsToAcquirePropertyPlantAndEquipment,20240930.0,1831000000.0,WeightedAverageNumberOfDilutedSharesOutstanding,20240930.0,100696000000.0,StockholdersEquity,20240930.0,20230930.0,20231121.0,0001744489-23-000216,88898000000.0,Revenues,20230930.0,,,,2354000000.0,NetIncomeLoss,20230930.0,,,,4969000000.0,PaymentsToAcquirePropertyPlantAndEquipment,20230930.0,1830000000.0,WeightedAverageNumberOfDilutedSharesOutstanding,20230930.0,99277000000.0,StockholdersEquity,20230930.0,20220930.0,20221129.0,0001744489-22-000213,82722000000.0,Revenues,20220930.0,,,,3145000000.0,NetIncomeLoss,20220930.0,,,,4943000000.0,PaymentsToAcquirePropertyPlantAndEquipment,20220930.0,1827000000.0,WeightedAverageNumberOfDilutedSharesOutstanding,20220930.0,95008000000.0,StockholdersEquity,20220930.0,1363000000.0,ShareBasedCompensation,20250930.0,1366000000.0,ShareBasedCompensation,20240930.0,0.0144347365634101,0.0450939232231049,,,,,,,,,,107.16,185031768418.0,,2026-09-03T21:18:54+00:00,NASDAQ_PUBLIC_SCREENER,DIS,RETRIEVAL_TIME_ONLY,PRESENT
MCD,MCD,MCDONALD S CORP,-,0.280668,63908.0,5812.0,10-K,20251231.0,20260224.0,0000063908-26-000035,20260331.0,20260507.0,2025Q3;2025Q4;2026Q1;2026Q2,26885000000.0,Revenues,20251231.0,25920000000.0,20241231.0,8563000000.0,NetIncomeLoss,20251231.0,8223000000.0,20241231.0,12393000000.0,OperatingIncomeLoss,20251231.0,11712000000.0,20241231.0,10551000000.0,NetCashProvidedByUsedInOperatingActivities,20251231.0,9447000000.0,20241231.0,3365000000.0,PaymentsToAcquirePropertyPlantAndEquipment,20251231.0,2775000000.0,20241231.0,716.4,WeightedAverageNumberOfDilutedSharesOutstanding,20251231.0,721.9,20241231.0,59515000000.0,Assets,20251231.0,-1791000000.0,StockholdersEquity,20251231.0,774000000.0,CashAndCashEquivalentsAtCarryingValue,20251231.0,39973000000.0,LongTermDebtNoncurrent,20251231,7186000000.0,0.037229938271605,0.0413474401070168,-0.0076187837650644,0.4609633624697787,0.3185047424214245,0.2672865910358936,-4.781127861529872,-22.318816303740928,100.0,100.0,OK,PRESENT,20241231.0,20250225.0,0000063908-25-000012,25920000000.0,Revenues,20241231.0,11712000000.0,OperatingIncomeLoss,20241231.0,8223000000.0,NetIncomeLoss,20241231.0,9447000000.0,NetCashProvidedByUsedInOperatingActivities,20241231.0,2775000000.0,PaymentsToAcquirePropertyPlantAndEquipment,20241231.0,721.9,WeightedAverageNumberOfDilutedSharesOutstanding,20241231.0,-3797000000.0,StockholdersEquity,20241231.0,20231231.0,20240222.0,0000063908-24-000072,25493700000.0,Revenues,20231231.0,11646700000.0,OperatingIncomeLoss,20231231.0,8468800000.0,NetIncomeLoss,20231231.0,9611900000.0,NetCashProvidedByUsedInOperatingActivities,20231231.0,2357400000.0,PaymentsToAcquirePropertyPlantAndEquipment,20231231.0,732.3,WeightedAverageNumberOfDilutedSharesOutstanding,20231231.0,-4706700000.0,StockholdersEquity,20231231.0,20221231.0,20230224.0,0000063908-23-000012,23182600000.0,Revenues,20221231.0,9371000000.0,OperatingIncomeLoss,20221231.0,6177400000.0,NetIncomeLoss,20221231.0,7386700000.0,NetCashProvidedByUsedInOperatingActivities,20221231.0,1899200000.0,PaymentsToAcquirePropertyPlantAndEquipment,20221231.0,741300000.0,WeightedAverageNumberOfDilutedSharesOutstanding,20221231.0,-6003400000.0,StockholdersEquity,20221231.0,165000000.0,ShareBasedCompensation,20251231.0,172000000.0,ShareBasedCompensation,20241231.0,0.0061372512553468,0.0506287953679032,0.0976490451465088,0.0940509809644967,109.6582252978612,0.4609633624697787,0.4518518518518518,0.4568462012183402,0.4042255829803387,0.0228873337512653,0.0567377794894399,259.63,183724970694.0,,2026-09-03T21:18:54+00:00,NASDAQ_PUBLIC_SCREENER,MCD,RETRIEVAL_TIME_ONLY,PRESENT
STX,STX,SEAGATE TECHNOLOGY HOLDINGS,-,0.280312,1137789.0,3572.0,10-K,20250630.0,20250801.0,0001137789-25-000157,20260331.0,20260429.0,2025Q3;2025Q4;2026Q1;2026Q2,9097000000.0,RevenueFromContractWithCustomerExcludingAssessedTax,20250630.0,6551000000.0,20240630.0,1469000000.0,NetIncomeLoss,20250630.0,335000000.0,20240630.0,1890000000.0,OperatingIncomeLoss,20250630.0,452000000.0,20240630.0,1083000000.0,NetCashProvidedByUsedInOperatingActivities,20250630.0,918000000.0,20240630.0,265000000.0,PaymentsToAcquirePropertyPlantAndEquipment,20250630.0,254000000.0,20240630.0,217000000.0,WeightedAverageNumberOfDilutedSharesOutstanding,20250630.0,212000000.0,20240630.0,8023000000.0,Assets,20250630.0,-453000000.0,StockholdersEquity,20250630.0,891000000.0,CashAndCashEquivalentsAtCarryingValue,20250630.0,4995000000.0,LongTermDebtCurrent+LongTermDebtNoncurrent,20250630+20250630,818000000.0,0.388642955274004,3.385074626865672,0.0235849056603774,0.2077608002638232,0.1614818071891832,0.0899197537649774,-3.2428256070640176,-11.026490066225165,100.0,100.0,OK,PRESENT,20240630.0,20240802.0,0001137789-24-000068,6551000000.0,RevenueFromContractWithCustomerExcludingAssessedTax,20240630.0,452000000.0,OperatingIncomeLoss,20240630.0,335000000.0,NetIncomeLoss,20240630.0,918000000.0,NetCashProvidedByUsedInOperatingActivities,20240630.0,254000000.0,PaymentsToAcquirePropertyPlantAndEquipment,20240630.0,212000000.0,WeightedAverageNumberOfDilutedSharesOutstanding,20240630.0,-1491000000.0,StockholdersEquity,20240630.0,20230630.0,20230804.0,0001137789-23-000049,7384000000.0,RevenueFromContractWithCustomerExcludingAssessedTax,20230630.0,-342000000.0,OperatingIncomeLoss,20230630.0,-529000000.0,NetIncomeLoss,20230630.0,942000000.0,NetCashProvidedByUsedInOperatingActivities,20230630.0,316000000.0,PaymentsToAcquirePropertyPlantAndEquipment,20230630.0,207000000.0,WeightedAverageNumberOfDilutedSharesOutstanding,20230630.0,-1199000000.0,StockholdersEquity,20230630.0,20220630.0,20220805.0,0001137789-22-000055,11661000000.0,RevenueFromContractWithCustomerExcludingAssessedTax,20220630.0,1955000000.0,OperatingIncomeLoss,20220630.0,1649000000.0,NetIncomeLoss,20220630.0,1657000000.0,NetCashProvidedByUsedInOperatingActivities,20220630.0,381000000.0,PaymentsToAcquirePropertyPlantAndEquipment,20220630.0,224000000.0,WeightedAverageNumberOfDilutedSharesOutstanding,20220630.0,109000000.0,StockholdersEquity,20220630.0,200000000.0,ShareBasedCompensation,20250630.0,127000000.0,ShareBasedCompensation,20240630.0,0.0219852698691876,-0.0794356906329795,-0.0112078403386874,-0.1377480012465475,-0.1285744191230359,0.2077608002638232,0.0689970996794382,-0.0463163596966413,0.1676528599605522,0.0981810173224217,0.2540771599604646,798.61,181000578520.0,,2026-09-03T21:18:54+00:00,NASDAQ_PUBLIC_SCREENER,STX,RETRIEVAL_TIME_ONLY,PRESENT
MRVL,MRVL,MARVELL TECHNOLOGY INC,-,0.279648,1835632.0,3674.0,10-K,20260131.0,20260311.0,0001835632-26-000011,20260430.0,20260528.0,2025Q3;2025Q4;2026Q1;2026Q2,8194600000.0,RevenueFromContractWithCustomerExcludingAssessedTax,20260131.0,5767300000.0,20250131.0,2670100000.0,NetIncomeLoss,20260131.0,-885000000.0,20250131.0,1322900000.0,OperatingIncomeLoss,20260131.0,-720300000.0,20250131.0,1750500000.0,NetCashProvidedByUsedInOperatingActivities,20260131.0,1681200000.0,20250131.0,354100000.0,PaymentsToAcquirePropertyPlantAndEquipment,20260131.0,284600000.0,20250131.0,869700000.0,WeightedAverageNumberOfDilutedSharesOutstanding,20260131.0,865500000.0,20250131.0,22285300000.0,Assets,20260131.0,14308400000.0,StockholdersEquity,20260131.0,2638800000.0,CashAndCashEquivalentsAtCarryingValue,20260131.0,499800000.0,ShortTermBorrowings,20260131,1396400000.0,0.4208728521145077,-4.017062146892656,0.0048526863084921,0.1614355795279818,0.3258365264930564,0.170404900788324,0.1866106622683179,0.0349305303178552,100.0,100.0,OK,PRESENT,20250131.0,20250312.0,0001835632-25-000057,5767300000.0,RevenueFromContractWithCustomerExcludingAssessedTax,20250131.0,-720300000.0,OperatingIncomeLoss,20250131.0,-885000000.0,NetIncomeLoss,20250131.0,1681200000.0,NetCashProvidedByUsedInOperatingActivities,20250131.0,284600000.0,PaymentsToAcquirePropertyPlantAndEquipment,20250131.0,865500000.0,WeightedAverageNumberOfDilutedSharesOutstanding,20250131.0,13427000000.0,StockholdersEquity,20250131.0,20240131.0,20240313.0,0001835632-24-000009,5507700000.0,RevenueFromContractWithCustomerExcludingAssessedTax,20240131.0,-567700000.0,OperatingIncomeLoss,20240131.0,-933400000.0,NetIncomeLoss,20240131.0,1370500000.0,NetCashProvidedByUsedInOperatingActivities,20240131.0,336300000.0,PaymentsToAcquirePropertyPlantAndEquipment,20240131.0,861300000.0,WeightedAverageNumberOfDilutedSharesOutstanding,20240131.0,14831400000.0,StockholdersEquity,20240131.0,20230131.0,20230309.0,0001835632-23-000013,5919600000.0,RevenueFromContractWithCustomerExcludingAssessedTax,20230131.0,238000000.0,OperatingIncomeLoss,20230131.0,-163500000.0,NetIncomeLoss,20230131.0,1288800000.0,NetCashProvidedByUsedInOperatingActivities,20230131.0,206200000.0,PaymentsToAcquirePropertyPlantAndEquipment,20230131.0,851400000.0,WeightedAverageNumberOfDilutedSharesOutstanding,20230131.0,15637200000.0,StockholdersEquity,20230131.0,590800000.0,ShareBasedCompensation,20260131.0,597400000.0,ShareBasedCompensation,20250131.0,0.0720962585117028,0.114495876423557,0.7714001881326233,0.0885472186268239,0.0808580573346444,0.1614355795279818,-0.124893797790994,-0.103073878388438,0.0402054192850868,0.115895786943302,0.2863293773189759,208.83,183123027000.0,,2026-09-03T21:18:54+00:00,NASDAQ_PUBLIC_SCREENER,MRVL,RETRIEVAL_TIME_ONLY,PRESENT
GILD,GILD,GILEAD SCIENCES INC,-,0.274244,882095.0,2836.0,10-K,20251231.0,20260224.0,0000882095-26-000006,20260331.0,20260507.0,2025Q3;2025Q4;2026Q1;2026Q2,29443000000.0,RevenueFromContractWithCustomerExcludingAssessedTax,20251231.0,28754000000.0,20241231.0,8510000000.0,NetIncomeLoss,20251231.0,480000000.0,20241231.0,10022000000.0,OperatingIncomeLoss,20251231.0,1662000000.0,20241231.0,10019000000.0,NetCashProvidedByUsedInOperatingActivities,20251231.0,10828000000.0,20241231.0,563000000.0,PaymentsToAcquirePropertyPlantAndEquipment,20251231.0,523000000.0,20241231.0,1255000000.0,WeightedAverageNumberOfDilutedSharesOutstanding,20251231.0,1255000000.0,20241231.0,59023000000.0,Assets,20251231.0,22703000000.0,StockholdersEquity,20251231.0,7564000000.0,CashCashEquivalentsRestrictedCashAndRestrictedCashEquivalents,20251231.0,22129000000.0,LongTermDebtNoncurrent,20251231,9456000000.0,0.0239618835640258,16.729166666666668,0.0,0.3403865095268824,0.2890330469041877,0.3211629249736779,0.3748403294718759,0.9747169977536008,100.0,100.0,OK,PRESENT,20241231.0,20250228.0,0000882095-25-000006,28754000000.0,RevenueFromContractWithCustomerExcludingAssessedTax,20241231.0,1662000000.0,OperatingIncomeLoss,20241231.0,480000000.0,NetIncomeLoss,20241231.0,10828000000.0,NetCashProvidedByUsedInOperatingActivities,20241231.0,523000000.0,PaymentsToAcquirePropertyPlantAndEquipment,20241231.0,1255000000.0,WeightedAverageNumberOfDilutedSharesOutstanding,20241231.0,19330000000.0,StockholdersEquity,20241231.0,20231231.0,20240223.0,0000882095-24-000007,27116000000.0,RevenueFromContractWithCustomerExcludingAssessedTax,20231231.0,7605000000.0,OperatingIncomeLoss,20231231.0,5665000000.0,NetIncomeLoss,20231231.0,8006000000.0,NetCashProvidedByUsedInOperatingActivities,20231231.0,585000000.0,PaymentsToAcquirePropertyPlantAndEquipment,20231231.0,1258000000.0,WeightedAverageNumberOfDilutedSharesOutstanding,20231231.0,22833000000.0,StockholdersEquity,20231231.0,20221231.0,20230222.0,0000882095-23-000007,27281000000.0,RevenueFromContractWithCustomerExcludingAssessedTax,20221231.0,7330000000.0,OperatingIncomeLoss,20221231.0,4592000000.0,NetIncomeLoss,20221231.0,9072000000.0,NetCashProvidedByUsedInOperatingActivities,20221231.0,728000000.0,PaymentsToAcquirePropertyPlantAndEquipment,20221231.0,1262000000.0,WeightedAverageNumberOfDilutedSharesOutstanding,20221231.0,21240000000.0,StockholdersEquity,20221231.0,894000000.0,ShareBasedCompensation,20251231.0,835000000.0,ShareBasedCompensation,20241231.0,0.0303637536935774,0.0257477928029377,0.1098990370184662,0.0425840006992996,0.0445188110772003,0.3403865095268824,0.0578006538220769,0.2804617200177017,0.2686851654997984,0.1068806998125315,0.2825858557048055,151.22,187506018539.0,,2026-09-03T21:18:54+00:00,NASDAQ_PUBLIC_SCREENER,GILD,RETRIEVAL_TIME_ONLY,PRESENT
T,T,AT+T INC,-,0.271531,732717.0,4813.0,10-K,20251231.0,20260209.0,0000732717-26-000120,20260331.0,20260427.0,2025Q3;2025Q4;2026Q1;2026Q2,125648000000.0,Revenues,20251231.0,122336000000.0,20241231.0,21953000000.0,NetIncomeLoss,20251231.0,10948000000.0,20241231.0,24162000000.0,OperatingIncomeLoss,20251231.0,19049000000.0,20241231.0,40284000000.0,NetCashProvidedByUsedInOperatingActivities,20251231.0,38771000000.0,20241231.0,20842000000.0,PaymentsToAcquireProductiveAssets,20251231.0,20263000000.0,20241231.0,,,,,,420198000000.0,Assets,20251231.0,126491000000.0,StockholdersEquityIncludingPortionAttributableToNoncontrollingInterest,20251231.0,18234000000.0,CashAndCashEquivalentsAtCarryingValue,20251231.0,127089000000.0,LongTermDebtAndCapitalLeaseObligations,20251231,19442000000.0,0.0270729793356003,1.0052064303982462,,0.1922991213548962,0.1747182605373742,0.1547338596714631,0.1735538496810049,1.0047276090789068,83.3,87.5,MISSING_DILUTED_SHARES,PARTIAL,20241231.0,20250212.0,0000732717-25-000013,122336000000.0,Revenues,20241231.0,19049000000.0,OperatingIncomeLoss,20241231.0,10948000000.0,NetIncomeLoss,20241231.0,,,,20263000000.0,PaymentsToAcquireProductiveAssets,20241231.0,,,,118245000000.0,StockholdersEquityIncludingPortionAttributableToNoncontrollingInterest,20241231.0,20231231.0,20240223.0,0000732717-24-000009,122428000000.0,Revenues,20231231.0,23461000000.0,OperatingIncomeLoss,20231231.0,14400000000.0,NetIncomeLoss,20231231.0,,,,17853000000.0,PaymentsToAcquireProductiveAssets,20231231.0,,,,117442000000.0,StockholdersEquityIncludingPortionAttributableToNoncontrollingInterest,20231231.0,20221231.0,20230213.0,0000732717-23-000011,120741000000.0,Revenues,20221231.0,-4587000000.0,OperatingIncomeLoss,20221231.0,-8524000000.0,NetIncomeLoss,20221231.0,,,,19626000000.0,PaymentsToAcquireProductiveAssets,20221231.0,,,,106457000000.0,StockholdersEquityIncludingPortionAttributableToNoncontrollingInterest,20221231.0,,,,,,,,0.0133674193286914,,,,0.1922991213548962,0.1557105022233847,0.1916309994445715,-0.0379904092230476,0.0954950122601127,0.2302895305779438,26.19,179463980174.0,,2026-09-03T21:18:54+00:00,NASDAQ_PUBLIC_SCREENER,T,RETRIEVAL_TIME_ONLY,PRESENT
QCOM,QCOM,QUALCOMM INC,-,0.27122,804328.0,3663.0,10-K,20250930.0,20251105.0,0000804328-25-000085,20260331.0,20260429.0,2025Q3;2025Q4;2026Q1;2026Q2,44284000000.0,Revenues,20250930.0,38962000000.0,20240930.0,5541000000.0,NetIncomeLoss,20250930.0,10142000000.0,20240930.0,12355000000.0,OperatingIncomeLoss,20250930.0,10071000000.0,20240930.0,14012000000.0,NetCashProvidedByUsedInOperatingActivities,20250930.0,12202000000.0,20240930.0,1192000000.0,PaymentsToAcquireProductiveAssets,20250930.0,1041000000.0,20240930.0,1105000000.0,WeightedAverageNumberOfDilutedSharesOutstanding,20250930.0,1130000000.0,20240930.0,50143000000.0,Assets,20250930.0,21206000000.0,StockholdersEquityIncludingPortionAttributableToNoncontrollingInterest,20250930.0,5520000000.0,CashAndCashEquivalentsAtCarryingValue,20250930.0,14811000000.0,LongTermDebt,20250930,12820000000.0,0.1365946306657768,-0.4536580556103332,-0.0221238938053097,0.2789946707614488,0.1251241983560654,0.2894950772287959,0.2612939734037536,0.6984344053569744,100.0,100.0,OK,PRESENT,20240930.0,20241106.0,0000804328-24-000075,38962000000.0,Revenues,20240930.0,10071000000.0,OperatingIncomeLoss,20240930.0,10142000000.0,NetIncomeLoss,20240930.0,12202000000.0,NetCashProvidedByUsedInOperatingActivities,20240930.0,1041000000.0,PaymentsToAcquireProductiveAssets,20240930.0,1130000000.0,WeightedAverageNumberOfDilutedSharesOutstanding,20240930.0,26274000000.0,StockholdersEquityIncludingPortionAttributableToNoncontrollingInterest,20240930.0,20230930.0,20231101.0,0000804328-23-000055,35820000000.0,Revenues,20230930.0,7788000000.0,OperatingIncomeLoss,20230930.0,7232000000.0,NetIncomeLoss,20230930.0,11299000000.0,NetCashProvidedByUsedInOperatingActivities,20230930.0,1450000000.0,PaymentsToAcquireProductiveAssets,20230930.0,1126000000.0,WeightedAverageNumberOfDilutedSharesOutstanding,20230930.0,21581000000.0,StockholdersEquityIncludingPortionAttributableToNoncontrollingInterest,20230930.0,20220930.0,20221102.0,0000804328-22-000021,44200000000.0,Revenues,20220930.0,15860000000.0,OperatingIncomeLoss,20220930.0,12936000000.0,NetIncomeLoss,20220930.0,9096000000.0,NetCashProvidedByUsedInOperatingActivities,20220930.0,2262000000.0,PaymentsToAcquireProductiveAssets,20220930.0,1137000000.0,WeightedAverageNumberOfDilutedSharesOutstanding,20220930.0,18013000000.0,StockholdersEquityIncludingPortionAttributableToNoncontrollingInterest,20220930.0,2783000000.0,ShareBasedCompensation,20250930.0,2648000000.0,ShareBasedCompensation,20240930.0,0.0628443681690904,0.0006330832838727,-0.0798756535818314,0.2333064900651127,0.245098602861381,0.2789946707614488,0.2584826240952723,0.2174204355108877,0.3588235294117647,0.0514380773080312,0.1414030939008769,168.57,177037932063.0,,2026-09-03T21:18:54+00:00,NASDAQ_PUBLIC_SCREENER,QCOM,RETRIEVAL_TIME_ONLY,PRESENT
SCHW,SCHW,SCHWAB (CHARLES) CORP,-,0.270999,316709.0,6211.0,10-K,20251231.0,20260225.0,0000316709-26-000009,20260331.0,20260508.0,2025Q3;2025Q4;2026Q1;2026Q2,23921000000.0,Revenues,20251231.0,19606000000.0,20241231.0,8852000000.0,NetIncomeLoss,20251231.0,5942000000.0,20241231.0,,,,,,9311000000.0,NetCashProvidedByUsedInOperatingActivities,20251231.0,2670000000.0,20241231.0,548000000.0,PaymentsToAcquirePropertyPlantAndEquipment,20251231.0,620000000.0,20241231.0,1809000000.0,WeightedAverageNumberOfDilutedSharesOutstanding,20251231.0,1834000000.0,20241231.0,490995000000.0,Assets,20251231.0,49425000000.0,StockholdersEquity,20251231.0,46030000000.0,CashAndCashEquivalentsAtCarryingValue,20251231.0,22199000000.0,LongTermDebtAndCapitalLeaseObligations,20251231,8763000000.0,0.2200856880546771,0.4897340962638843,-0.0136314067611778,,0.3700514192550478,0.366330839011747,0.179099645928174,0.4491451694486595,100.0,100.0,OK,PRESENT,20241231.0,20250226.0,0000316709-25-000010,19606000000.0,Revenues,20241231.0,,,,5942000000.0,NetIncomeLoss,20241231.0,2670000000.0,NetCashProvidedByUsedInOperatingActivities,20241231.0,620000000.0,PaymentsToAcquirePropertyPlantAndEquipment,20241231.0,1834000000.0,WeightedAverageNumberOfDilutedSharesOutstanding,20241231.0,48375000000.0,StockholdersEquity,20241231.0,20231231.0,20240223.0,0000316709-24-000018,18837000000.0,Revenues,20231231.0,,,,5067000000.0,NetIncomeLoss,20231231.0,19587000000.0,NetCashProvidedByUsedInOperatingActivities,20231231.0,700000000.0,PaymentsToAcquirePropertyPlantAndEquipment,20231231.0,1831000000.0,WeightedAverageNumberOfDilutedSharesOutstanding,20231231.0,40958000000.0,StockholdersEquity,20231231.0,20221231.0,20230224.0,0000316709-23-000009,20762000000.0,Revenues,20221231.0,,,,7183000000.0,NetIncomeLoss,20221231.0,2057000000.0,NetCashProvidedByUsedInOperatingActivities,20221231.0,971000000.0,PaymentsToAcquirePropertyPlantAndEquipment,20221231.0,1894000000.0,WeightedAverageNumberOfDilutedSharesOutstanding,20221231.0,36608000000.0,StockholdersEquity,20221231.0,317000000.0,ShareBasedCompensation,20251231.0,337000000.0,ShareBasedCompensation,20241231.0,0.0132519543497345,0.0483429560308108,,1.005738583040797,1.0366737443444545,,,,,,,110.38,190884076111.0,,2026-09-03T21:18:54+00:00,NASDAQ_PUBLIC_SCREENER,SCHW,RETRIEVAL_TIME_ONLY,PRESENT
UNP,UNP,UNION PACIFIC CORP,-,0.269452,100885.0,4011.0,10-K,20251231.0,20260206.0,0000100885-26-000037,20260331.0,20260423.0,2025Q3;2025Q4;2026Q1;2026Q2,24510000000.0,RevenueFromContractWithCustomerExcludingAssessedTax,20251231.0,24250000000.0,20241231.0,7138000000.0,NetIncomeLoss,20251231.0,6747000000.0,20241231.0,9846000000.0,OperatingIncomeLoss,20251231.0,9713000000.0,20241231.0,9290000000.0,NetCashProvidedByUsedInOperatingActivities,20251231.0,9346000000.0,20241231.0,3791000000.0,PaymentsToAcquirePropertyPlantAndEquipment,20251231.0,3452000000.0,20241231.0,595900000.0,WeightedAverageNumberOfDilutedSharesOutstanding,20251231.0,608600000.0,20241231.0,69698000000.0,Assets,20251231.0,18467000000.0,StockholdersEquity,20251231.0,1266000000.0,CashAndCashEquivalentsAtCarryingValue,20251231.0,30294000000.0,LongTermDebtAndCapitalLeaseObligations,20251231,5499000000.0,0.0107216494845361,0.0579516822291388,-0.0208675649030561,0.4017135862913096,0.2912280701754386,0.2243574051407589,0.3865273190014621,1.640439703254454,100.0,100.0,OK,PRESENT,20241231.0,20250207.0,0000100885-25-000042,24250000000.0,RevenueFromContractWithCustomerExcludingAssessedTax,20241231.0,9713000000.0,OperatingIncomeLoss,20241231.0,6747000000.0,NetIncomeLoss,20241231.0,9346000000.0,NetCashProvidedByUsedInOperatingActivities,20241231.0,3452000000.0,PaymentsToAcquirePropertyPlantAndEquipment,20241231.0,608600000.0,WeightedAverageNumberOfDilutedSharesOutstanding,20241231.0,16890000000.0,StockholdersEquity,20241231.0,20231231.0,20240209.0,0001437749-24-003599,24119000000.0,RevenueFromContractWithCustomerExcludingAssessedTax,20231231.0,9082000000.0,OperatingIncomeLoss,20231231.0,6379000000.0,NetIncomeLoss,20231231.0,8379000000.0,NetCashProvidedByUsedInOperatingActivities,20231231.0,3606000000.0,PaymentsToAcquirePropertyPlantAndEquipment,20231231.0,610200000.0,WeightedAverageNumberOfDilutedSharesOutstanding,20231231.0,14788000000.0,StockholdersEquity,20231231.0,20221231.0,20230210.0,0001437749-23-002959,24875000000.0,RevenueFromContractWithCustomerExcludingAssessedTax,20221231.0,9917000000.0,OperatingIncomeLoss,20221231.0,6998000000.0,NetIncomeLoss,20221231.0,9362000000.0,NetCashProvidedByUsedInOperatingActivities,20221231.0,3620000000.0,PaymentsToAcquirePropertyPlantAndEquipment,20221231.0,624000000.0,WeightedAverageNumberOfDilutedSharesOutstanding,20221231.0,12163000000.0,StockholdersEquity,20221231.0,,,,,,,,-0.0049152423014988,-0.0023921924256485,-0.0143103935737419,0.0009458391717831,0.4017135862913096,0.4005360824742268,0.3765496081927111,0.3986733668341709,0.0103444930934671,0.0251639780985984,289.15,171776930247.0,,2026-09-03T21:18:54+00:00,NASDAQ_PUBLIC_SCREENER,UNP,RETRIEVAL_TIME_ONLY,PRESENT
ADI,ADI,ANALOG DEVICES INC,-,0.266069,6281.0,3674.0,10-K,20251031.0,20251125.0,0000006281-25-000153,20260430.0,20260520.0,2025Q3;2025Q4;2026Q1;2026Q2,11019707000.0,RevenueFromContractWithCustomerExcludingAssessedTax,20251031.0,9427157000.0,20241031.0,2267342000.0,NetIncomeLoss,20251031.0,1635273000.0,20241031.0,2932496000.0,OperatingIncomeLoss,20251031.0,2032798000.0,20241031.0,4812202000.0,NetCashProvidedByUsedInOperatingActivities,20251031.0,3852529000.0,20241031.0,533552000.0,PaymentsToAcquirePropertyPlantAndEquipment,20251031.0,730463000.0,20241031.0,496709000.0,WeightedAverageNumberOfDilutedSharesOutstanding,20251031.0,498697000.0,20241031.0,47992712000.0,Assets,20251031.0,33815755000.0,StockholdersEquity,20251031.0,2499406000.0,CashAndCashEquivalentsAtCarryingValue,20251031.0,8145066000.0,LongTermDebtCurrent+LongTermDebtNoncurrent,20251031+20251031,4278650000.0,0.1689321605654812,0.3865220058057583,-0.0039863885285053,0.2661137905027783,0.2057533834611029,0.3882725738533701,0.0670498706889732,0.2408660105326644,100.0,100.0,OK,PRESENT,20241031.0,20241126.0,0000006281-24-000204,9427157000.0,RevenueFromContractWithCustomerExcludingAssessedTax,20241031.0,2032798000.0,OperatingIncomeLoss,20241031.0,1635273000.0,NetIncomeLoss,20241031.0,3852529000.0,NetCashProvidedByUsedInOperatingActivities,20241031.0,730463000.0,PaymentsToAcquirePropertyPlantAndEquipment,20241031.0,498697000.0,WeightedAverageNumberOfDilutedSharesOutstanding,20241031.0,35176317000.0,StockholdersEquity,20241031.0,20231031.0,20231121.0,0000006281-23-000203,12305539000.0,RevenueFromContractWithCustomerExcludingAssessedTax,20231031.0,3823112000.0,OperatingIncomeLoss,20231031.0,3314579000.0,NetIncomeLoss,20231031.0,4817634000.0,NetCashProvidedByUsedInOperatingActivities,20231031.0,1261463000.0,PaymentsToAcquirePropertyPlantAndEquipment,20231031.0,505959000.0,WeightedAverageNumberOfDilutedSharesOutstanding,20231031.0,35565122000.0,StockholdersEquity,20231031.0,20221031.0,20221122.0,0000006281-22-000250,12013953000.0,RevenueFromContractWithCustomerExcludingAssessedTax,20221031.0,3278700000.0,OperatingIncomeLoss,20221031.0,2748561000.0,NetIncomeLoss,20221031.0,4475402000.0,NetCashProvidedByUsedInOperatingActivities,20221031.0,699308000.0,PaymentsToAcquirePropertyPlantAndEquipment,20221031.0,523178000.0,WeightedAverageNumberOfDilutedSharesOutstanding,20221031.0,36465323000.0,StockholdersEquity,20221031.0,321560000.0,ShareBasedCompensation,20251031.0,262710000.0,ShareBasedCompensation,20241031.0,0.0291804491716522,-0.0283838918415268,-0.0365143533018533,0.0425286250673988,0.0607274383441949,0.2661137905027783,0.2156321359663364,0.3106822057936674,0.2729076765990345,0.033840449501476,0.095050069827331,356.5,172747588273.0,,2026-09-03T21:18:54+00:00,NASDAQ_PUBLIC_SCREENER,ADI,RETRIEVAL_TIME_ONLY,PRESENT
AXP,AXP,AMERICAN EXPRESS CO,-,0.265246,4962.0,6199.0,10-K,20251231.0,20260206.0,0000004962-26-000080,20260331.0,20260423.0,2025Q3;2025Q4;2026Q1;2026Q2,,,,,,10833000000.0,NetIncomeLoss,20251231.0,10129000000.0,20241231.0,,,,,,18428000000.0,NetCashProvidedByUsedInOperatingActivities,20251231.0,14050000000.0,20241231.0,2425000000.0,PaymentsToAcquirePropertyPlantAndEquipment,20251231.0,1911000000.0,20241231.0,696000000.0,WeightedAverageNumberOfDilutedSharesOutstanding,20251231.0,713000000.0,20241231.0,300052000000.0,Assets,20251231.0,33474000000.0,StockholdersEquity,20251231.0,47792000000.0,CashCashEquivalentsRestrictedCashAndRestrictedCashEquivalents,20251231.0,56387000000.0,LongTermDebt,20251231,16003000000.0,,0.0695034060618027,-0.0238429172510519,,,,0.3236243054310808,1.6845014040748043,83.3,87.5,MISSING_REVENUE,PARTIAL,20241231.0,20250207.0,0000004962-25-000016,,,,,,,10129000000.0,NetIncomeLoss,20241231.0,14050000000.0,NetCashProvidedByUsedInOperatingActivities,20241231.0,1911000000.0,PaymentsToAcquirePropertyPlantAndEquipment,20241231.0,713000000.0,WeightedAverageNumberOfDilutedSharesOutstanding,20241231.0,30264000000.0,StockholdersEquity,20241231.0,20231231.0,20240209.0,0000004962-24-000013,,,,,,,8374000000.0,NetIncomeLoss,20231231.0,18559000000.0,NetCashProvidedByUsedInOperatingActivities,20231231.0,1563000000.0,PaymentsToAcquirePropertyPlantAndEquipment,20231231.0,736000000.0,WeightedAverageNumberOfDilutedSharesOutstanding,20231231.0,28057000000.0,StockholdersEquity,20231231.0,20221231.0,20230210.0,0000004962-23-000006,,,,,,,7514000000.0,NetIncomeLoss,20221231.0,21079000000.0,NetCashProvidedByUsedInOperatingActivities,20221231.0,1855000000.0,PaymentsToAcquirePropertyPlantAndEquipment,20221231.0,752000000.0,WeightedAverageNumberOfDilutedSharesOutstanding,20221231.0,24711000000.0,StockholdersEquity,20221231.0,551000000.0,ShareBasedCompensation,20251231.0,504000000.0,ShareBasedCompensation,20241231.0,,,,-0.0592969564410076,-0.0347153142897185,,,,,,,329.82,222730689120.0,,2026-09-03T21:18:54+00:00,NASDAQ_PUBLIC_SCREENER,AXP,RETRIEVAL_TIME_ONLY,PRESENT
