ticker,name,module,bqs_r10,bqs_r10c,bqs_coverage_r10c,metric_coverage_r10c,bqs_confidence_r10c,ios_r10,ios_rank_r10,ios_r10c,ios_rank_r10c,ios_variant_r10c,ios_gate_r10c,growth_used_r10c,expected_return_r10c,margin_of_safety_r10c
2602335D,CONTRA HOLOGIC INCORPO,UNKNOWN,,,0.0,0.0,PROVISIONAL,,,,,IOS_GENERAL,BQS<60,,,
A,AGILENT TECHNOLOGIES INC,GENERAL,75.8,75.8,100.0,70.4,PROVISIONAL,11.4,124,11.4,171,IOS_GENERAL,,0.0048,0.0268,-0.705
AAPL,APPLE INC,SEMICONDUCTOR,74.6,74.6,90.0,67.3,PROVISIONAL,11.2,129,11.2,176,IOS_GENERAL,,0.0,0.0175,-0.799
ABBV,ABBVIE INC,GENERAL,62.8,62.8,100.0,77.6,PROVISIONAL,9.4,152,9.4,208,IOS_GENERAL,,0.0,0.036,-0.609
ABNB,AIRBNB INC CLASS A,GENERAL,86.2,86.2,90.0,48.0,PROVISIONAL,,,,,IOS_GENERAL,capex MISSING/CONFLICTING,,,
ABT,ABBOTT LABORATORIES,GENERAL,69.6,69.6,100.0,70.4,PROVISIONAL,10.4,144,10.4,196,IOS_GENERAL,,0.0,0.0376,-0.539
ACGL,ARCH CAPITAL GROUP LTD,INSURANCE,92.3,92.3,90.0,59.2,PROVISIONAL,,,,,IOS_INSURANCE,book value / ROE / crescita sostenibile MISSING,,,
ACN,ACCENTURE PLC CL A,SOFTWARE,74.3,74.3,100.0,70.4,PROVISIONAL,49.1,51,49.1,62,IOS_GENERAL,,0.0419,0.1136,0.128
ADBE,ADOBE INC,SOFTWARE,89.7,89.7,100.0,70.4,PROVISIONAL,95.2,2,95.2,5,IOS_GENERAL,,0.1052,0.1897,0.729
ADI,ANALOG DEVICES INC,SEMICONDUCTOR,74.2,74.2,100.0,70.4,PROVISIONAL,11.1,131,11.1,178,IOS_GENERAL,,0.0,0.0212,-0.756
ADM,ARCHER DANIELS MIDLAND CO,GENERAL,48.1,48.1,65.0,44.9,PROVISIONAL,,,,,IOS_GENERAL,BQS<60,,,
ADP,AUTOMATIC DATA PROCESSING,SOFTWARE,84.6,84.6,65.0,25.5,PROVISIONAL,,,,,IOS_GENERAL,capex MISSING/CONFLICTING,,,
ADSK,AUTODESK INC,SOFTWARE,84.0,84.0,100.0,70.4,PROVISIONAL,30.7,82,30.7,109,IOS_GENERAL,,0.0634,0.0992,-0.384
AEE,AMEREN CORPORATION,UTILITY,62.6,66.5,75.0,42.9,PROVISIONAL,,,,,IOS_GENERAL,guarded growth inputs MISSING/CONFLICTING,,,
AEP,AMERICAN ELECTRIC POWER,UTILITY,68.2,72.4,100.0,64.3,PROVISIONAL,,,,,IOS_GENERAL,guarded growth inputs MISSING/CONFLICTING,,,
AES,AES CORP,UTILITY,64.5,66.0,75.0,34.7,PROVISIONAL,,,,,IOS_GENERAL,guarded growth inputs MISSING/CONFLICTING,,,
AFL,AFLAC INC,INSURANCE,59.9,59.9,90.0,40.8,PROVISIONAL,,,,,IOS_INSURANCE,BQS<60,,,
AIG,AMERICAN INTERNATIONAL GROUP,INSURANCE,35.0,35.0,90.0,40.8,PROVISIONAL,,,,,IOS_INSURANCE,BQS<60,,,
AIZ,ASSURANT INC,INSURANCE,76.4,76.4,90.0,59.2,PROVISIONAL,,,,,IOS_INSURANCE,combined ratio MISSING: sottoscrizione non valutabile,,,
AJG,ARTHUR J GALLAGHER + CO,INSURANCE,45.6,45.6,100.0,45.9,PROVISIONAL,,,,,IOS_INSURANCE,BQS<60,,,
AKAM,AKAMAI TECHNOLOGIES INC,SOFTWARE,68.6,73.8,75.0,44.9,PROVISIONAL,,,14.7,151,IOS_GENERAL,,0.0221,0.0545,-0.531
ALB,ALBEMARLE CORP,GENERAL,32.1,32.1,100.0,61.2,PROVISIONAL,,,,,IOS_GENERAL,BQS<60,,,
ALGN,ALIGN TECHNOLOGY INC,GENERAL,71.7,71.7,90.0,67.3,PROVISIONAL,14.5,111,14.5,152,IOS_GENERAL,,0.0261,0.0551,-0.574
ALL,ALLSTATE CORP,INSURANCE,85.7,85.7,90.0,52.0,PROVISIONAL,,,,,IOS_INSURANCE,combined ratio MISSING: sottoscrizione non valutabile,,,
ALLE,ALLEGION PLC,GENERAL,85.2,84.2,100.0,70.4,PROVISIONAL,,,45.1,74,IOS_GENERAL,,0.0752,0.1253,-0.094
AMAT,APPLIED MATERIALS INC,SEMICONDUCTOR,82.9,82.9,100.0,70.4,PROVISIONAL,13.9,113,13.9,155,IOS_GENERAL,,0.0323,0.0457,-0.823
AMCR,AMCOR PLC,GENERAL,44.7,44.7,100.0,69.4,PROVISIONAL,,,,,IOS_GENERAL,BQS<60,,,
AMD,ADVANCED MICRO DEVICES,SEMICONDUCTOR,80.2,80.2,100.0,70.4,PROVISIONAL,44.2,64,44.2,77,IOS_GENERAL,,0.1364,0.1415,-0.904
AME,AMETEK INC,GENERAL,82.1,81.8,75.0,62.2,PROVISIONAL,,,28.1,115,IOS_GENERAL,,0.0636,0.0924,-0.504
AMGN,AMGEN INC,GENERAL,62.5,62.5,100.0,77.6,PROVISIONAL,9.4,154,9.4,211,IOS_GENERAL,,0.0,0.0328,-0.624
AMP,AMERIPRISE FINANCIAL INC,ASSETMGR_EXCH,90.2,90.2,90.0,71.4,PROVISIONAL,,,94.8,7,IOS_BANK,,,0.1538,2.398
AMT,AMERICAN TOWER CORP,REIT,60.9,60.9,100.0,63.3,PROVISIONAL,,,,,IOS_REIT,AFFO MISSING: FFO e capex di manutenzione non separati,,,
AMZN,AMAZON.COM INC,GENERAL,71.7,71.7,100.0,59.2,PROVISIONAL,,,,,IOS_GENERAL,guarded growth inputs MISSING/CONFLICTING,,,
ANET,ARISTA NETWORKS INC,SEMICONDUCTOR,91.9,91.9,90.0,67.3,PROVISIONAL,52.5,42,52.5,51,IOS_GENERAL,,0.15,0.1649,-0.719
AON,AON PLC CLASS A,INSURANCE,70.2,70.2,100.0,82.7,PROVISIONAL,,,,,IOS_INSURANCE,combined ratio MISSING: sottoscrizione non valutabile,,,
AOS,SMITH (A.O.) CORP,GENERAL,69.6,69.6,65.0,44.9,PROVISIONAL,,,24.7,122,IOS_GENERAL,,0.0067,0.0745,-0.143
APA,APA CORP,RESOURCES,69.7,69.7,45.0,11.2,PROVISIONAL,,,,,IOS_GENERAL,capex MISSING/CONFLICTING,,,
APD,AIR PRODUCTS + CHEMICALS INC,GENERAL,34.8,34.8,95.0,39.8,PROVISIONAL,,,,,IOS_GENERAL,BQS<60,,,
APH,AMPHENOL CORP CL A,GENERAL,88.2,88.2,100.0,70.4,PROVISIONAL,21.3,94,21.3,128,IOS_GENERAL,,0.0592,0.0692,-0.646
APO,APOLLO GLOBAL MANAGEMENT INC,ASSETMGR_EXCH,86.9,86.9,90.0,60.2,PROVISIONAL,58.1,27,58.1,36,IOS_BANK,,,0.1225,0.186
APP,APPLOVIN CORP CLASS A,SOFTWARE,78.1,78.1,100.0,45.9,PROVISIONAL,,,,,IOS_GENERAL,capex MISSING/CONFLICTING,,,
APTV,APTIV PLC,INDUSTRIAL,61.4,61.4,100.0,70.4,PROVISIONAL,94.2,5,94.2,10,IOS_GENERAL,,0.0526,0.2008,1.276
ARE,ALEXANDRIA REAL ESTATE EQUIT,REIT,29.1,29.1,55.0,20.4,PROVISIONAL,,,,,IOS_REIT,BQS<60,,,
ARES,ARES MANAGEMENT CORP A,ASSETMGR_EXCH,79.0,79.0,75.0,48.0,PROVISIONAL,,,,,IOS_BANK,book value / ROE / crescita sostenibile MISSING,,,
ATO,ATMOS ENERGY CORP,UTILITY,79.3,79.3,100.0,64.3,PROVISIONAL,,,,,IOS_GENERAL,guarded growth inputs MISSING/CONFLICTING,,,
AVGO,BROADCOM INC,SEMICONDUCTOR,75.5,75.5,100.0,70.4,PROVISIONAL,11.3,126,11.3,173,IOS_GENERAL,,0.0,-0.0043,-0.868
AVY,AVERY DENNISON CORP,GENERAL,42.5,42.5,75.0,52.0,PROVISIONAL,,,,,IOS_GENERAL,BQS<60,,,
AWK,AMERICAN WATER WORKS CO INC,UTILITY,74.8,78.3,75.0,42.9,PROVISIONAL,,,,,IOS_GENERAL,guarded growth inputs MISSING/CONFLICTING,,,
AXON,AXON ENTERPRISE INC,INDUSTRIAL,42.7,42.7,100.0,61.2,PROVISIONAL,,,,,IOS_GENERAL,BQS<60,,,
AXP,AMERICAN EXPRESS CO,BANK,75.4,75.4,100.0,61.2,PROVISIONAL,80.1,12,80.1,18,IOS_BANK,,,0.1331,0.6
AZO,AUTOZONE INC,GENERAL,71.8,71.8,100.0,70.4,PROVISIONAL,10.8,139,10.8,187,IOS_GENERAL,,0.0,0.0359,-0.529
BA,BOEING CO/THE,INDUSTRIAL,48.0,48.0,100.0,56.1,PROVISIONAL,,,,,IOS_GENERAL,BQS<60,,,
BAC,BANK OF AMERICA CORP,BANK,54.3,54.3,100.0,70.4,PROVISIONAL,,,,,IOS_BANK,BQS<60,,,
BALL,BALL CORP,INDUSTRIAL,81.7,61.2,75.0,32.7,PROVISIONAL,,,,,IOS_GENERAL,guarded growth inputs MISSING/CONFLICTING,,,
BAX,BAXTER INTERNATIONAL INC,GENERAL,33.7,33.7,100.0,65.3,PROVISIONAL,,,,,IOS_GENERAL,BQS<60,,,
BBY,BEST BUY CO INC,GENERAL,81.2,78.6,75.0,37.8,PROVISIONAL,,,,,IOS_GENERAL,guarded growth inputs MISSING/CONFLICTING,,,
BDX,BECTON DICKINSON AND CO,GENERAL,59.8,59.8,95.0,43.9,PROVISIONAL,,,,,IOS_GENERAL,BQS<60,,,
BEN,FRANKLIN TEMPLETON INC,ASSETMGR_EXCH,38.2,38.2,100.0,79.6,PROVISIONAL,,,,,IOS_BANK,BQS<60,,,
BF.B,BROWN FORMAN CORP CLASS B,GENERAL,79.6,79.6,100.0,62.2,PROVISIONAL,,,,,IOS_GENERAL,market cap MISSING/CONFLICTING,,,
BG,BUNGE GLOBAL SA,GENERAL,34.1,34.1,75.0,32.7,PROVISIONAL,,,,,IOS_GENERAL,BQS<60,,,
BIIB,BIOGEN INC,GENERAL,66.9,66.9,65.0,40.8,PROVISIONAL,11.1,134,11.1,181,IOS_GENERAL,,0.0,0.0441,-0.357
BKNG,BOOKING HOLDINGS INC,GENERAL,87.8,87.8,95.0,64.3,PROVISIONAL,91.4,9,91.4,15,IOS_GENERAL,,0.15,0.2223,0.573
BKR,BAKER HUGHES CO,RESOURCES,80.6,80.6,90.0,44.9,PROVISIONAL,,,,,IOS_GENERAL,share_change MISSING/CONFLICTING,,,
BLDR,BUILDERS FIRSTSOURCE INC,GENERAL,48.0,48.0,100.0,77.6,PROVISIONAL,,,,,IOS_GENERAL,BQS<60,,,
BLK,BLACKROCK INC,ASSETMGR_EXCH,38.4,38.4,100.0,56.1,PROVISIONAL,,,,,IOS_BANK,BQS<60,,,
BMY,BRISTOL MYERS SQUIBB CO,GENERAL,59.3,59.3,65.0,36.7,PROVISIONAL,,,,,IOS_GENERAL,BQS<60,,,
BNY,BANK OF NEW YORK MELLON CORP,BANK,58.1,58.1,100.0,57.1,PROVISIONAL,,,,,IOS_BANK,BQS<60,,,
BR,BROADRIDGE FINANCIAL SOLUTIO,SOFTWARE,82.3,82.3,100.0,70.4,PROVISIONAL,45.5,61,45.5,73,IOS_GENERAL,,0.0646,0.1212,-0.02
BRK.B,BERKSHIRE HATHAWAY INC CL B,INSURANCE,42.6,42.6,75.0,43.9,PROVISIONAL,,,,,IOS_INSURANCE,BQS<60,,,
BRO,BROWN + BROWN INC,INSURANCE,48.5,48.5,100.0,58.2,PROVISIONAL,,,,,IOS_INSURANCE,BQS<60,,,
BSX,BOSTON SCIENTIFIC CORP,GENERAL,85.9,85.9,100.0,66.3,PROVISIONAL,68.0,19,68.0,26,IOS_GENERAL,,0.15,0.1962,0.13
BX,BLACKSTONE INC,ASSETMGR_EXCH,72.2,72.2,90.0,67.3,PROVISIONAL,10.8,138,10.8,186,IOS_BANK,,,0.016,-0.645
BXP,BXP INC,REIT,72.5,72.5,75.0,31.6,PROVISIONAL,,,,,IOS_REIT,AFFO MISSING: FFO e capex di manutenzione non separati,,,
C,CITIGROUP INC,BANK,37.3,37.3,100.0,67.3,PROVISIONAL,,,,,IOS_BANK,BQS<60,,,
CAH,CARDINAL HEALTH INC,GENERAL,59.3,59.3,100.0,65.3,PROVISIONAL,,,,,IOS_GENERAL,BQS<60,,,
CARR,CARRIER GLOBAL CORP,INDUSTRIAL,58.1,58.1,100.0,67.3,PROVISIONAL,,,,,IOS_GENERAL,BQS<60,,,
CASY,CASEY S GENERAL STORES INC,GENERAL,59.9,59.9,65.0,36.7,PROVISIONAL,,,,,IOS_GENERAL,BQS<60,,,
CAT,CATERPILLAR INC,INDUSTRIAL,79.1,79.3,90.0,63.3,PROVISIONAL,,,19.3,137,IOS_GENERAL,,0.0438,0.0671,-0.631
CB,CHUBB LTD,INSURANCE,80.8,80.8,75.0,35.7,PROVISIONAL,,,,,IOS_INSURANCE,combined ratio MISSING: sottoscrizione non valutabile,,,
CBOE,CBOE GLOBAL MARKETS INC,ASSETMGR_EXCH,97.2,97.2,100.0,59.2,PROVISIONAL,56.2,33,56.2,42,IOS_BANK,,,0.1116,0.188
CBRE,CBRE GROUP INC A,REIT,67.8,67.8,75.0,50.0,PROVISIONAL,,,,,IOS_REIT,AFFO MISSING: FFO e capex di manutenzione non separati,,,
CCI,CROWN CASTLE INC,REIT,19.4,19.4,100.0,63.3,PROVISIONAL,,,,,IOS_REIT,BQS<60,,,
CCL,CARNIVAL CORP LTD,GENERAL,64.6,60.1,100.0,61.2,PROVISIONAL,,,,,IOS_GENERAL,guarded growth inputs MISSING/CONFLICTING,,,
CDNS,CADENCE DESIGN SYS INC,SOFTWARE,87.8,87.8,100.0,70.4,PROVISIONAL,44.6,63,44.6,76,IOS_GENERAL,,0.1259,0.1392,-0.711
CDW,CDW CORP/DE,GENERAL,50.2,50.2,100.0,77.6,PROVISIONAL,,,,,IOS_GENERAL,BQS<60,,,
CEG,CONSTELLATION ENERGY,UTILITY,86.6,78.3,100.0,43.9,PROVISIONAL,,,,,IOS_GENERAL,guarded growth inputs MISSING/CONFLICTING,,,
CF,CF INDUSTRIES HOLDINGS INC,RESOURCES,75.7,75.7,100.0,70.4,PROVISIONAL,44.2,65,44.2,78,IOS_GENERAL,,0.0,0.0962,0.109
CFG,CITIZENS FINANCIAL GROUP,BANK,48.9,48.9,80.0,54.1,PROVISIONAL,,,,,IOS_BANK,BQS<60,,,
CHD,CHURCH + DWIGHT CO INC,GENERAL,82.8,82.8,100.0,70.4,PROVISIONAL,29.9,83,29.9,112,IOS_GENERAL,,0.0489,0.0943,-0.263
CHRW,C.H. ROBINSON WORLDWIDE INC,GENERAL,54.9,54.9,100.0,70.4,PROVISIONAL,,,,,IOS_GENERAL,BQS<60,,,
CHTR,CHARTER COMMUNICATIONS INC A,GENERAL,63.9,63.9,100.0,77.6,PROVISIONAL,94.6,3,94.6,8,IOS_GENERAL,,0.0,0.2803,2.042
CI,THE CIGNA GROUP,INSURANCE,70.2,70.2,85.0,52.0,PROVISIONAL,,,,,IOS_INSURANCE,combined ratio MISSING: sottoscrizione non valutabile,,,
CIEN,CIENA CORP,SEMICONDUCTOR,60.3,60.3,100.0,63.3,PROVISIONAL,,,,,IOS_GENERAL,guarded growth inputs MISSING/CONFLICTING,,,
CINF,CINCINNATI FINANCIAL CORP,INSURANCE,81.8,81.8,75.0,43.9,PROVISIONAL,,,,,IOS_INSURANCE,combined ratio MISSING: sottoscrizione non valutabile,,,
CL,COLGATE PALMOLIVE CO,GENERAL,81.2,80.4,100.0,70.4,PROVISIONAL,,,31.2,105,IOS_GENERAL,,0.0429,0.0937,-0.197
CLX,CLOROX COMPANY,GENERAL,60.7,60.7,65.0,44.9,PROVISIONAL,19.8,99,19.8,136,IOS_GENERAL,,0.0,0.067,-0.178
CMCSA,COMCAST CORP CLASS A,GENERAL,76.2,76.2,100.0,70.4,PROVISIONAL,,,96.4,2,IOS_GENERAL,,0.0062,0.2637,2.477
CME,CME GROUP INC,ASSETMGR_EXCH,74.2,74.2,100.0,90.8,HIGH,12.5,118,12.5,162,IOS_BANK,,,0.0456,-0.597
CMG,CHIPOTLE MEXICAN GRILL INC,GENERAL,81.8,81.8,90.0,67.3,PROVISIONAL,12.3,119,12.3,163,IOS_GENERAL,,0.0,0.0321,-0.578
CMI,CUMMINS INC,INDUSTRIAL,72.4,74.4,100.0,66.3,PROVISIONAL,,,27.6,117,IOS_GENERAL,,0.0625,0.0942,-0.455
CMS,CMS ENERGY CORP,UTILITY,66.9,61.8,100.0,57.1,PROVISIONAL,,,,,IOS_GENERAL,capex MISSING/CONFLICTING,,,
CNC,CENTENE CORP,INSURANCE,30.9,30.9,100.0,70.4,PROVISIONAL,,,,,IOS_INSURANCE,BQS<60,,,
CNP,CENTERPOINT ENERGY INC,UTILITY,61.8,61.8,100.0,58.2,PROVISIONAL,,,,,IOS_GENERAL,SBC MISSING/CONFLICTING,,,
COF,CAPITAL ONE FINANCIAL CORP,BANK,55.6,55.6,100.0,53.1,PROVISIONAL,,,,,IOS_BANK,BQS<60,,,
COHR,COHERENT CORP,SEMICONDUCTOR,57.7,57.7,75.0,39.8,PROVISIONAL,,,,,IOS_GENERAL,BQS<60,,,
COIN,COINBASE GLOBAL INC CLASS A,BANK,55.9,55.9,100.0,78.6,PROVISIONAL,,,,,IOS_BANK,BQS<60,,,
COO,COOPER COS INC/THE,GENERAL,69.4,69.4,100.0,77.6,PROVISIONAL,10.4,145,10.4,197,IOS_GENERAL,,0.0,0.0341,-0.63
COP,CONOCOPHILLIPS,RESOURCES,46.2,46.2,65.0,18.4,PROVISIONAL,,,,,IOS_GENERAL,BQS<60,,,
COR,CENCORA INC,GENERAL,64.6,64.6,90.0,67.3,PROVISIONAL,54.2,36,54.2,45,IOS_GENERAL,,0.1043,0.1557,-0.025
COST,COSTCO WHOLESALE CORP,GENERAL,66.8,66.8,100.0,70.4,PROVISIONAL,22.9,90,22.9,124,IOS_GENERAL,,0.0664,0.0837,-0.717
CPAY,CORPAY INC,SOFTWARE,86.1,86.1,100.0,70.4,PROVISIONAL,51.7,46,51.7,55,IOS_GENERAL,,0.0973,0.1434,-0.085
CPRT,COPART INC,GENERAL,74.8,80.2,75.0,40.8,PROVISIONAL,,,12.5,161,IOS_GENERAL,,0.0,0.0418,-0.413
CPT,CAMDEN PROPERTY TRUST,REIT,82.1,82.1,75.0,35.7,PROVISIONAL,,,,,IOS_REIT,AFFO MISSING: FFO e capex di manutenzione non separati,,,
CRH,CRH PLC,GENERAL,71.6,71.2,100.0,65.3,PROVISIONAL,,,29.3,113,IOS_GENERAL,,0.046,0.0945,-0.223
CRL,CHARLES RIVER LABORATORIES,GENERAL,51.4,51.4,100.0,70.4,PROVISIONAL,,,,,IOS_GENERAL,BQS<60,,,
CRM,SALESFORCE INC,SOFTWARE,85.2,85.2,100.0,70.4,PROVISIONAL,63.1,24,63.1,32,IOS_GENERAL,,0.0982,0.1539,0.109
CRWD,CROWDSTRIKE HOLDINGS INC A,SOFTWARE,36.8,36.8,75.0,21.4,PROVISIONAL,,,,,IOS_GENERAL,BQS<60,,,
CSCO,CISCO SYSTEMS INC,SEMICONDUCTOR,70.4,70.4,100.0,70.4,PROVISIONAL,13.8,114,13.8,156,IOS_GENERAL,,0.03,0.053,-0.699
CSGP,COSTAR GROUP INC,SOFTWARE,46.5,46.5,100.0,65.3,PROVISIONAL,,,,,IOS_GENERAL,BQS<60,,,
CSX,CSX CORP,GENERAL,64.7,66.2,100.0,73.5,PROVISIONAL,,,9.9,201,IOS_GENERAL,,0.0,0.019,-0.794
CTAS,CINTAS CORP,GENERAL,88.1,84.0,100.0,70.4,PROVISIONAL,,,12.6,159,IOS_GENERAL,,0.0,0.0212,-0.721
CTSH,COGNIZANT TECH SOLUTIONS A,SOFTWARE,73.7,73.7,100.0,70.4,PROVISIONAL,63.0,25,63.0,33,IOS_GENERAL,,0.028,0.1186,0.344
CTVA,CORTEVA INC,GENERAL,64.6,71.5,65.0,37.8,PROVISIONAL,,,,,IOS_GENERAL,SBC MISSING/CONFLICTING,,,
CVNA,CARVANA CO,GENERAL,36.8,36.8,75.0,45.9,PROVISIONAL,,,,,IOS_GENERAL,BQS<60,,,
CVS,CVS HEALTH CORP,GENERAL,42.7,42.7,100.0,77.6,PROVISIONAL,,,,,IOS_GENERAL,BQS<60,,,
CVX,CHEVRON CORP,RESOURCES,46.1,46.1,50.0,29.6,PROVISIONAL,,,,,IOS_GENERAL,BQS<60,,,
D,DOMINION ENERGY INC,UTILITY,68.6,64.2,100.0,60.2,PROVISIONAL,,,,,IOS_GENERAL,capex MISSING/CONFLICTING,,,
DAL,DELTA AIR LINES INC,GENERAL,71.3,67.8,100.0,51.0,PROVISIONAL,,,,,IOS_GENERAL,guarded growth inputs MISSING/CONFLICTING,,,
DASH,DOORDASH INC A,SOFTWARE,62.0,62.0,90.0,62.2,PROVISIONAL,41.5,69,41.5,83,IOS_GENERAL,,0.15,0.1417,-0.723
DD,DUPONT DE NEMOURS INC,GENERAL,42.4,42.4,35.0,23.5,PROVISIONAL,,,,,IOS_GENERAL,BQS<60,,,
DDOG,DATADOG INC CLASS A,SOFTWARE,63.8,63.8,100.0,61.2,PROVISIONAL,41.0,70,41.0,84,IOS_GENERAL,,0.15,0.1393,-0.944
DE,DEERE + CO,INDUSTRIAL,59.9,59.9,75.0,52.0,PROVISIONAL,,,,,IOS_GENERAL,BQS<60,,,
DECK,DECKERS OUTDOOR CORP,GENERAL,88.6,88.6,100.0,70.4,PROVISIONAL,56.5,31,56.5,40,IOS_GENERAL,,0.0,0.0982,0.29
DELL,DELL TECHNOLOGIES C,SEMICONDUCTOR,68.3,68.3,100.0,62.2,PROVISIONAL,,,,,IOS_GENERAL,share_change MISSING/CONFLICTING,,,
DG,DOLLAR GENERAL CORP,GENERAL,61.1,61.1,100.0,66.3,PROVISIONAL,58.1,28,58.1,37,IOS_GENERAL,,0.0413,0.1242,0.267
DGX,QUEST DIAGNOSTICS INC,GENERAL,71.7,66.8,90.0,67.3,PROVISIONAL,,,20.2,133,IOS_GENERAL,,0.026,0.0754,-0.322
DHI,DR HORTON INC,GENERAL,60.4,60.4,65.0,44.9,PROVISIONAL,33.9,78,33.9,98,IOS_GENERAL,,0.0076,0.088,0.02
DHR,DANAHER CORP,GENERAL,72.7,72.7,100.0,70.4,PROVISIONAL,10.9,136,10.9,184,IOS_GENERAL,,0.0,0.0319,-0.581
DIS,WALT DISNEY CO/THE,GENERAL,67.0,67.0,65.0,37.8,PROVISIONAL,,,,,IOS_GENERAL,guarded growth inputs MISSING/CONFLICTING,,,
DLR,DIGITAL REALTY TRUST INC,REIT,53.6,53.6,75.0,31.6,PROVISIONAL,,,,,IOS_REIT,BQS<60,,,
DLTR,DOLLAR TREE INC,GENERAL,56.6,56.6,95.0,49.0,PROVISIONAL,,,,,IOS_GENERAL,BQS<60,,,
DOC,HEALTHPEAK PROPERTIES INC,REIT,62.8,62.8,75.0,35.7,PROVISIONAL,,,,,IOS_REIT,AFFO MISSING: FFO e capex di manutenzione non separati,,,
DOV,DOVER CORP,INDUSTRIAL,67.2,67.2,95.0,49.0,PROVISIONAL,,,,,IOS_GENERAL,cassa operativa MISSING/CONFLICTING,,,
DOW,DOW INC,GENERAL,12.5,12.5,55.0,18.4,PROVISIONAL,,,,,IOS_GENERAL,BQS<60,,,
DPZ,DOMINO S PIZZA INC,GENERAL,73.2,73.2,100.0,69.4,PROVISIONAL,,,,,IOS_GENERAL,share_change MISSING/CONFLICTING,,,
DRI,DARDEN RESTAURANTS INC,GENERAL,66.0,66.0,85.0,45.9,PROVISIONAL,,,,,IOS_GENERAL,cassa operativa MISSING/CONFLICTING,,,
DTE,DTE ENERGY COMPANY,UTILITY,71.7,71.7,75.0,28.6,PROVISIONAL,,,,,IOS_GENERAL,capex MISSING/CONFLICTING,,,
DUK,DUKE ENERGY CORP,UTILITY,69.6,69.1,75.0,42.9,PROVISIONAL,,,,,IOS_GENERAL,guarded growth inputs MISSING/CONFLICTING,,,
DVA,DAVITA INC,GENERAL,70.6,70.6,100.0,77.6,PROVISIONAL,79.9,13,79.9,19,IOS_GENERAL,,0.0553,0.1555,0.457
DVN,DEVON ENERGY CORP,RESOURCES,76.3,66.0,65.0,44.9,PROVISIONAL,,,14.2,153,IOS_GENERAL,,0.0,0.0571,-0.38
DXCM,DEXCOM INC,GENERAL,92.8,92.8,100.0,70.4,PROVISIONAL,53.7,39,53.7,48,IOS_GENERAL,,0.15,0.1777,-0.397
EBAY,EBAY INC,SOFTWARE,70.2,70.2,100.0,70.4,PROVISIONAL,10.5,140,10.5,192,IOS_GENERAL,,0.0,0.017,-0.776
ECHO,ECHOSTAR CORP A,GENERAL,26.1,26.1,100.0,62.2,PROVISIONAL,,,,,IOS_GENERAL,BQS<60,,,
ECL,ECOLAB INC,GENERAL,80.7,80.7,100.0,70.4,PROVISIONAL,18.9,100,18.9,138,IOS_GENERAL,,0.0426,0.0654,-0.64
ED,CONSOLIDATED EDISON INC,UTILITY,52.4,52.4,100.0,50.0,PROVISIONAL,,,,,IOS_GENERAL,BQS<60,,,
EFX,EQUIFAX INC,GENERAL,76.0,76.0,100.0,77.6,PROVISIONAL,39.4,73,39.4,88,IOS_GENERAL,,0.0585,0.1163,-0.147
EG,EVEREST GROUP LTD,INSURANCE,66.5,66.5,90.0,42.9,PROVISIONAL,,,,,IOS_INSURANCE,combined ratio MISSING: sottoscrizione non valutabile,,,
EIX,EDISON INTERNATIONAL,UTILITY,74.1,75.5,100.0,64.3,PROVISIONAL,,,,,IOS_GENERAL,guarded growth inputs MISSING/CONFLICTING,,,
EL,ESTEE LAUDER COMPANIES CL A,GENERAL,33.1,33.1,100.0,72.4,PROVISIONAL,,,,,IOS_GENERAL,BQS<60,,,
ELV,ELEVANCE HEALTH INC,INSURANCE,54.9,54.9,100.0,58.2,PROVISIONAL,,,,,IOS_INSURANCE,BQS<60,,,
EME,EMCOR GROUP INC,INDUSTRIAL,89.4,89.4,60.0,18.4,PROVISIONAL,,,,,IOS_GENERAL,coverage<70,,,
EMR,EMERSON ELECTRIC CO,INDUSTRIAL,53.8,53.8,75.0,52.0,PROVISIONAL,,,,,IOS_GENERAL,BQS<60,,,
EOG,EOG RESOURCES INC,RESOURCES,75.9,75.9,100.0,51.0,PROVISIONAL,,,,,IOS_GENERAL,capex MISSING/CONFLICTING,,,
EQIX,EQUINIX INC,REIT,74.6,74.6,100.0,48.0,PROVISIONAL,,,,,IOS_REIT,AFFO MISSING: FFO e capex di manutenzione non separati,,,
EQT,EQT CORP,RESOURCES,65.5,65.5,100.0,70.4,PROVISIONAL,16.6,108,16.6,146,IOS_GENERAL,,0.0,-0.1096,-0.057
ERIE,ERIE INDEMNITY COMPANY CL A,INSURANCE,90.3,90.3,75.0,57.1,PROVISIONAL,,,,,IOS_INSURANCE,combined ratio MISSING: sottoscrizione non valutabile,,,
ES,EVERSOURCE ENERGY,UTILITY,63.6,69.2,100.0,64.3,PROVISIONAL,,,,,IOS_GENERAL,guarded growth inputs MISSING/CONFLICTING,,,
ESS,ESSEX PROPERTY TRUST INC,REIT,29.9,29.9,100.0,52.0,PROVISIONAL,,,,,IOS_REIT,BQS<60,,,
ETN,EATON CORP PLC,INDUSTRIAL,77.6,77.6,65.0,37.8,PROVISIONAL,,,,,IOS_GENERAL,SBC MISSING/CONFLICTING,,,
ETR,ENTERGY CORP,UTILITY,64.4,64.4,100.0,61.2,PROVISIONAL,,,,,IOS_GENERAL,SBC MISSING/CONFLICTING,,,
EVRG,EVERGY INC,UTILITY,69.0,69.0,100.0,64.3,PROVISIONAL,,,,,IOS_GENERAL,guarded growth inputs MISSING/CONFLICTING,,,
EW,EDWARDS LIFESCIENCES CORP,GENERAL,79.7,79.7,100.0,70.4,PROVISIONAL,18.4,101,18.4,139,IOS_GENERAL,,0.0408,0.0643,-0.632
EXC,EXELON CORP,UTILITY,80.0,80.0,90.0,51.0,PROVISIONAL,,,,,IOS_GENERAL,SBC MISSING/CONFLICTING,,,
EXE,EXPAND ENERGY CORP,RESOURCES,55.6,55.6,100.0,70.4,PROVISIONAL,,,,,IOS_GENERAL,BQS<60,,,
EXPD,EXPEDITORS INTL WASH INC,GENERAL,58.2,58.2,90.0,67.3,PROVISIONAL,,,,,IOS_GENERAL,BQS<60,,,
EXPE,EXPEDIA GROUP INC,GENERAL,77.8,77.8,100.0,70.4,PROVISIONAL,92.2,8,92.2,13,IOS_GENERAL,,0.0809,0.1723,0.695
EXR,EXTRA SPACE STORAGE INC,REIT,41.1,41.1,75.0,38.8,PROVISIONAL,,,,,IOS_REIT,BQS<60,,,
F,FORD MOTOR CO,INDUSTRIAL,45.6,45.6,100.0,58.2,PROVISIONAL,,,,,IOS_GENERAL,BQS<60,,,
FANG,DIAMONDBACK ENERGY INC,RESOURCES,39.0,39.0,90.0,40.8,PROVISIONAL,,,,,IOS_GENERAL,BQS<60,,,
FAST,FASTENAL CO,GENERAL,70.2,70.2,100.0,66.3,PROVISIONAL,10.5,141,10.5,193,IOS_GENERAL,,0.0,-0.9853,-0.766
FCX,FREEPORT MCMORAN INC,RESOURCES,65.5,65.5,90.0,67.3,PROVISIONAL,9.8,148,9.8,203,IOS_GENERAL,,0.0,0.0095,-0.896
FDS,FACTSET RESEARCH SYSTEMS INC,SOFTWARE,88.2,88.2,100.0,70.4,PROVISIONAL,53.4,40,53.4,49,IOS_GENERAL,,0.0798,0.1358,0.033
FDX,FEDEX CORP,GENERAL,56.8,56.8,100.0,62.2,PROVISIONAL,,,,,IOS_GENERAL,BQS<60,,,
FDXF,FEDEX FREIGHT HOLDING CO,UNKNOWN,,,0.0,0.0,PROVISIONAL,,,,,IOS_GENERAL,BQS<60,,,
FE,FIRSTENERGY CORP,UTILITY,64.1,66.7,100.0,64.3,PROVISIONAL,,,,,IOS_GENERAL,guarded growth inputs MISSING/CONFLICTING,,,
FERG,FERGUSON ENTERPRISES INC,GENERAL,48.7,48.7,75.0,42.9,PROVISIONAL,,,,,IOS_GENERAL,BQS<60,,,
FFIV,F5 INC,SEMICONDUCTOR,83.5,83.5,90.0,67.3,PROVISIONAL,21.7,92,21.7,126,IOS_GENERAL,,0.0463,0.0725,-0.634
FICO,FAIR ISAAC CORP,SOFTWARE,84.0,84.0,100.0,77.6,PROVISIONAL,51.2,48,51.2,57,IOS_GENERAL,,0.1307,0.163,-0.39
FIS,FIDELITY NATIONAL INFO SERV,SOFTWARE,33.7,33.7,95.0,43.9,PROVISIONAL,,,,,IOS_GENERAL,BQS<60,,,
FISV,FISERV INC,SOFTWARE,79.3,79.3,100.0,74.5,PROVISIONAL,96.9,1,96.9,1,IOS_GENERAL,,0.0611,0.2225,1.404
FITB,FIFTH THIRD BANCORP,BANK,57.3,57.3,100.0,61.2,PROVISIONAL,,,,,IOS_BANK,BQS<60,,,
FIX,COMFORT SYSTEMS USA INC,INDUSTRIAL,83.9,83.9,100.0,70.4,PROVISIONAL,51.6,47,51.6,56,IOS_GENERAL,,0.15,0.1676,-0.616
FLEX,FLEX LTD,SEMICONDUCTOR,61.1,61.1,100.0,70.4,PROVISIONAL,9.2,158,9.2,215,IOS_GENERAL,,0.0,0.0219,-0.762
FOX,FOX CORP CLASS B,GENERAL,78.9,78.9,65.0,44.9,PROVISIONAL,,,96.1,3,IOS_GENERAL,,0.0527,0.1717,0.96
FOXA,FOX CORP CLASS A,GENERAL,78.9,78.9,65.0,44.9,PROVISIONAL,,,91.8,14,IOS_GENERAL,,0.0527,0.1586,0.745
FRT,FEDERAL REALTY INVS TRUST,REIT,42.9,42.9,100.0,48.0,PROVISIONAL,,,,,IOS_REIT,BQS<60,,,
FSLR,FIRST SOLAR INC,SEMICONDUCTOR,85.2,85.2,100.0,54.1,PROVISIONAL,,,,,IOS_GENERAL,guarded growth inputs MISSING/CONFLICTING,,,
FTNT,FORTINET INC,SEMICONDUCTOR,91.9,91.9,100.0,70.4,PROVISIONAL,52.5,43,52.5,52,IOS_GENERAL,,0.15,0.1648,-0.719
FTV,FORTIVE CORP,GENERAL,67.0,67.0,100.0,70.4,PROVISIONAL,12.7,116,12.7,158,IOS_GENERAL,,0.0,0.0507,-0.378
GD,GENERAL DYNAMICS CORP,GENERAL,71.3,68.6,90.0,67.3,PROVISIONAL,,,26.4,120,IOS_GENERAL,,0.0527,0.0932,-0.378
GDDY,GODADDY INC CLASS A,SOFTWARE,83.2,83.2,100.0,67.3,PROVISIONAL,,,,,IOS_GENERAL,guarded growth inputs MISSING/CONFLICTING,,,
GE,GENERAL ELECTRIC,INDUSTRIAL,57.5,57.5,50.0,29.6,PROVISIONAL,,,,,IOS_GENERAL,BQS<60,,,
GEHC,GE HEALTHCARE TECHNOLOGY,GENERAL,56.4,56.4,95.0,36.7,PROVISIONAL,,,,,IOS_GENERAL,BQS<60,,,
GEN,GEN DIGITAL INC,SOFTWARE,81.4,81.4,100.0,77.6,PROVISIONAL,88.8,11,88.8,17,IOS_GENERAL,,0.1442,0.2261,0.549
GEV,GE VERNOVA INC,INDUSTRIAL,49.0,49.0,75.0,35.7,PROVISIONAL,,,,,IOS_GENERAL,BQS<60,,,
GILD,GILEAD SCIENCES INC,GENERAL,73.3,73.3,100.0,70.4,PROVISIONAL,19.8,98,19.8,135,IOS_GENERAL,,0.0257,0.0714,-0.33
GIS,GENERAL MILLS INC,UNKNOWN,,,0.0,0.0,PROVISIONAL,,,,,IOS_GENERAL,BQS<60,,,
GL,GLOBE LIFE INC,INSURANCE,76.1,76.1,75.0,43.9,PROVISIONAL,,,,,IOS_INSURANCE,combined ratio MISSING: sottoscrizione non valutabile,,,
GLW,CORNING INC,GENERAL,70.0,69.6,100.0,51.0,PROVISIONAL,,,,,IOS_GENERAL,capex MISSING/CONFLICTING,,,
GM,GENERAL MOTORS CO,INDUSTRIAL,68.6,68.6,90.0,63.3,PROVISIONAL,,,95.3,4,IOS_GENERAL,,0.0527,0.2871,2.601
GNRC,GENERAC HOLDINGS INC,GENERAL,54.9,54.9,100.0,63.3,PROVISIONAL,,,,,IOS_GENERAL,BQS<60,,,
GOOG,ALPHABET INC CL C,SOFTWARE,89.3,89.7,90.0,67.3,PROVISIONAL,,,34.1,94,IOS_GENERAL,,0.0952,0.107,-0.768
GOOGL,ALPHABET INC CL A,SOFTWARE,89.3,89.7,90.0,67.3,PROVISIONAL,,,34.1,95,IOS_GENERAL,,0.0952,0.1069,-0.77
GPC,GENUINE PARTS CO,GENERAL,28.4,28.4,75.0,39.8,PROVISIONAL,,,,,IOS_GENERAL,BQS<60,,,
GPN,GLOBAL PAYMENTS INC,SOFTWARE,72.8,72.6,100.0,74.5,PROVISIONAL,,,32.6,102,IOS_GENERAL,,0.0,0.0848,-0.023
GRMN,GARMIN LTD,INDUSTRIAL,81.1,81.1,90.0,59.2,PROVISIONAL,,,,,IOS_GENERAL,share_change MISSING/CONFLICTING,,,
GS,GOLDMAN SACHS GROUP INC,ASSETMGR_EXCH,64.0,64.0,80.0,51.0,PROVISIONAL,47.2,58,47.2,70,IOS_BANK,,,0.143,-0.122
GWW,WW GRAINGER INC,GENERAL,72.7,72.7,100.0,70.4,PROVISIONAL,21.7,93,21.7,127,IOS_GENERAL,,0.0562,0.0774,-0.646
HAL,HALLIBURTON CO,RESOURCES,72.9,71.9,75.0,37.8,PROVISIONAL,,,,,IOS_GENERAL,SBC MISSING/CONFLICTING,,,
HAS,HASBRO INC,GENERAL,41.4,41.4,100.0,58.2,PROVISIONAL,,,,,IOS_GENERAL,BQS<60,,,
HBAN,HUNTINGTON BANCSHARES INC,BANK,33.0,33.0,100.0,57.1,PROVISIONAL,,,,,IOS_BANK,BQS<60,,,
HCA,HCA HEALTHCARE INC,GENERAL,66.9,66.9,75.0,52.0,PROVISIONAL,63.6,23,63.6,31,IOS_GENERAL,,0.0787,0.1558,0.161
HD,HOME DEPOT INC,GENERAL,54.2,54.2,100.0,77.6,PROVISIONAL,,,,,IOS_GENERAL,BQS<60,,,
HIG,HARTFORD INSURANCE GROUP INC,INSURANCE,84.2,84.2,75.0,43.9,PROVISIONAL,,,,,IOS_INSURANCE,combined ratio MISSING: sottoscrizione non valutabile,,,
HII,HUNTINGTON INGALLS INDUSTRIE,GENERAL,63.5,63.5,100.0,66.3,PROVISIONAL,47.6,56,47.6,68,IOS_GENERAL,,0.0535,0.1231,0.073
HLT,HILTON WORLDWIDE HOLDINGS IN,GENERAL,76.9,76.5,100.0,77.6,PROVISIONAL,,,42.5,81,IOS_GENERAL,,0.1113,0.1381,-0.509
HON,HONEYWELL INTERNATIONAL INC,GENERAL,62.4,60.2,75.0,52.0,PROVISIONAL,,,31.8,104,IOS_GENERAL,,0.0182,0.0958,-0.091
HONA,HONEYWELL AEROSPACE INC,UNKNOWN,,,0.0,0.0,PROVISIONAL,,,,,IOS_GENERAL,BQS<60,,,
HOOD,ROBINHOOD MARKETS INC A,ASSETMGR_EXCH,87.6,87.6,90.0,60.2,PROVISIONAL,,,,,IOS_BANK,book value / ROE / crescita sostenibile MISSING,,,
HPE,HEWLETT PACKARD ENTERPRISE,GENERAL,46.6,46.6,100.0,72.4,PROVISIONAL,,,,,IOS_GENERAL,BQS<60,,,
HPQ,HP INC,GENERAL,54.2,54.2,100.0,70.4,PROVISIONAL,,,,,IOS_GENERAL,BQS<60,,,
HRL,HORMEL FOODS CORP,GENERAL,55.3,55.3,75.0,30.6,PROVISIONAL,,,,,IOS_GENERAL,BQS<60,,,
HSIC,HENRY SCHEIN INC,GENERAL,51.9,51.9,100.0,77.6,PROVISIONAL,,,,,IOS_GENERAL,BQS<60,,,
HST,HOST HOTELS + RESORTS INC,REIT,74.1,74.1,75.0,33.7,PROVISIONAL,,,,,IOS_REIT,AFFO MISSING: FFO e capex di manutenzione non separati,,,
HSY,HERSHEY CO/THE,GENERAL,59.2,59.2,100.0,62.2,PROVISIONAL,,,,,IOS_GENERAL,BQS<60,,,
HUBB,HUBBELL INC,SEMICONDUCTOR,82.5,81.0,90.0,60.2,PROVISIONAL,,,,,IOS_GENERAL,guarded growth inputs MISSING/CONFLICTING,,,
HUM,HUMANA INC,INSURANCE,31.3,31.3,100.0,74.5,PROVISIONAL,,,,,IOS_INSURANCE,BQS<60,,,
HWM,HOWMET AEROSPACE INC,GENERAL,88.4,89.0,90.0,63.3,PROVISIONAL,,,47.9,67,IOS_GENERAL,,0.1337,0.1486,-0.676
IBKR,INTERACTIVE BROKERS GRO CL A,ASSETMGR_EXCH,78.6,78.6,70.0,39.8,PROVISIONAL,56.8,30,56.8,39,IOS_BANK,,,-2.892,3.767
IBM,INTL BUSINESS MACHINES CORP,GENERAL,56.3,56.3,75.0,48.0,PROVISIONAL,,,,,IOS_GENERAL,BQS<60,,,
ICE,INTERCONTINENTAL EXCHANGE IN,ASSETMGR_EXCH,67.7,67.7,100.0,94.9,HIGH,33.2,79,33.2,101,IOS_BANK,,,0.1142,-0.625
IDXX,IDEXX LABORATORIES INC,GENERAL,91.7,91.7,100.0,70.4,PROVISIONAL,35.2,75,35.2,91,IOS_GENERAL,,0.0852,0.1095,-0.543
IEX,IDEX CORP,INDUSTRIAL,75.6,75.6,100.0,70.4,PROVISIONAL,17.3,105,17.3,143,IOS_GENERAL,,0.0281,0.0629,-0.483
IFF,INTL FLAVORS + FRAGRANCES,GENERAL,33.5,33.5,100.0,65.3,PROVISIONAL,,,,,IOS_GENERAL,BQS<60,,,
INCY,INCYTE CORP,GENERAL,84.0,84.0,100.0,51.0,PROVISIONAL,,,,,IOS_GENERAL,capex MISSING/CONFLICTING,,,
INTC,INTEL CORP,SEMICONDUCTOR,34.4,34.4,100.0,61.2,PROVISIONAL,,,,,IOS_GENERAL,BQS<60,,,
INTU,INTUIT INC,SOFTWARE,88.1,88.1,100.0,70.4,PROVISIONAL,71.0,18,71.0,24,IOS_GENERAL,,0.1395,0.1937,0.179
INVH,INVITATION HOMES INC,REIT,83.2,83.2,75.0,35.7,PROVISIONAL,,,,,IOS_REIT,AFFO MISSING: FFO e capex di manutenzione non separati,,,
IP,INTERNATIONAL PAPER CO,GENERAL,19.6,19.6,60.0,25.5,PROVISIONAL,,,,,IOS_GENERAL,BQS<60,,,
IQV,IQVIA HOLDINGS INC,GENERAL,67.3,67.3,100.0,77.6,PROVISIONAL,22.8,91,22.8,125,IOS_GENERAL,,0.0421,0.0831,-0.47
IR,INGERSOLL RAND INC,INDUSTRIAL,76.2,75.2,100.0,63.3,PROVISIONAL,,,,,IOS_GENERAL,guarded growth inputs MISSING/CONFLICTING,,,
IRM,IRON MOUNTAIN INC,REIT,52.5,52.5,100.0,52.0,PROVISIONAL,,,,,IOS_REIT,BQS<60,,,
ISRG,INTUITIVE SURGICAL INC,GENERAL,90.2,90.2,90.0,67.3,PROVISIONAL,51.9,45,51.9,54,IOS_GENERAL,,0.15,0.1602,-0.737
IT,GARTNER INC,GENERAL,73.7,73.7,100.0,51.0,PROVISIONAL,,,,,IOS_GENERAL,capex MISSING/CONFLICTING,,,
ITW,ILLINOIS TOOL WORKS,INDUSTRIAL,79.5,78.6,100.0,70.4,PROVISIONAL,,,11.8,168,IOS_GENERAL,,0.0023,0.0362,-0.55
IVZ,INVESCO LTD,ASSETMGR_EXCH,28.6,28.6,100.0,81.6,PROVISIONAL,,,,,IOS_BANK,BQS<60,,,
J,JACOBS SOLUTIONS INC,GENERAL,77.1,77.1,75.0,22.4,PROVISIONAL,,,,,IOS_GENERAL,coverage<70,,,
JBHT,HUNT (JB) TRANSPRT SVCS INC,GENERAL,84.8,80.1,75.0,44.9,PROVISIONAL,,,12.0,165,IOS_GENERAL,,0.0,0.0397,-0.478
JBL,JABIL INC,SEMICONDUCTOR,60.6,60.6,100.0,66.3,PROVISIONAL,,,9.1,217,IOS_GENERAL,,0.0,0.0329,-0.643
JCI,JOHNSON CONTROLS INTERNATION,INDUSTRIAL,42.9,42.9,35.0,18.4,PROVISIONAL,,,,,IOS_GENERAL,BQS<60,,,
JKHY,JACK HENRY + ASSOCIATES INC,SOFTWARE,79.5,79.5,90.0,67.3,PROVISIONAL,44.8,62,44.8,75,IOS_GENERAL,,0.0693,0.1228,-0.049
JNJ,JOHNSON + JOHNSON,GENERAL,62.1,62.1,65.0,44.9,PROVISIONAL,9.3,155,9.3,212,IOS_GENERAL,,0.0,0.0283,-0.653
JPM,JPMORGAN CHASE + CO,BANK,74.6,74.6,80.0,50.0,PROVISIONAL,66.9,21,66.9,28,IOS_BANK,,,0.1436,0.251
KDP,KEURIG DR PEPPER INC,GENERAL,61.1,61.1,100.0,77.6,PROVISIONAL,9.2,159,9.2,216,IOS_GENERAL,,0.0,0.0326,-0.646
KEY,KEYCORP,BANK,37.4,37.4,100.0,61.2,PROVISIONAL,,,,,IOS_BANK,BQS<60,,,
KEYS,KEYSIGHT TECHNOLOGIES IN,GENERAL,67.3,65.3,75.0,62.2,PROVISIONAL,,,9.8,204,IOS_GENERAL,,0.0,0.0186,-0.772
KHC,KRAFT HEINZ CO/THE,GENERAL,48.0,48.0,75.0,24.5,PROVISIONAL,,,,,IOS_GENERAL,BQS<60,,,
KIM,KIMCO REALTY CORP,REIT,61.2,61.2,100.0,52.0,PROVISIONAL,,,,,IOS_REIT,AFFO MISSING: FFO e capex di manutenzione non separati,,,
KKR,KKR + CO INC,ASSETMGR_EXCH,42.0,42.0,90.0,55.1,PROVISIONAL,,,,,IOS_BANK,BQS<60,,,
KLAC,KLA CORP,SEMICONDUCTOR,80.1,80.1,65.0,44.9,PROVISIONAL,34.0,77,34.0,96,IOS_GENERAL,,0.0969,0.1111,-0.755
KMB,KIMBERLY CLARK CORP,GENERAL,65.6,63.4,100.0,70.4,PROVISIONAL,,,11.0,182,IOS_GENERAL,,0.0,0.0461,-0.434
KMI,KINDER MORGAN INC,UTILITY,67.0,67.0,100.0,68.4,PROVISIONAL,,,,,IOS_GENERAL,SBC MISSING/CONFLICTING,,,
KO,COCA COLA CO/THE,GENERAL,61.6,61.6,100.0,77.6,PROVISIONAL,9.2,156,9.2,213,IOS_GENERAL,,0.0,0.0132,-0.856
KR,KROGER CO,GENERAL,54.4,54.4,100.0,70.4,PROVISIONAL,,,,,IOS_GENERAL,BQS<60,,,
KVUE,KENVUE INC,GENERAL,63.6,63.6,100.0,51.0,PROVISIONAL,,,,,IOS_GENERAL,guarded growth inputs MISSING/CONFLICTING,,,
L,LOEWS CORP,INSURANCE,45.4,45.4,90.0,52.0,PROVISIONAL,,,,,IOS_INSURANCE,BQS<60,,,
LDOS,LEIDOS HOLDINGS INC,SOFTWARE,76.8,76.8,100.0,62.2,PROVISIONAL,,,,,IOS_GENERAL,share_change MISSING/CONFLICTING,,,
LEN,LENNAR CORP A,GENERAL,22.7,22.7,75.0,36.7,PROVISIONAL,,,,,IOS_GENERAL,BQS<60,,,
LH,LABCORP HOLDINGS INC,GENERAL,59.3,59.3,100.0,69.4,PROVISIONAL,,,,,IOS_GENERAL,BQS<60,,,
LHX,L3HARRIS TECHNOLOGIES INC,INDUSTRIAL,70.6,70.6,100.0,61.2,PROVISIONAL,,,,,IOS_GENERAL,share_change MISSING/CONFLICTING,,,
LII,LENNOX INTERNATIONAL INC,INDUSTRIAL,81.2,81.2,100.0,70.4,PROVISIONAL,24.3,89,24.3,123,IOS_GENERAL,,0.0326,0.08,-0.283
LIN,LINDE PLC,GENERAL,79.5,79.5,100.0,70.4,PROVISIONAL,11.9,121,11.9,167,IOS_GENERAL,,0.0,0.0227,-0.701
LITE,LUMENTUM HOLDINGS INC,GENERAL,54.5,54.5,55.0,25.5,PROVISIONAL,,,,,IOS_GENERAL,BQS<60,,,
LLY,ELI LILLY + CO,GENERAL,77.4,77.4,65.0,25.5,PROVISIONAL,,,,,IOS_GENERAL,capex MISSING/CONFLICTING,,,
LMT,LOCKHEED MARTIN CORP,GENERAL,65.8,64.5,100.0,70.4,PROVISIONAL,,,30.4,111,IOS_GENERAL,,0.0438,0.0984,-0.193
LNT,ALLIANT ENERGY CORP,UTILITY,62.3,65.2,100.0,60.2,PROVISIONAL,,,,,IOS_GENERAL,capex MISSING/CONFLICTING,,,
LOW,LOWE S COS INC,GENERAL,54.4,54.4,100.0,66.3,PROVISIONAL,,,,,IOS_GENERAL,BQS<60,,,
LRCX,LAM RESEARCH CORP,SEMICONDUCTOR,78.0,78.0,100.0,70.4,PROVISIONAL,11.7,122,11.7,169,IOS_GENERAL,,0.0,-8.761,-0.848
LULU,LULULEMON ATHLETICA INC,GENERAL,83.8,83.8,90.0,67.3,PROVISIONAL,93.2,7,93.2,12,IOS_GENERAL,,0.1103,0.1899,0.664
LUV,SOUTHWEST AIRLINES CO,GENERAL,48.6,48.6,85.0,51.0,PROVISIONAL,,,,,IOS_GENERAL,BQS<60,,,
LVS,LAS VEGAS SANDS CORP,GENERAL,70.7,70.7,100.0,65.3,PROVISIONAL,,,,,IOS_GENERAL,guarded growth inputs MISSING/CONFLICTING,,,
LYB,LYONDELLBASELL INDU CL A,GENERAL,42.1,42.1,100.0,64.3,PROVISIONAL,,,,,IOS_GENERAL,BQS<60,,,
LYV,LIVE NATION ENTERTAINMENT IN,GENERAL,56.0,56.0,100.0,70.4,PROVISIONAL,,,,,IOS_GENERAL,BQS<60,,,
MA,MASTERCARD INC A,SOFTWARE,93.5,93.5,100.0,70.4,PROVISIONAL,54.3,35,54.3,44,IOS_GENERAL,,0.1382,0.172,-0.266
MAA,MID AMERICA APARTMENT COMM,REIT,66.6,66.6,75.0,30.6,PROVISIONAL,,,,,IOS_REIT,AFFO MISSING: FFO e capex di manutenzione non separati,,,
MAR,MARRIOTT INTERNATIONAL CL A,GENERAL,69.4,69.2,100.0,77.6,PROVISIONAL,,,30.8,108,IOS_GENERAL,,0.0802,0.1061,-0.608
MAS,MASCO CORP,INDUSTRIAL,74.0,73.8,100.0,70.4,PROVISIONAL,,,20.1,134,IOS_GENERAL,,0.0,0.0622,-0.183
MCD,MCDONALD S CORP,GENERAL,83.2,83.2,100.0,77.6,PROVISIONAL,28.2,84,28.2,114,IOS_GENERAL,,0.0506,0.0923,-0.406
MCHP,MICROCHIP TECHNOLOGY INC,SEMICONDUCTOR,39.2,39.2,100.0,77.6,PROVISIONAL,,,,,IOS_GENERAL,BQS<60,,,
MCK,MCKESSON CORP,GENERAL,69.2,69.5,100.0,66.3,PROVISIONAL,,,59.5,35,IOS_GENERAL,,0.1117,0.1651,0.043
MCO,MOODY S CORP,GENERAL,92.2,92.2,90.0,67.3,PROVISIONAL,48.9,52,48.9,63,IOS_GENERAL,,0.1217,0.1503,-0.379
MDLZ,MONDELEZ INTERNATIONAL INC A,GENERAL,60.7,58.8,100.0,77.6,PROVISIONAL,,,,,IOS_GENERAL,BQS<60,,,
MDT,MEDTRONIC PLC,GENERAL,71.1,71.1,100.0,77.6,PROVISIONAL,27.5,86,27.5,118,IOS_GENERAL,,0.0521,0.0956,-0.376
MET,METLIFE INC,INSURANCE,56.3,56.3,85.0,42.9,PROVISIONAL,,,,,IOS_INSURANCE,BQS<60,,,
META,META PLATFORMS INC CLASS A,SOFTWARE,91.5,91.5,100.0,70.4,PROVISIONAL,52.4,44,52.4,53,IOS_GENERAL,,0.15,0.1635,-0.705
MGM,MGM RESORTS INTERNATIONAL,GENERAL,63.3,63.3,100.0,70.4,PROVISIONAL,94.5,4,94.5,9,IOS_GENERAL,,0.1014,0.2415,1.63
MKC,MCCORMICK + CO NON VTG SHRS,GENERAL,64.9,65.4,100.0,77.6,PROVISIONAL,,,20.7,130,IOS_GENERAL,,0.0251,0.0777,-0.366
MLM,MARTIN MARIETTA MATERIALS,RESOURCES,74.6,74.6,100.0,70.4,PROVISIONAL,11.2,130,11.2,177,IOS_GENERAL,,0.0,0.0316,-0.636
MMM,3M CO,GENERAL,39.7,39.7,100.0,74.5,PROVISIONAL,,,,,IOS_GENERAL,BQS<60,,,
MNST,MONSTER BEVERAGE CORP,GENERAL,89.1,89.1,100.0,70.4,PROVISIONAL,34.9,76,34.9,92,IOS_GENERAL,,0.0954,0.1096,-0.719
MO,ALTRIA GROUP INC,GENERAL,75.3,75.2,100.0,63.3,PROVISIONAL,,,,,IOS_GENERAL,SBC MISSING/CONFLICTING,,,
MOS,MOSAIC CO/THE,RESOURCES,42.5,42.5,100.0,67.3,PROVISIONAL,,,,,IOS_GENERAL,BQS<60,,,
MPC,MARATHON PETROLEUM CORP,RESOURCES,47.0,47.0,100.0,70.4,PROVISIONAL,,,,,IOS_GENERAL,BQS<60,,,
MPWR,MONOLITHIC POWER SYSTEMS INC,SEMICONDUCTOR,88.8,88.8,90.0,63.3,PROVISIONAL,50.5,49,50.5,60,IOS_GENERAL,,0.15,0.1566,-0.875
MRK,MERCK + CO. INC.,GENERAL,67.8,59.7,65.0,44.9,PROVISIONAL,,,,,IOS_GENERAL,BQS<60,,,
MRNA,MODERNA INC,GENERAL,10.1,10.1,100.0,58.2,PROVISIONAL,,,,,IOS_GENERAL,BQS<60,,,
MRSH,MARSH + MCLENNAN COS,INSURANCE,82.4,82.4,100.0,67.3,PROVISIONAL,,,,,IOS_INSURANCE,combined ratio MISSING: sottoscrizione non valutabile,,,
MRVL,MARVELL TECHNOLOGY INC,SEMICONDUCTOR,64.8,64.8,100.0,70.4,PROVISIONAL,21.2,95,21.2,129,IOS_GENERAL,,0.0809,0.0795,-0.947
MS,MORGAN STANLEY,ASSETMGR_EXCH,64.2,64.2,80.0,46.9,PROVISIONAL,43.5,67,43.5,80,IOS_BANK,,,0.1341,-0.152
MSCI,MSCI INC,SOFTWARE,85.0,85.0,100.0,77.6,PROVISIONAL,48.6,53,48.6,64,IOS_GENERAL,,0.1171,0.1527,-0.335
MSFT,MICROSOFT CORP,SOFTWARE,88.3,88.3,90.0,67.3,PROVISIONAL,16.1,109,16.1,148,IOS_GENERAL,,0.0355,0.0515,-0.754
MSI,MOTOROLA SOLUTIONS INC,SEMICONDUCTOR,87.1,87.1,100.0,66.3,PROVISIONAL,36.8,74,36.8,89,IOS_GENERAL,,0.0863,0.1163,-0.506
MTB,M + T BANK CORP,BANK,63.8,63.8,80.0,50.0,PROVISIONAL,46.8,59,46.8,71,IOS_BANK,,,0.1568,-0.342
MTD,METTLER TOLEDO INTERNATIONAL,GENERAL,68.0,68.0,65.0,44.9,PROVISIONAL,10.2,146,10.2,199,IOS_GENERAL,,0.009,0.0366,-0.647
MU,MICRON TECHNOLOGY INC,SEMICONDUCTOR,48.2,48.2,100.0,70.4,PROVISIONAL,,,,,IOS_GENERAL,BQS<60,,,
NCLH,NORWEGIAN CRUISE LINE HOLDIN,GENERAL,81.8,86.7,75.0,32.7,PROVISIONAL,,,,,IOS_GENERAL,guarded growth inputs MISSING/CONFLICTING,,,
NDAQ,NASDAQ INC,ASSETMGR_EXCH,77.7,73.8,100.0,94.9,MEDIUM,,,33.9,97,IOS_BANK,,,0.1135,-0.393
NDSN,NORDSON CORP,INDUSTRIAL,77.3,77.3,100.0,70.4,PROVISIONAL,17.0,106,17.0,144,IOS_GENERAL,,0.0253,0.0611,-0.474
NEE,NEXTERA ENERGY INC,UTILITY,81.9,81.9,60.0,23.5,PROVISIONAL,,,,,IOS_GENERAL,coverage<70,,,
NEM,NEWMONT CORP,RESOURCES,98.5,98.5,65.0,40.8,PROVISIONAL,,,65.2,29,IOS_GENERAL,,0.15,0.2053,0.046
NFLX,NETFLIX INC,GENERAL,81.1,81.1,100.0,70.4,PROVISIONAL,12.2,120,12.2,164,IOS_GENERAL,,0.0,-8.8584,-0.598
NI,NISOURCE INC,UTILITY,73.0,73.0,100.0,64.3,PROVISIONAL,,,,,IOS_GENERAL,guarded growth inputs MISSING/CONFLICTING,,,
NKE,NIKE INC CL B,GENERAL,44.6,44.6,65.0,44.9,PROVISIONAL,,,,,IOS_GENERAL,BQS<60,,,
NOC,NORTHROP GRUMMAN CORP,INDUSTRIAL,70.7,70.7,100.0,70.4,PROVISIONAL,25.7,88,25.7,121,IOS_GENERAL,,0.0465,0.0902,-0.3
NOW,SERVICENOW INC,SOFTWARE,77.4,77.4,100.0,70.4,PROVISIONAL,11.6,123,11.6,170,IOS_GENERAL,,0.0,-4.0039,-0.763
NRG,NRG ENERGY INC,UTILITY,53.8,53.8,100.0,68.4,PROVISIONAL,,,,,IOS_GENERAL,BQS<60,,,
NSC,NORFOLK SOUTHERN CORP,GENERAL,66.6,65.8,100.0,73.5,PROVISIONAL,,,9.9,202,IOS_GENERAL,,0.0,0.0296,-0.679
NTAP,NETAPP INC,SEMICONDUCTOR,85.1,85.1,90.0,67.3,PROVISIONAL,20.2,97,20.2,132,IOS_GENERAL,,0.0287,0.0672,-0.498
NTRS,NORTHERN TRUST CORP,BANK,75.4,75.4,100.0,74.5,PROVISIONAL,46.2,60,46.2,72,IOS_BANK,,,0.1346,-0.12
NUE,NUCOR CORP,GENERAL,49.2,49.2,65.0,32.7,PROVISIONAL,,,,,IOS_GENERAL,BQS<60,,,
NVDA,NVIDIA CORP,SEMICONDUCTOR,78.0,78.0,100.0,63.3,PROVISIONAL,,,,,IOS_GENERAL,guarded growth inputs MISSING/CONFLICTING,,,
NVR,NVR INC,GENERAL,45.4,45.4,65.0,44.9,PROVISIONAL,,,,,IOS_GENERAL,BQS<60,,,
NWS,NEWS CORP CLASS B,GENERAL,8.5,8.5,20.0,11.2,PROVISIONAL,,,,,IOS_GENERAL,BQS<60,,,
NWSA,NEWS CORP CLASS A,GENERAL,8.5,8.5,20.0,11.2,PROVISIONAL,,,,,IOS_GENERAL,BQS<60,,,
NXPI,NXP SEMICONDUCTORS NV,SEMICONDUCTOR,67.1,67.1,100.0,77.6,PROVISIONAL,10.1,147,10.1,200,IOS_GENERAL,,0.0,0.033,-0.679
O,REALTY INCOME CORP,REIT,62.2,62.2,75.0,31.6,PROVISIONAL,,,,,IOS_REIT,AFFO MISSING: FFO e capex di manutenzione non separati,,,
ODFL,OLD DOMINION FREIGHT LINE,GENERAL,68.7,71.6,75.0,44.9,PROVISIONAL,,,10.7,189,IOS_GENERAL,,0.0,0.0256,-0.664
OKE,ONEOK INC,UTILITY,65.1,69.0,100.0,71.4,PROVISIONAL,,,10.3,198,IOS_GENERAL,,0.0096,-0.0164,-0.534
OMC,OMNICOM GROUP,GENERAL,54.9,54.9,100.0,62.2,PROVISIONAL,,,,,IOS_GENERAL,BQS<60,,,
ON,ON SEMICONDUCTOR,SEMICONDUCTOR,48.8,48.8,100.0,70.4,PROVISIONAL,,,,,IOS_GENERAL,BQS<60,,,
ORCL,ORACLE CORP,SOFTWARE,67.0,67.0,100.0,63.3,PROVISIONAL,,,,,IOS_GENERAL,guarded growth inputs MISSING/CONFLICTING,,,
ORLY,O REILLY AUTOMOTIVE INC,GENERAL,70.0,70.0,100.0,70.4,PROVISIONAL,10.5,143,10.5,195,IOS_GENERAL,,0.0,-13.5576,-0.705
OTIS,OTIS WORLDWIDE CORP,INDUSTRIAL,60.2,60.2,100.0,77.6,PROVISIONAL,17.5,104,17.5,142,IOS_GENERAL,,0.0179,0.0703,-0.386
OXY,OCCIDENTAL PETROLEUM CORP,RESOURCES,65.7,56.8,65.0,40.8,PROVISIONAL,,,,,IOS_GENERAL,BQS<60,,,
PANW,PALO ALTO NETWORKS INC,SEMICONDUCTOR,70.2,70.2,100.0,65.3,PROVISIONAL,10.5,142,10.5,194,IOS_GENERAL,,0.0,-0.9969,-0.922
PAYX,PAYCHEX INC,GENERAL,82.5,82.5,100.0,70.4,PROVISIONAL,32.1,80,32.1,103,IOS_GENERAL,,0.0591,0.102,-0.273
PCAR,PACCAR INC,INDUSTRIAL,60.3,62.3,65.0,40.8,PROVISIONAL,,,16.5,147,IOS_GENERAL,,0.0,0.0615,-0.241
PCG,P G + E CORP,UTILITY,62.0,67.6,100.0,64.3,PROVISIONAL,,,,,IOS_GENERAL,guarded growth inputs MISSING/CONFLICTING,,,
PEG,PUBLIC SERVICE ENTERPRISE GP,UTILITY,73.5,76.1,100.0,64.3,PROVISIONAL,,,,,IOS_GENERAL,guarded growth inputs MISSING/CONFLICTING,,,
PEP,PEPSICO INC,GENERAL,64.1,64.1,100.0,77.6,PROVISIONAL,17.9,102,17.9,140,IOS_GENERAL,,0.0283,0.0698,-0.492
PFE,PFIZER INC,GENERAL,45.7,45.7,75.0,48.0,PROVISIONAL,,,,,IOS_GENERAL,BQS<60,,,
PFG,PRINCIPAL FINANCIAL GROUP,INSURANCE,45.2,45.2,90.0,42.9,PROVISIONAL,,,,,IOS_INSURANCE,BQS<60,,,
PG,PROCTER + GAMBLE CO/THE,GENERAL,78.8,75.2,100.0,70.4,PROVISIONAL,,,15.4,150,IOS_GENERAL,,0.0167,0.0564,-0.44
PGR,PROGRESSIVE CORP,INSURANCE,87.0,87.0,90.0,52.0,PROVISIONAL,,,,,IOS_INSURANCE,combined ratio MISSING: sottoscrizione non valutabile,,,
PH,PARKER HANNIFIN CORP,INDUSTRIAL,77.1,73.5,65.0,44.9,PROVISIONAL,,,30.6,110,IOS_GENERAL,,0.0776,0.1036,-0.525
PHM,PULTEGROUP INC,GENERAL,59.8,59.8,65.0,44.9,PROVISIONAL,,,,,IOS_GENERAL,BQS<60,,,
PKG,PACKAGING CORP OF AMERICA,GENERAL,67.6,62.9,90.0,67.3,PROVISIONAL,,,12.0,166,IOS_GENERAL,,0.0197,0.0504,-0.575
PLD,PROLOGIS INC,REIT,63.2,63.2,100.0,48.0,PROVISIONAL,,,,,IOS_REIT,AFFO MISSING: FFO e capex di manutenzione non separati,,,
PLTR,PALANTIR TECHNOLOGIES INC A,SOFTWARE,69.7,69.7,90.0,62.2,PROVISIONAL,30.9,81,30.9,107,IOS_GENERAL,,0.15,0.1064,-0.938
PM,PHILIP MORRIS INTERNATIONAL,GENERAL,76.9,71.9,100.0,70.4,PROVISIONAL,,,,,IOS_GENERAL,SBC MISSING/CONFLICTING,,,
PNC,PNC FINANCIAL SERVICES GROUP,BANK,54.9,54.9,100.0,63.3,PROVISIONAL,,,,,IOS_BANK,BQS<60,,,
PNR,PENTAIR PLC,INDUSTRIAL,81.9,81.9,100.0,70.4,PROVISIONAL,39.4,72,39.4,87,IOS_GENERAL,,0.0044,0.0847,0.077
PNW,PINNACLE WEST CAPITAL,UTILITY,73.2,73.2,100.0,64.3,PROVISIONAL,,,,,IOS_GENERAL,guarded growth inputs MISSING/CONFLICTING,,,
PODD,INSULET CORP,GENERAL,82.7,82.7,100.0,63.3,PROVISIONAL,,,,,IOS_GENERAL,guarded growth inputs MISSING/CONFLICTING,,,
PPG,PPG INDUSTRIES INC,GENERAL,60.2,60.2,65.0,44.9,PROVISIONAL,,,10.7,191,IOS_GENERAL,,0.0,0.0469,-0.425
PPL,PPL CORP,UTILITY,75.7,75.7,100.0,64.3,PROVISIONAL,,,,,IOS_GENERAL,guarded growth inputs MISSING/CONFLICTING,,,
PRU,PRUDENTIAL FINANCIAL INC,INSURANCE,40.3,40.3,75.0,35.7,PROVISIONAL,,,,,IOS_INSURANCE,BQS<60,,,
PSA,PUBLIC STORAGE,REIT,72.6,72.6,75.0,35.7,PROVISIONAL,,,,,IOS_REIT,AFFO MISSING: FFO e capex di manutenzione non separati,,,
PSKY,PARAMOUNT SKYDANCE CL B,GENERAL,12.1,12.1,75.0,42.9,PROVISIONAL,,,,,IOS_GENERAL,BQS<60,,,
PSX,PHILLIPS 66,RESOURCES,58.6,58.6,75.0,25.5,PROVISIONAL,,,,,IOS_GENERAL,BQS<60,,,
PTC,PTC INC,SOFTWARE,87.3,87.3,100.0,70.4,PROVISIONAL,57.8,29,57.8,38,IOS_GENERAL,,0.1232,0.1649,-0.086
PWR,QUANTA SERVICES INC,INDUSTRIAL,67.3,67.3,100.0,70.4,PROVISIONAL,47.5,57,47.5,69,IOS_GENERAL,,0.15,0.1572,-0.689
PYPL,PAYPAL HOLDINGS INC,SOFTWARE,81.8,81.8,100.0,70.4,PROVISIONAL,93.3,6,93.3,11,IOS_GENERAL,,0.0643,0.1658,0.756
Q,QNITY ELECTRONICS INC,SEMICONDUCTOR,70.2,70.2,65.0,26.5,PROVISIONAL,,,,,IOS_GENERAL,guarded growth inputs MISSING/CONFLICTING,,,
QCOM,QUALCOMM INC,SEMICONDUCTOR,78.7,78.7,100.0,70.4,PROVISIONAL,14.1,112,14.1,154,IOS_GENERAL,,0.0006,0.0491,-0.44
RCL,ROYAL CARIBBEAN CRUISES LTD,GENERAL,74.9,74.1,100.0,65.3,PROVISIONAL,,,,,IOS_GENERAL,guarded growth inputs MISSING/CONFLICTING,,,
RDDT,REDDIT INC CL A,SOFTWARE,41.8,41.8,65.0,35.7,PROVISIONAL,,,,,IOS_GENERAL,BQS<60,,,
REG,REGENCY CENTERS CORP,REIT,71.0,71.0,75.0,26.5,PROVISIONAL,,,,,IOS_REIT,AFFO MISSING: FFO e capex di manutenzione non separati,,,
REGN,REGENERON PHARMACEUTICALS,GENERAL,75.1,75.1,100.0,70.4,PROVISIONAL,11.3,127,11.3,174,IOS_GENERAL,,0.0,0.0374,-0.509
RF,REGIONS FINANCIAL CORP,BANK,70.3,70.3,80.0,50.0,PROVISIONAL,56.3,32,56.3,41,IOS_BANK,,,0.1577,-0.015
RJF,RAYMOND JAMES FINANCIAL INC,ASSETMGR_EXCH,83.7,83.7,90.0,60.2,PROVISIONAL,90.9,10,90.9,16,IOS_BANK,,,0.1451,0.967
RL,RALPH LAUREN CORP,GENERAL,84.9,84.9,100.0,51.0,PROVISIONAL,,,,,IOS_GENERAL,capex MISSING/CONFLICTING,,,
RMD,RESMED INC,GENERAL,92.1,92.1,100.0,70.4,PROVISIONAL,65.2,22,65.2,30,IOS_GENERAL,,0.1288,0.1778,0.065
ROK,ROCKWELL AUTOMATION INC,GENERAL,73.3,73.3,65.0,44.9,PROVISIONAL,13.7,115,13.7,157,IOS_GENERAL,,0.0244,0.0508,-0.614
ROL,ROLLINS INC,GENERAL,85.9,85.9,100.0,70.4,PROVISIONAL,53.9,38,53.9,47,IOS_GENERAL,,0.1174,0.1564,-0.16
ROP,ROPER TECHNOLOGIES INC,GENERAL,84.5,84.5,100.0,58.2,PROVISIONAL,,,,,IOS_GENERAL,capex MISSING/CONFLICTING,,,
ROST,ROSS STORES INC,GENERAL,70.3,70.3,75.0,57.1,PROVISIONAL,27.1,87,27.1,119,IOS_GENERAL,,0.0676,0.0948,-0.523
RSG,REPUBLIC SERVICES INC,UTILITY,83.3,83.3,100.0,68.4,PROVISIONAL,,,,,IOS_GENERAL,SBC MISSING/CONFLICTING,,,
RTX,RTX CORP,GENERAL,64.0,66.9,100.0,70.4,PROVISIONAL,,,33.8,99,IOS_GENERAL,,0.0972,0.1164,-0.471
RVTY,REVVITY INC,GENERAL,61.9,61.9,100.0,62.2,PROVISIONAL,,,,,IOS_GENERAL,share_change MISSING/CONFLICTING,,,
SBAC,SBA COMMUNICATIONS CORP,REIT,21.2,21.2,100.0,63.3,PROVISIONAL,,,,,IOS_REIT,BQS<60,,,
SBUX,STARBUCKS CORP,GENERAL,51.1,51.1,100.0,70.4,PROVISIONAL,,,,,IOS_GENERAL,BQS<60,,,
SCHW,SCHWAB (CHARLES) CORP,ASSETMGR_EXCH,85.0,85.0,90.0,71.4,PROVISIONAL,74.6,16,74.6,22,IOS_BANK,,,0.1264,0.495
SHW,SHERWIN WILLIAMS CO/THE,GENERAL,62.3,62.3,75.0,52.0,PROVISIONAL,12.6,117,12.6,160,IOS_GENERAL,,0.021,0.0529,-0.621
SJM,JM SMUCKER CO/THE,GENERAL,30.1,30.1,75.0,26.5,PROVISIONAL,,,,,IOS_GENERAL,BQS<60,,,
SLB,SLB LTD,RESOURCES,77.0,77.0,65.0,44.9,PROVISIONAL,50.2,50,50.2,61,IOS_GENERAL,,0.0833,0.1405,-0.054
SMCI,SUPER MICRO COMPUTER INC,SEMICONDUCTOR,67.8,67.8,100.0,63.3,PROVISIONAL,,,,,IOS_GENERAL,guarded growth inputs MISSING/CONFLICTING,,,
SNA,SNAP ON INC,INDUSTRIAL,78.7,78.7,100.0,51.0,PROVISIONAL,,,,,IOS_GENERAL,capex MISSING/CONFLICTING,,,
SNDK,SANDISK CORP,SEMICONDUCTOR,19.8,19.8,75.0,45.9,PROVISIONAL,,,,,IOS_GENERAL,BQS<60,,,
SNPS,SYNOPSYS INC,SOFTWARE,50.8,50.8,100.0,77.6,PROVISIONAL,,,,,IOS_GENERAL,BQS<60,,,
SO,SOUTHERN CO/THE,UTILITY,67.8,67.8,100.0,61.2,PROVISIONAL,,,,,IOS_GENERAL,SBC MISSING/CONFLICTING,,,
SOLV,SOLVENTUM CORP,GENERAL,34.9,34.9,75.0,45.9,PROVISIONAL,,,,,IOS_GENERAL,BQS<60,,,
SPG,SIMON PROPERTY GROUP INC,REIT,56.4,56.4,85.0,48.0,PROVISIONAL,,,,,IOS_REIT,BQS<60,,,
SPGI,S+P GLOBAL INC,GENERAL,90.2,90.2,100.0,70.4,PROVISIONAL,56.0,34,56.0,43,IOS_GENERAL,,0.1111,0.1546,-0.086
SRE,SEMPRA,UTILITY,61.4,58.5,75.0,38.8,PROVISIONAL,,,,,IOS_GENERAL,BQS<60,,,
STE,STERIS PLC,GENERAL,85.6,84.3,100.0,70.4,PROVISIONAL,,,34.8,93,IOS_GENERAL,,0.0619,0.1063,-0.238
STLD,STEEL DYNAMICS INC,GENERAL,56.0,56.0,100.0,70.4,PROVISIONAL,,,,,IOS_GENERAL,BQS<60,,,
STT,STATE STREET CORP,BANK,59.3,59.3,100.0,74.5,PROVISIONAL,,,,,IOS_BANK,BQS<60,,,
STX,SEAGATE TECHNOLOGY HOLDINGS,SEMICONDUCTOR,41.5,41.5,100.0,77.6,PROVISIONAL,,,,,IOS_GENERAL,BQS<60,,,
STZ,CONSTELLATION BRANDS INC A,GENERAL,65.5,65.5,100.0,69.4,PROVISIONAL,,,,,IOS_GENERAL,share_change MISSING/CONFLICTING,,,
SW,SMURFIT WESTROCK PLC,GENERAL,,,0.0,0.0,PROVISIONAL,,,,,IOS_GENERAL,BQS<60,,,
SWK,STANLEY BLACK + DECKER INC,INDUSTRIAL,29.7,29.7,75.0,39.8,PROVISIONAL,,,,,IOS_GENERAL,BQS<60,,,
SWKS,SKYWORKS SOLUTIONS INC,SEMICONDUCTOR,69.5,69.5,100.0,70.4,PROVISIONAL,16.6,107,16.6,145,IOS_GENERAL,,0.0,0.0635,-0.311
SYF,SYNCHRONY FINANCIAL,BANK,98.5,98.5,65.0,44.9,PROVISIONAL,,,,,IOS_BANK,coverage<70,,,
SYK,STRYKER CORP,GENERAL,84.2,84.2,100.0,66.3,PROVISIONAL,48.5,54,48.5,65,IOS_GENERAL,,0.1083,0.1445,-0.201
SYY,SYSCO CORP,GENERAL,58.6,58.6,100.0,77.6,PROVISIONAL,,,,,IOS_GENERAL,BQS<60,,,
T,AT+T INC,GENERAL,62.9,65.7,100.0,54.1,PROVISIONAL,,,,,IOS_GENERAL,guarded growth inputs MISSING/CONFLICTING,,,
TAP,MOLSON COORS BEVERAGE CO B,GENERAL,45.5,45.5,100.0,72.4,PROVISIONAL,,,,,IOS_GENERAL,BQS<60,,,
TDG,TRANSDIGM GROUP INC,INDUSTRIAL,78.5,79.8,100.0,73.5,PROVISIONAL,,,51.2,58,IOS_GENERAL,,0.15,0.1703,-0.485
TDY,TELEDYNE TECHNOLOGIES INC,INDUSTRIAL,80.2,80.2,100.0,63.3,PROVISIONAL,,,,,IOS_GENERAL,SBC MISSING/CONFLICTING,,,
TECH,BIO TECHNE CORP,GENERAL,62.6,62.6,100.0,70.4,PROVISIONAL,9.4,153,9.4,210,IOS_GENERAL,,0.0,0.019,-0.767
TEL,TE CONNECTIVITY PLC,GENERAL,82.9,82.9,100.0,70.4,PROVISIONAL,20.5,96,20.5,131,IOS_GENERAL,,0.0197,0.0689,-0.296
TER,TERADYNE INC,SEMICONDUCTOR,74.2,74.2,100.0,70.4,PROVISIONAL,11.1,132,11.1,179,IOS_GENERAL,,0.0037,0.01,-0.926
TFC,TRUIST FINANCIAL CORP,BANK,52.9,52.9,80.0,50.0,PROVISIONAL,,,,,IOS_BANK,BQS<60,,,
TGT,TARGET CORP,GENERAL,61.9,61.9,100.0,63.3,PROVISIONAL,,,,,IOS_GENERAL,guarded growth inputs MISSING/CONFLICTING,,,
TJX,TJX COMPANIES INC,GENERAL,97.8,84.3,65.0,29.6,PROVISIONAL,,,,,IOS_GENERAL,guarded growth inputs MISSING/CONFLICTING,,,
TKO,TKO GROUP HOLDINGS INC,GENERAL,69.1,69.1,80.0,38.8,PROVISIONAL,,,,,IOS_GENERAL,capex MISSING/CONFLICTING,,,
TMO,THERMO FISHER SCIENTIFIC INC,GENERAL,61.5,61.5,100.0,77.6,PROVISIONAL,9.2,157,9.2,214,IOS_GENERAL,,0.0,0.0243,-0.736
TMUS,T MOBILE US INC,GENERAL,86.1,86.1,90.0,67.3,PROVISIONAL,75.9,15,75.9,21,IOS_GENERAL,,0.0353,0.1319,0.479
TPL,TEXAS PACIFIC LAND CORP,REIT,66.9,66.9,75.0,38.8,PROVISIONAL,,,,,IOS_REIT,AFFO MISSING: FFO e capex di manutenzione non separati,,,
TPR,TAPESTRY INC,GENERAL,58.8,58.8,100.0,70.4,PROVISIONAL,,,,,IOS_GENERAL,BQS<60,,,
TRGP,TARGA RESOURCES CORP,UTILITY,75.7,75.7,100.0,72.4,PROVISIONAL,11.4,125,11.4,172,IOS_GENERAL,,0.0,0.0085,-0.902
TRMB,TRIMBLE INC,GENERAL,64.4,64.4,100.0,70.4,PROVISIONAL,9.7,151,9.7,207,IOS_GENERAL,,0.0,0.0155,-0.81
TROW,T ROWE PRICE GROUP INC,ASSETMGR_EXCH,73.2,69.6,90.0,84.7,PROVISIONAL,,,94.9,6,IOS_BANK,,,0.1736,1.731
TRV,TRAVELERS COS INC/THE,INSURANCE,88.9,88.9,90.0,40.8,PROVISIONAL,,,,,IOS_INSURANCE,combined ratio MISSING: sottoscrizione non valutabile,,,
TSCO,TRACTOR SUPPLY COMPANY,GENERAL,64.5,64.5,100.0,70.4,PROVISIONAL,9.8,149,9.8,205,IOS_GENERAL,,0.0,0.0406,-0.501
TSLA,TESLA INC,INDUSTRIAL,55.4,55.4,100.0,66.3,PROVISIONAL,,,,,IOS_GENERAL,BQS<60,,,
TSN,TYSON FOODS INC CL A,GENERAL,48.9,48.9,100.0,73.5,PROVISIONAL,,,,,IOS_GENERAL,BQS<60,,,
TT,TRANE TECHNOLOGIES PLC,GENERAL,86.3,85.6,100.0,70.4,PROVISIONAL,,,40.8,85,IOS_GENERAL,,0.1006,0.129,-0.43
TTD,TRADE DESK INC/THE CLASS A,SOFTWARE,88.6,88.6,100.0,70.4,PROVISIONAL,67.1,20,67.1,27,IOS_GENERAL,,0.15,0.2009,0.107
TTWO,TAKE TWO INTERACTIVE SOFTWRE,SOFTWARE,25.6,25.6,100.0,49.0,PROVISIONAL,,,,,IOS_GENERAL,BQS<60,,,
TXN,TEXAS INSTRUMENTS INC,SEMICONDUCTOR,72.8,72.8,100.0,70.4,PROVISIONAL,10.9,135,10.9,183,IOS_GENERAL,,0.0,0.0088,-0.899
TXT,TEXTRON INC,GENERAL,40.6,40.6,50.0,29.6,PROVISIONAL,,,,,IOS_GENERAL,BQS<60,,,
TYL,TYLER TECHNOLOGIES INC,SOFTWARE,82.1,81.9,100.0,70.4,PROVISIONAL,,,33.5,100,IOS_GENERAL,,0.0802,0.1087,-0.34
UAL,UNITED AIRLINES HOLDINGS INC,GENERAL,65.1,69.2,100.0,66.3,PROVISIONAL,,,69.2,25,IOS_GENERAL,,0.0953,0.1623,0.228
UBER,UBER TECHNOLOGIES INC,SOFTWARE,79.8,79.8,100.0,65.3,PROVISIONAL,71.8,17,71.8,23,IOS_GENERAL,,0.15,0.206,0.217
UDR,UDR INC,REIT,46.0,46.0,100.0,52.0,PROVISIONAL,,,,,IOS_REIT,BQS<60,,,
UHS,UNIVERSAL HEALTH SERVICES B,GENERAL,79.2,79.2,100.0,70.4,PROVISIONAL,77.8,14,77.8,20,IOS_GENERAL,,0.0903,0.1607,0.358
ULTA,ULTA BEAUTY INC,GENERAL,68.4,68.4,100.0,70.4,PROVISIONAL,15.5,110,15.5,149,IOS_GENERAL,,0.0163,0.0607,-0.416
UNH,UNITEDHEALTH GROUP INC,INSURANCE,56.7,56.7,100.0,75.5,PROVISIONAL,,,,,IOS_INSURANCE,BQS<60,,,
UNP,UNION PACIFIC CORP,GENERAL,70.0,71.8,100.0,73.5,PROVISIONAL,,,10.8,188,IOS_GENERAL,,0.0,0.0327,-0.623
UPS,UNITED PARCEL SERVICE CL B,GENERAL,60.9,56.8,100.0,70.4,PROVISIONAL,,,,,IOS_GENERAL,BQS<60,,,
URI,UNITED RENTALS INC,GENERAL,84.6,84.6,100.0,51.0,PROVISIONAL,,,,,IOS_GENERAL,capex MISSING/CONFLICTING,,,
USB,US BANCORP,BANK,66.1,66.1,80.0,50.0,PROVISIONAL,48.4,55,48.4,66,IOS_BANK,,,0.1506,-0.181
V,VISA INC CLASS A SHARES,SOFTWARE,89.2,89.2,100.0,62.2,PROVISIONAL,,,,,IOS_GENERAL,share_change MISSING/CONFLICTING,,,
VEEV,VEEVA SYSTEMS INC CLASS A,SOFTWARE,81.0,81.0,90.0,48.0,PROVISIONAL,,,,,IOS_GENERAL,capex MISSING/CONFLICTING,,,
VICI,VICI PROPERTIES INC,REIT,57.9,57.9,75.0,31.6,PROVISIONAL,,,,,IOS_REIT,BQS<60,,,
VLO,VALERO ENERGY CORP,RESOURCES,66.2,66.2,75.0,29.6,PROVISIONAL,,,,,IOS_GENERAL,capex MISSING/CONFLICTING,,,
VLTO,VERALTO CORP,SEMICONDUCTOR,71.4,71.4,100.0,46.9,PROVISIONAL,,,,,IOS_GENERAL,guarded growth inputs MISSING/CONFLICTING,,,
VMC,VULCAN MATERIALS CO,RESOURCES,81.2,81.2,100.0,70.4,PROVISIONAL,17.7,103,17.7,141,IOS_GENERAL,,0.0277,0.0616,-0.561
VMRK,VIVMARK RESIDENTIAL,REIT,81.9,81.9,55.0,25.5,PROVISIONAL,,,,,IOS_REIT,AFFO MISSING: FFO e capex di manutenzione non separati,,,
VRSK,VERISK ANALYTICS INC,SOFTWARE,82.9,82.9,100.0,70.4,PROVISIONAL,44.0,66,44.0,79,IOS_GENERAL,,0.0716,0.1225,-0.093
VRSN,VERISIGN INC,SOFTWARE,86.4,86.4,100.0,70.4,PROVISIONAL,27.7,85,27.7,116,IOS_GENERAL,,0.0515,0.0892,-0.382
VRT,VERTIV HOLDINGS CO A,GENERAL,77.2,77.2,100.0,63.3,PROVISIONAL,,,,,IOS_GENERAL,guarded growth inputs MISSING/CONFLICTING,,,
VRTX,VERTEX PHARMACEUTICALS INC,GENERAL,64.7,64.7,100.0,70.4,PROVISIONAL,9.7,150,9.7,206,IOS_GENERAL,,0.0,0.0188,-0.765
VST,VISTRA CORP,UTILITY,66.4,66.4,100.0,63.3,PROVISIONAL,,,,,IOS_GENERAL,guarded growth inputs MISSING/CONFLICTING,,,
VTR,VENTAS INC,REIT,53.9,53.9,75.0,26.5,PROVISIONAL,,,,,IOS_REIT,BQS<60,,,
VTRS,VIATRIS INC,GENERAL,39.5,39.5,100.0,72.4,PROVISIONAL,,,,,IOS_GENERAL,BQS<60,,,
VZ,VERIZON COMMUNICATIONS INC,GENERAL,60.5,60.5,100.0,51.0,PROVISIONAL,,,,,IOS_GENERAL,capex MISSING/CONFLICTING,,,
WAB,WABTEC CORP,GENERAL,83.4,83.4,100.0,70.4,PROVISIONAL,40.8,71,40.8,86,IOS_GENERAL,,0.1012,0.13,-0.421
WAT,WATERS CORP,GENERAL,70.1,70.1,100.0,63.3,PROVISIONAL,,,,,IOS_GENERAL,guarded growth inputs MISSING/CONFLICTING,,,
WBD,WARNER BROS DISCOVERY INC,GENERAL,36.8,36.8,100.0,68.4,PROVISIONAL,,,,,IOS_GENERAL,BQS<60,,,
WDAY,WORKDAY INC CLASS A,SOFTWARE,70.1,73.5,100.0,65.3,PROVISIONAL,,,50.6,59,IOS_GENERAL,,0.15,0.1748,-0.46
WDC,WESTERN DIGITAL CORP,SEMICONDUCTOR,57.1,57.1,100.0,62.2,PROVISIONAL,,,,,IOS_GENERAL,BQS<60,,,
WEC,WEC ENERGY GROUP INC,UTILITY,57.1,57.1,100.0,57.1,PROVISIONAL,,,,,IOS_GENERAL,BQS<60,,,
WELL,WELLTOWER INC,REIT,70.4,70.4,75.0,31.6,PROVISIONAL,,,,,IOS_REIT,AFFO MISSING: FFO e capex di manutenzione non separati,,,
WFC,WELLS FARGO + CO,BANK,60.5,60.5,80.0,50.0,PROVISIONAL,54.1,37,54.1,46,IOS_BANK,,,0.1662,-0.078
WM,WASTE MANAGEMENT INC,UTILITY,83.9,80.2,100.0,68.4,PROVISIONAL,,,35.5,90,IOS_GENERAL,,0.0856,0.1155,-0.475
WMB,WILLIAMS COS INC,UTILITY,72.3,72.3,100.0,75.5,PROVISIONAL,10.8,137,10.8,185,IOS_GENERAL,,0.0,0.0088,-0.879
WMT,WALMART INC,GENERAL,60.6,62.7,100.0,66.3,PROVISIONAL,,,9.4,209,IOS_GENERAL,,0.0,0.0129,-0.842
WRB,WR BERKLEY CORP,INSURANCE,90.7,90.7,90.0,42.9,PROVISIONAL,,,,,IOS_INSURANCE,combined ratio MISSING: sottoscrizione non valutabile,,,
WSM,WILLIAMS SONOMA INC,GENERAL,74.1,74.1,100.0,70.4,PROVISIONAL,11.1,133,11.1,180,IOS_GENERAL,,0.0,0.0354,-0.535
WST,WEST PHARMACEUTICAL SERVICES,GENERAL,75.1,75.1,100.0,70.4,PROVISIONAL,11.3,128,11.3,175,IOS_GENERAL,,0.0212,0.038,-0.758
WTW,WILLIS TOWERS WATSON PLC,INSURANCE,82.6,82.6,100.0,63.3,PROVISIONAL,,,,,IOS_INSURANCE,combined ratio MISSING: sottoscrizione non valutabile,,,
WY,WEYERHAEUSER CO,REIT,39.0,39.0,100.0,52.0,PROVISIONAL,,,,,IOS_REIT,BQS<60,,,
WYNN,WYNN RESORTS LTD,GENERAL,81.8,82.7,75.0,39.8,PROVISIONAL,,,,,IOS_GENERAL,guarded growth inputs MISSING/CONFLICTING,,,
XEL,XCEL ENERGY INC,UTILITY,43.8,43.8,75.0,28.6,PROVISIONAL,,,,,IOS_GENERAL,BQS<60,,,
XOM,EXXONMOBIL HOLDINGS CORP,UNKNOWN,,,0.0,0.0,PROVISIONAL,,,,,IOS_GENERAL,BQS<60,,,
XYL,XYLEM INC,INDUSTRIAL,79.5,79.5,100.0,70.4,PROVISIONAL,52.9,41,52.9,50,IOS_GENERAL,,0.15,0.1818,-0.265
XYZ,BLOCK INC,SOFTWARE,71.5,71.5,90.0,62.2,PROVISIONAL,42.5,68,42.5,82,IOS_GENERAL,,0.1133,0.1403,-0.43
YUM,YUM BRANDS INC,GENERAL,77.2,76.0,100.0,74.5,PROVISIONAL,,,31.0,106,IOS_GENERAL,,0.0628,0.1037,-0.387
ZBH,ZIMMER BIOMET HOLDINGS INC,GENERAL,70.6,70.6,100.0,67.3,PROVISIONAL,,,,,IOS_GENERAL,guarded growth inputs MISSING/CONFLICTING,,,
ZBRA,ZEBRA TECHNOLOGIES CORP CL A,INDUSTRIAL,71.4,71.1,100.0,70.4,PROVISIONAL,,,10.7,190,IOS_GENERAL,,0.0,0.0381,-0.5
ZTS,ZOETIS INC,GENERAL,84.2,84.2,65.0,44.9,PROVISIONAL,61.2,26,61.2,34,IOS_GENERAL,,0.0542,0.1286,0.233
