ticker,adsh,total_debt_status,lb,ub,cash_present,ocf_present,flags
BRK.B,0001193125-26-083899,MISSING,-1.14357501794688,10.9306924231547,False,True,BS_CLOSURE_FAILED;CASH_MISSING;FACE_LINE_VALUE_NOT_FOUND;FSDS_FACE_ONLY;INSURER_OCF_INCLUDES_FLOAT;LEVERAGE_THRESHOLD_INDETERMINATE
LLY,0000059478-26-000013,PARTIAL,2.09569975614108,4.67929578302504,True,True,BS_CLOSURE_FAILED;FSDS_FACE_ONLY;INTEREST_MISSING_WITH_DEBT;LEVERAGE_THRESHOLD_INDETERMINATE;ROIC_DEBT_PARTIAL
JNJ,0000200406-26-000016,PARTIAL,1.15059111292295,3.99335507541786,True,True,BS_CLOSURE_FAILED;FSDS_FACE_ONLY;LEVERAGE_THRESHOLD_INDETERMINATE;ROIC_DEBT_PARTIAL
WMT,0000104169-26-000055,PARTIAL,0.981498857211596,4.19400938289426,True,True,BS_CLOSURE_FAILED;FSDS_FACE_ONLY;INTEREST_DEBT_ONLY;LEVERAGE_THRESHOLD_INDETERMINATE;ROIC_DEBT_PARTIAL
CSCO,0000858877-25-000111,PARTIAL,1.39131966462341,4.72782357500176,True,True,BS_CLOSURE_FAILED;FSDS_FACE_ONLY;LEVERAGE_THRESHOLD_INDETERMINATE;ROIC_DEBT_PARTIAL;STI_NOT_NETTED
CVX,0000093410-26-000078,CONFLICTING,0.957482542208079,3.88449865935944,False,True,BS_CLOSURE_FAILED;CASH_MISSING;DEBT_CONFLICTING_PRUDENTIAL_VALUE;FSDS_FACE_ONLY;INTEREST_DEBT_ONLY;LEVERAGE_THRESHOLD_INDETERMINATE
CAT,0000018230-26-000008,PARTIAL,-0.380441264162194,5.73191924354715,True,True,BS_CLOSURE_FAILED;FACE_LINE_VALUE_NOT_FOUND;FSDS_FACE_ONLY;INTEREST_MISSING_WITH_DEBT;LEVERAGE_THRESHOLD_INDETERMINATE;ROIC_DEBT_PARTIAL
MRK,0000310158-26-000063,PARTIAL,2.11109762020398,4.23111947547353,True,True,BS_CLOSURE_FAILED;FSDS_FACE_ONLY;INTEREST_MISSING_WITH_DEBT;LEVERAGE_THRESHOLD_INDETERMINATE;ROIC_DEBT_PARTIAL
UNH,0000731766-26-000062,PARTIAL,2.74275270345738,9.31705335837945,True,True,BS_CLOSURE_FAILED;FSDS_FACE_ONLY;INSURER_OCF_INCLUDES_FLOAT;LEVERAGE_THRESHOLD_INDETERMINATE
GE,0000040545-26-000008,PARTIAL,0.94904533208387,13.0339697786108,False,True,BS_CLOSURE_FAILED;CASH_MISSING;FSDS_FACE_ONLY;INTEREST_CASH_BASIS;LEVERAGE_THRESHOLD_INDETERMINATE;ROIC_DEBT_PARTIAL
PG,0000080424-25-000076,PARTIAL,1.4004602346074,4.09417971600157,False,True,BS_CLOSURE_FAILED;CASH_MISSING;CUSTOM_TAG_DEBT_BY_LABEL;FSDS_FACE_ONLY;LEVERAGE_THRESHOLD_INDETERMINATE;ROIC_DEBT_PARTIAL
PANW,0001327567-25-000027,MISSING,-0.610495156081808,3.62841765339074,True,True,BS_CLOSURE_FAILED;FSDS_FACE_ONLY;LEVERAGE_THRESHOLD_INDETERMINATE
RTX,0000101829-26-000006,PARTIAL,2.8641052332734,9.13277183685057,True,True,BS_CLOSURE_FAILED;FSDS_FACE_ONLY;INTEREST_CASH_BASIS;LEVERAGE_THRESHOLD_INDETERMINATE;ROIC_DEBT_PARTIAL
ORCL,0001193125-26-277521,PARTIAL,-0.753353973168215,5.87803733933765,True,True,BS_CLOSURE_FAILED;FSDS_FACE_ONLY;LEVERAGE_THRESHOLD_INDETERMINATE;ROIC_DEBT_PARTIAL
GEV,0001996810-26-000015,MISSING,-1.77421295367957,10.1704431521957,False,True,BS_CLOSURE_FAILED;CASH_MISSING;FSDS_FACE_ONLY;INTEREST_CASH_BASIS;LEVERAGE_THRESHOLD_INDETERMINATE
LIN,0001628280-26-011430,PARTIAL,1.9456038647343,4.05990338164251,True,True,BS_CLOSURE_FAILED;FSDS_FACE_ONLY;LEVERAGE_THRESHOLD_INDETERMINATE;ROIC_DEBT_PARTIAL
CRM,0001108524-26-000060,PARTIAL,0.207522005868232,3.05654841291011,True,True,BS_CLOSURE_FAILED;FSDS_FACE_ONLY;INTEREST_CASH_BASIS;LEVERAGE_THRESHOLD_INDETERMINATE;ROIC_DEBT_PARTIAL;STI_NOT_NETTED
DIS,0001744489-25-000155,PARTIAL,2.00712667808408,4.5273741782222,True,True,BS_CLOSURE_FAILED;FSDS_FACE_ONLY;INTEREST_CASH_BASIS;LEVERAGE_THRESHOLD_INDETERMINATE;ROIC_DEBT_PARTIAL
MRVL,0001835632-26-000011,PARTIAL,1.04644387317909,3.0494715795487,True,True,BS_CLOSURE_FAILED;FSDS_FACE_ONLY;LEVERAGE_THRESHOLD_INDETERMINATE;ROIC_DEBT_PARTIAL
GILD,0000882095-26-000006,PARTIAL,1.73390557939914,3.62511228665535,False,True,BS_CLOSURE_FAILED;CASH_MISSING;FSDS_FACE_ONLY;LEVERAGE_THRESHOLD_INDETERMINATE;ROIC_DEBT_PARTIAL
T,0000732717-26-000120,PARTIAL,2.9258762784232,,True,True,BS_CLOSURE_FAILED;FSDS_FACE_ONLY;LEVERAGE_THRESHOLD_INDETERMINATE;ROIC_DEBT_PARTIAL
SCHW,0000316709-26-000009,PARTIAL,-1.81699065621308,42.4809365266889,True,True,BS_CLOSURE_FAILED;FSDS_FACE_ONLY;INTEREST_CASH_BASIS;LEVERAGE_THRESHOLD_INDETERMINATE;ROIC_DEBT_PARTIAL
BLK,0001193125-26-071966,PARTIAL,0.331041507512096,24.6977336389101,True,True,BS_CLOSURE_FAILED;FSDS_FACE_ONLY;LEVERAGE_THRESHOLD_INDETERMINATE;ROIC_DEBT_PARTIAL
ETN,0001551182-26-000007,PARTIAL,2.07334525939177,4.74150268336315,True,True,BS_CLOSURE_FAILED;FSDS_FACE_ONLY;LEVERAGE_THRESHOLD_INDETERMINATE;ROIC_DEBT_PARTIAL
WDC,0000106040-25-000038,PARTIAL,1.5357776463631,3.75399172087522,True,True,BS_CLOSURE_FAILED;FSDS_FACE_ONLY;LEVERAGE_THRESHOLD_INDETERMINATE;ROIC_DEBT_PARTIAL
BMY,0000014272-26-000004,PARTIAL,2.46552698502402,4.33201469341622,True,True,BS_CLOSURE_FAILED;FSDS_FACE_ONLY;INTEREST_MISSING_WITH_DEBT;LEVERAGE_THRESHOLD_INDETERMINATE;ROIC_DEBT_PARTIAL
DHR,0000313616-26-000062,PARTIAL,2.15134039900249,4.82076059850374,False,True,BS_CLOSURE_FAILED;CASH_MISSING;FSDS_FACE_ONLY;LEVERAGE_THRESHOLD_INDETERMINATE;ROIC_DEBT_PARTIAL
SPGI,0000064040-26-000013,PARTIAL,2.00725535303486,4.12369492125288,True,True,BS_CLOSURE_FAILED;FSDS_FACE_ONLY;LEVERAGE_THRESHOLD_INDETERMINATE;ROIC_DEBT_PARTIAL
DELL,0001571996-26-000008,PARTIAL,1.78587393831024,8.2456861868574,True,True,BS_CLOSURE_FAILED;FSDS_FACE_ONLY;INTEREST_CASH_BASIS;LEVERAGE_THRESHOLD_INDETERMINATE;ROIC_DEBT_PARTIAL
PGR,0000080661-26-000086,PARTIAL,0.385912924549806,5.2764417597447,True,True,BS_CLOSURE_FAILED;FSDS_FACE_ONLY;INSURER_OCF_INCLUDES_FLOAT;INTEREST_DEBT_ONLY;LEVERAGE_THRESHOLD_INDETERMINATE;STI_NOT_NETTED
PH,0000076334-25-000035,PARTIAL,2.33527542372881,4.0614406779661,True,True,BS_CLOSURE_FAILED;FSDS_FACE_ONLY;LEVERAGE_THRESHOLD_INDETERMINATE;ROIC_DEBT_PARTIAL
CB,0000896159-26-000005,PARTIAL,1.15145131086142,15.0240324594257,False,True,BS_CLOSURE_FAILED;CASH_MISSING;FSDS_FACE_ONLY;INSURER_OCF_INCLUDES_FLOAT;LEVERAGE_THRESHOLD_INDETERMINATE
SBUX,0000829224-25-000114,PARTIAL,2.70774091627172,8.44842548709847,False,True,BS_CLOSURE_FAILED;CASH_MISSING;FSDS_FACE_ONLY;LEVERAGE_THRESHOLD_INDETERMINATE;ROIC_DEBT_PARTIAL
GLW,0000024741-26-000124,PARTIAL,2.56326530612245,6.36103896103896,True,True,BS_CLOSURE_FAILED;FSDS_FACE_ONLY;LEVERAGE_THRESHOLD_INDETERMINATE;ROIC_DEBT_PARTIAL
ADP,0000008670-25-000037,PARTIAL,1.09245500738911,8.87371702734984,True,True,BS_CLOSURE_FAILED;FSDS_FACE_ONLY;LEVERAGE_THRESHOLD_INDETERMINATE;ROIC_DEBT_PARTIAL;STI_NOT_NETTED
MO,0000764180-26-000017,PARTIAL,2.28579117330463,3.65931108719053,True,True,BS_CLOSURE_FAILED;FSDS_FACE_ONLY;INTEREST_CASH_BASIS;LEVERAGE_THRESHOLD_INDETERMINATE;ROIC_DEBT_PARTIAL
LMT,0001628280-26-004195,PARTIAL,2.05434147481594,5.72607222157298,True,True,BS_CLOSURE_FAILED;FSDS_FACE_ONLY;LEVERAGE_THRESHOLD_INDETERMINATE;ROIC_DEBT_PARTIAL
SYK,0000310764-26-000010,PARTIAL,2.34892942109437,4.24524187153053,True,True,BS_CLOSURE_FAILED;FSDS_FACE_ONLY;LEVERAGE_THRESHOLD_INDETERMINATE;ROIC_DEBT_PARTIAL
FCX,0000831259-26-000012,PARTIAL,0.990196078431373,4.20267379679144,True,True,BS_CLOSURE_FAILED;FSDS_FACE_ONLY;INTEREST_MISSING_WITH_DEBT;INTEREST_NET_ONLY;LEVERAGE_THRESHOLD_INDETERMINATE;ROIC_DEBT_PARTIAL
VLO,0001628280-26-011499,PARTIAL,1.01802265705458,5.07638173704085,True,True,BS_CLOSURE_FAILED;FSDS_FACE_ONLY;LEVERAGE_THRESHOLD_INDETERMINATE;ROIC_DEBT_PARTIAL
BX,0001193125-26-082531,MISSING,-0.564261238245902,4.97442871905988,True,True,BS_CLOSURE_FAILED;FSDS_FACE_ONLY;LEVERAGE_THRESHOLD_INDETERMINATE
MCK,0000927653-26-000069,PARTIAL,0.414459788789602,13.0820471161657,True,True,BS_CLOSURE_FAILED;FSDS_FACE_ONLY;LEVERAGE_THRESHOLD_INDETERMINATE;ROIC_DEBT_PARTIAL
VRT,0001674101-26-000008,PARTIAL,0.560412527202195,3.09523133692875,True,True,BS_CLOSURE_FAILED;FSDS_FACE_ONLY;LEVERAGE_THRESHOLD_INDETERMINATE;ROIC_DEBT_PARTIAL
TT,0001628280-26-005731,PARTIAL,0.892721865706683,3.46110502426045,True,True,BS_CLOSURE_FAILED;FSDS_FACE_ONLY;LEVERAGE_THRESHOLD_INDETERMINATE;ROIC_DEBT_PARTIAL
CMCSA,0001628280-26-004994,PARTIAL,2.65897809351128,4.94150343310644,True,True,BS_CLOSURE_FAILED;FSDS_FACE_ONLY;LEVERAGE_THRESHOLD_INDETERMINATE;ROIC_DEBT_PARTIAL
GD,0000040533-26-000006,PARTIAL,1.109375,5.721484375,True,True,BS_CLOSURE_FAILED;FSDS_FACE_ONLY;INTEREST_MISSING_WITH_DEBT;INTEREST_NET_ONLY;LEVERAGE_THRESHOLD_INDETERMINATE;ROIC_DEBT_PARTIAL
PWR,0001050915-26-000006,PARTIAL,2.49124337995578,6.93261299479365,True,True,BS_CLOSURE_FAILED;FSDS_FACE_ONLY;LEVERAGE_THRESHOLD_INDETERMINATE;ROIC_DEBT_PARTIAL
SLB,0001193125-26-021017,PARTIAL,1.03344120819849,3.78193866543381,True,True,BS_CLOSURE_FAILED;CUSTOM_TAG_DEBT_BY_LABEL;FSDS_FACE_ONLY;LEVERAGE_THRESHOLD_INDETERMINATE;ROIC_DEBT_PARTIAL;STI_NOT_NETTED
CEG,0001868275-26-000032,PARTIAL,1.24120840217135,9.14680198253481,True,True,BS_CLOSURE_FAILED;FSDS_FACE_ONLY;LEVERAGE_THRESHOLD_INDETERMINATE;ROIC_DEBT_PARTIAL
TMUS,0001283699-26-000010,PARTIAL,2.9679427549195,5.52543828264758,True,True,BS_CLOSURE_FAILED;FSDS_FACE_ONLY;INTEREST_MISSING_WITH_DEBT;INTEREST_NET_ONLY;LEVERAGE_THRESHOLD_INDETERMINATE;ROIC_DEBT_PARTIAL
HOOD,0001783879-26-000023,MISSING,-2.6013431013431,15.0946275946276,True,True,BS_CLOSURE_FAILED;FSDS_FACE_ONLY;INTEREST_CASH_BASIS;LEVERAGE_THRESHOLD_INDETERMINATE
MSI,0000068505-26-000010,PARTIAL,2.81882270003525,5.5741980965809,True,True,BS_CLOSURE_FAILED;FSDS_FACE_ONLY;LEVERAGE_THRESHOLD_INDETERMINATE;ROIC_DEBT_PARTIAL
CMI,0000026172-26-000009,PARTIAL,1.2134769400718,5.68461750897542,False,True,BS_CLOSURE_FAILED;CASH_MISSING;FSDS_FACE_ONLY;LEVERAGE_THRESHOLD_INDETERMINATE;ROIC_DEBT_PARTIAL;STI_NOT_NETTED
GM,0001467858-26-000013,MISSING,-0.779580898500019,7.33877991588194,True,True,BS_CLOSURE_FAILED;FACE_LINE_VALUE_NOT_FOUND;FSDS_FACE_ONLY;LEVERAGE_THRESHOLD_INDETERMINATE
UPS,0001628280-26-008432,PARTIAL,2.1585798816568,6.03266272189349,True,True,BS_CLOSURE_FAILED;FSDS_FACE_ONLY;LEVERAGE_THRESHOLD_INDETERMINATE;ROIC_DEBT_PARTIAL
TRV,0000086312-26-000065,PARTIAL,0.794361682066755,10.3688478219876,True,True,BS_CLOSURE_FAILED;FSDS_FACE_ONLY;INSURER_OCF_INCLUDES_FLOAT;LEVERAGE_THRESHOLD_INDETERMINATE
KKR,0001404912-26-000007,MISSING,-35.9004311788346,687.609178248493,False,True,BS_CLOSURE_FAILED;CASH_MISSING;FACE_LINE_VALUE_NOT_FOUND;FSDS_FACE_ONLY;LEVERAGE_THRESHOLD_INDETERMINATE
MCO,0001628280-26-009136,PARTIAL,1.58910720441227,3.18545329196829,True,True,BS_CLOSURE_FAILED;FSDS_FACE_ONLY;INTEREST_MISSING_WITH_DEBT;INTEREST_NET_ONLY;LEVERAGE_THRESHOLD_INDETERMINATE;ROIC_DEBT_PARTIAL
ORLY,0000898173-26-000009,PARTIAL,2.10830041929867,6.19400990516631,True,True,BS_CLOSURE_FAILED;FSDS_FACE_ONLY;INTEREST_DEBT_ONLY;LEVERAGE_THRESHOLD_INDETERMINATE;ROIC_DEBT_PARTIAL
CI,0001739940-26-000006,PARTIAL,2.47755442141444,11.2872617435684,True,True,BS_CLOSURE_FAILED;FSDS_FACE_ONLY;INSURER_OCF_INCLUDES_FLOAT;INTEREST_CASH_BASIS;LEVERAGE_THRESHOLD_INDETERMINATE
TGT,0000027419-26-000016,PARTIAL,1.67144163364828,6.60240780249924,False,True,BS_CLOSURE_FAILED;CASH_MISSING;FSDS_FACE_ONLY;LEVERAGE_THRESHOLD_INDETERMINATE;ROIC_DEBT_PARTIAL
ITW,0000049826-26-000008,PARTIAL,2.59692898272553,,True,True,BS_CLOSURE_FAILED;FSDS_FACE_ONLY;LEVERAGE_THRESHOLD_INDETERMINATE;ROIC_DEBT_PARTIAL
NOC,0001133421-26-000003,PARTIAL,2.26171957115829,6.36956064746689,True,True,BS_CLOSURE_FAILED;FSDS_FACE_ONLY;LEVERAGE_THRESHOLD_INDETERMINATE;ROIC_DEBT_PARTIAL;TOTAL_DEBT_BELOW_LEGACY
CL,0000021665-26-000006,PARTIAL,1.32991900905193,3.49618866126727,True,True,BS_CLOSURE_FAILED;FSDS_FACE_ONLY;LEVERAGE_THRESHOLD_INDETERMINATE;ROIC_DEBT_PARTIAL
FDX,0001048911-25-000011,PARTIAL,2.14283683911313,7.68206367254122,True,True,BS_CLOSURE_FAILED;FSDS_FACE_ONLY;LEVERAGE_THRESHOLD_INDETERMINATE;ROIC_DEBT_PARTIAL
BSX,0000885725-26-000010,PARTIAL,2.08888398764888,3.8542126157918,True,True,BS_CLOSURE_FAILED;FSDS_FACE_ONLY;LEVERAGE_THRESHOLD_INDETERMINATE;ROIC_DEBT_PARTIAL
ECL,0001104659-26-018357,PARTIAL,2.57064959696539,4.8247646142383,True,True,BS_CLOSURE_FAILED;FSDS_FACE_ONLY;INTEREST_CASH_BASIS;LEVERAGE_THRESHOLD_INDETERMINATE;ROIC_DEBT_PARTIAL
ALL,0000899051-26-000031,PARTIAL,0.673788328387735,8.75281899109792,True,True,BS_CLOSURE_FAILED;FSDS_FACE_ONLY;INSURER_OCF_INCLUDES_FLOAT;INTEREST_MISSING_WITH_DEBT;LEVERAGE_THRESHOLD_INDETERMINATE
PCAR,0001193125-26-057025,MISSING,,5.67783867022963,False,True,BS_CLOSURE_FAILED;CASH_MISSING;FACE_LINE_VALUE_NOT_FOUND;FSDS_FACE_ONLY;LEVERAGE_THRESHOLD_INDETERMINATE
URI,0001067701-26-000007,PARTIAL,2.65317919075145,3.93815028901734,True,True,BS_CLOSURE_FAILED;FSDS_FACE_ONLY;INTEREST_CASH_BASIS;LEVERAGE_THRESHOLD_INDETERMINATE;ROIC_DEBT_PARTIAL
DLR,0001104659-26-015365,PARTIAL,-0.88844202814435,8.75275979463845,True,True,BS_CLOSURE_FAILED;FSDS_FACE_ONLY;LEVERAGE_THRESHOLD_INDETERMINATE;REIT_BOOK_ROIC_DEPRECIATION_DISTORTED;ROIC_DEBT_PARTIAL
BKR,0001701605-26-000007,PARTIAL,0.62257217847769,5.78661417322835,False,True,BS_CLOSURE_FAILED;CASH_MISSING;FSDS_FACE_ONLY;INTEREST_CASH_BASIS;LEVERAGE_THRESHOLD_INDETERMINATE;ROIC_DEBT_PARTIAL
CRH,0001628280-26-009043,PARTIAL,2.41013333333333,5.112,True,True,BS_CLOSURE_FAILED;FSDS_FACE_ONLY;LEVERAGE_THRESHOLD_INDETERMINATE;ROIC_DEBT_PARTIAL
APO,0001858681-26-000013,PARTIAL,-0.99737786364891,57.7468948385316,False,True,BS_CLOSURE_FAILED;CASH_MISSING;FSDS_FACE_ONLY;INTEREST_CASH_BASIS;LEVERAGE_THRESHOLD_INDETERMINATE;ROIC_DEBT_PARTIAL
COR,0001140859-25-000131,PARTIAL,0.852782623505853,18.2512941534714,True,True,BS_CLOSURE_FAILED;FSDS_FACE_ONLY;INTEREST_MISSING_WITH_DEBT;INTEREST_NET_ONLY;LEVERAGE_THRESHOLD_INDETERMINATE;ROIC_DEBT_PARTIAL
NUE,0001193125-26-071575,PARTIAL,1.47526283240569,3.3147804576376,True,True,BS_CLOSURE_FAILED;FSDS_FACE_ONLY;INTEREST_MISSING_WITH_DEBT;INTEREST_NET_ONLY;LEVERAGE_THRESHOLD_INDETERMINATE;ROIC_DEBT_PARTIAL
CTVA,0001755672-26-000004,PARTIAL,-0.569876688197299,4.16324133881386,True,True,BS_CLOSURE_FAILED;FSDS_FACE_ONLY;LEVERAGE_THRESHOLD_INDETERMINATE;ROIC_DEBT_PARTIAL
CAH,0000721371-25-000079,PARTIAL,1.94117647058824,21.7058823529412,True,True,BS_CLOSURE_FAILED;FSDS_FACE_ONLY;LEVERAGE_THRESHOLD_INDETERMINATE;ROIC_DEBT_PARTIAL
F,0000037996-26-000015,MISSING,-1.09745324687529,10.7989850577953,True,True,BS_CLOSURE_FAILED;EBIT_NON_POSITIVE;FACE_LINE_VALUE_NOT_FOUND;FSDS_FACE_ONLY;LEVERAGE_THRESHOLD_INDETERMINATE
AFL,0001628280-26-011402,PARTIAL,0.846966731898239,31.5988258317025,True,True,BS_CLOSURE_FAILED;FSDS_FACE_ONLY;INSURER_OCF_INCLUDES_FLOAT;INTEREST_CASH_BASIS;LEVERAGE_THRESHOLD_INDETERMINATE
CVNA,0001690820-26-000009,PARTIAL,2.69111969111969,6.43918918918919,True,True,BS_CLOSURE_FAILED;FSDS_FACE_ONLY;LEVERAGE_THRESHOLD_INDETERMINATE;ROIC_DEBT_PARTIAL
MET,0001099219-26-000013,CONFLICTING,-0.442604727357828,40.6162532178797,True,True,BS_CLOSURE_FAILED;DEBT_CONFLICTING_PRUDENTIAL_VALUE;FSDS_FACE_ONLY;INSURER_OCF_INCLUDES_FLOAT;INTEREST_CASH_BASIS;LEVERAGE_THRESHOLD_INDETERMINATE;STI_NOT_NETTED
DAL,0000027904-26-000013,PARTIAL,1.17501798129945,6.73147926156797,True,True,BS_CLOSURE_FAILED;FSDS_FACE_ONLY;INTEREST_CASH_BASIS;LEVERAGE_THRESHOLD_INDETERMINATE;ROIC_DEBT_PARTIAL
AMP,0000820027-26-000011,MISSING,-1.34062237174096,22.1500660819416,False,True,BS_CLOSURE_FAILED;CASH_MISSING;FACE_LINE_VALUE_NOT_FOUND;FSDS_FACE_ONLY;LEVERAGE_THRESHOLD_INDETERMINATE
MRNA,0001682852-26-000033,PARTIAL,,,True,True,BS_CLOSURE_FAILED;EBIT_NON_POSITIVE;FSDS_FACE_ONLY;INTEREST_CASH_BASIS;LEVERAGE_THRESHOLD_INDETERMINATE;ROIC_DEBT_PARTIAL;STI_NOT_NETTED
AZO,0001104659-25-102611,PARTIAL,2.73565931434426,7.21700412884459,True,True,BS_CLOSURE_FAILED;FSDS_FACE_ONLY;INTEREST_CASH_BASIS;LEVERAGE_THRESHOLD_INDETERMINATE;ROIC_DEBT_PARTIAL
WAB,0001628280-26-008067,PARTIAL,2.70153496304719,6.1847640704946,False,True,BS_CLOSURE_FAILED;CASH_MISSING;FSDS_FACE_ONLY;LEVERAGE_THRESHOLD_INDETERMINATE;ROIC_DEBT_PARTIAL
ROK,0001024478-25-000116,PARTIAL,1.78497409326425,4.59650259067358,True,True,BS_CLOSURE_FAILED;FSDS_FACE_ONLY;LEVERAGE_THRESHOLD_INDETERMINATE;ROIC_DEBT_PARTIAL
PYPL,0001633917-26-000024,PARTIAL,0.302057356608479,8.08416458852868,True,True,BS_CLOSURE_FAILED;FSDS_FACE_ONLY;INTEREST_CASH_BASIS;LEVERAGE_THRESHOLD_INDETERMINATE;ROIC_DEBT_PARTIAL;STI_NOT_NETTED
NKE,0000320187-25-000047,PARTIAL,0.135749053542455,4.30016224986479,True,True,BS_CLOSURE_FAILED;FSDS_FACE_ONLY;INTEREST_CASH_BASIS;LEVERAGE_THRESHOLD_INDETERMINATE;ROIC_DEBT_PARTIAL
EBAY,0001065088-26-000027,PARTIAL,2.49055640632976,5.68044920877999,True,True,BS_CLOSURE_FAILED;FSDS_FACE_ONLY;LEVERAGE_THRESHOLD_INDETERMINATE;ROIC_DEBT_PARTIAL
AXON,0001628280-26-011360,PARTIAL,2.88434694968747,12.0967166495536,True,True,BS_CLOSURE_FAILED;EBIT_NON_POSITIVE;FSDS_FACE_ONLY;LEVERAGE_THRESHOLD_INDETERMINATE;ROIC_DEBT_PARTIAL;STI_NOT_NETTED
EXC,0001109357-26-000018,PARTIAL,0.166133674448353,13.9344419571474,True,True,BS_CLOSURE_FAILED;FACE_LINE_VALUE_NOT_FOUND;FSDS_FACE_ONLY;INTEREST_MISSING_WITH_DEBT;LEVERAGE_THRESHOLD_INDETERMINATE;ROIC_DEBT_PARTIAL
XYZ,0001628280-26-012254,PARTIAL,0.200235374929159,4.1926791109402,True,True,BS_CLOSURE_FAILED;CUSTOM_TAG_DEBT_BY_LABEL;FSDS_FACE_ONLY;INTEREST_MISSING_WITH_DEBT;INTEREST_NET_ONLY;LEVERAGE_THRESHOLD_INDETERMINATE;ROIC_DEBT_PARTIAL
OXY,0001628280-26-009059,PARTIAL,1.93961260919104,4.38511203949867,True,True,BS_CLOSURE_FAILED;FSDS_FACE_ONLY;LEVERAGE_THRESHOLD_INDETERMINATE;ROIC_DEBT_PARTIAL
FERG,0002011641-25-000027,PARTIAL,1.82285115303983,5.88207547169811,True,True,BS_CLOSURE_FAILED;FSDS_FACE_ONLY;INTEREST_CASH_BASIS;LEVERAGE_THRESHOLD_INDETERMINATE;ROIC_DEBT_PARTIAL
IBKR,0001381197-26-000062,PARTIAL,-0.312693694263487,11.2456517614319,True,True,BS_CLOSURE_FAILED;FSDS_FACE_ONLY;INTEREST_CASH_BASIS;LEVERAGE_THRESHOLD_INDETERMINATE;ROIC_DEBT_PARTIAL
CBRE,0001138118-26-000005,PARTIAL,2.0891597177678,12.4355355997434,True,True,BS_CLOSURE_FAILED;CUSTOM_TAG_DEBT_BY_LABEL;FSDS_FACE_ONLY;INTEREST_CASH_BASIS;LEVERAGE_THRESHOLD_INDETERMINATE;REIT_BOOK_ROIC_DEPRECIATION_DISTORTED;ROIC_DEBT_PARTIAL
PAYX,0000950170-25-095300,PARTIAL,1.75611552422537,5.68546477984113,True,True,BS_CLOSURE_FAILED;FSDS_FACE_ONLY;LEVERAGE_THRESHOLD_INDETERMINATE;ROIC_DEBT_PARTIAL
PRU,0001137774-26-000048,PARTIAL,-0.136501355445702,114.56657630362,True,True,BS_CLOSURE_FAILED;CUSTOM_TAG_DEBT_BY_LABEL;FSDS_FACE_ONLY;INSURER_OCF_INCLUDES_FLOAT;INTEREST_MISSING_WITH_DEBT;LEVERAGE_THRESHOLD_INDETERMINATE
AIG,0000005272-26-000023,PARTIAL,2.38895594447797,35.8533494266747,True,True,BS_CLOSURE_FAILED;FSDS_FACE_ONLY;INSURER_OCF_INCLUDES_FLOAT;LEVERAGE_THRESHOLD_INDETERMINATE
FLEX,0000866374-26-000012,PARTIAL,0.808308605341246,8.6213649851632,True,True,BS_CLOSURE_FAILED;FSDS_FACE_ONLY;LEVERAGE_THRESHOLD_INDETERMINATE;ROIC_DEBT_PARTIAL
ED,0001047862-26-000031,PARTIAL,-0.01125,10.1633333333333,True,True,BS_CLOSURE_FAILED;FSDS_FACE_ONLY;LEVERAGE_THRESHOLD_INDETERMINATE;ROIC_DEBT_PARTIAL;TOTAL_DEBT_BELOW_LEGACY
ADM,0000007084-26-000011,PARTIAL,1.3563829787234,,True,True,BS_CLOSURE_FAILED;FSDS_FACE_ONLY;LEVERAGE_THRESHOLD_INDETERMINATE;ROIC_DEBT_PARTIAL
FANG,0001539838-26-000010,PARTIAL,1.6424982872802,3.1957067823704,True,True,BS_CLOSURE_FAILED;FSDS_FACE_ONLY;INTEREST_MISSING_WITH_DEBT;INTEREST_NET_ONLY;LEVERAGE_THRESHOLD_INDETERMINATE;ROIC_DEBT_PARTIAL
TTWO,0001628280-26-037434,PARTIAL,1.55774467403492,6.93064231939773,True,True,BS_CLOSURE_FAILED;EBIT_NON_POSITIVE;FSDS_FACE_ONLY;INTEREST_CASH_BASIS;LEVERAGE_THRESHOLD_INDETERMINATE;ROIC_DEBT_PARTIAL;STI_NOT_NETTED
HIG,0000874766-26-000012,PARTIAL,0.71563660925363,11.2943262411348,True,True,BS_CLOSURE_FAILED;FSDS_FACE_ONLY;INSURER_OCF_INCLUDES_FLOAT;LEVERAGE_THRESHOLD_INDETERMINATE
NTAP,0001193125-26-259683,PARTIAL,0.201741654571843,3.54281567489115,True,True,BS_CLOSURE_FAILED;FSDS_FACE_ONLY;INTEREST_MISSING_WITH_DEBT;LEVERAGE_THRESHOLD_INDETERMINATE;ROIC_DEBT_PARTIAL;STI_NOT_NETTED
EXPE,0001324424-26-000008,PARTIAL,0.192783505154639,4.57603092783505,True,True,BS_CLOSURE_FAILED;FSDS_FACE_ONLY;LEVERAGE_THRESHOLD_INDETERMINATE;ROIC_DEBT_PARTIAL
KVUE,0001944048-26-000030,PARTIAL,2.73509330905781,6.94082840236686,True,True,BS_CLOSURE_FAILED;CUSTOM_TAG_DEBT_BY_LABEL;FSDS_FACE_ONLY;INTEREST_CASH_BASIS;LEVERAGE_THRESHOLD_INDETERMINATE;ROIC_DEBT_PARTIAL
KMB,0001628280-26-007567,PARTIAL,2.33345336694274,5.36838314728124,True,True,BS_CLOSURE_FAILED;FSDS_FACE_ONLY;LEVERAGE_THRESHOLD_INDETERMINATE;ROIC_DEBT_PARTIAL
UAL,0000100517-26-000023,PARTIAL,2.25904400426996,6.55011267939746,True,True,BS_CLOSURE_FAILED;FSDS_FACE_ONLY;LEVERAGE_THRESHOLD_INDETERMINATE;ROIC_DEBT_PARTIAL;STI_NOT_NETTED
VMC,0001628280-26-009546,PARTIAL,2.30490899062328,4.39503585217871,True,True,BS_CLOSURE_FAILED;FSDS_FACE_ONLY;LEVERAGE_THRESHOLD_INDETERMINATE;ROIC_DEBT_PARTIAL
ACGL,0000947484-26-000017,PARTIAL,0.281270252754375,8.75599481529488,True,True,BS_CLOSURE_FAILED;FSDS_FACE_ONLY;INSURER_OCF_INCLUDES_FLOAT;LEVERAGE_THRESHOLD_INDETERMINATE
EME,0000105634-26-000025,MISSING,-0.854004760138334,3.45947162310887,True,True,BS_CLOSURE_FAILED;FSDS_FACE_ONLY;LEVERAGE_THRESHOLD_INDETERMINATE
KR,0001104659-26-037723,PARTIAL,1.94665572425113,5.56462864177267,True,True,BS_CLOSURE_FAILED;CUSTOM_TAG_DEBT_BY_LABEL;FSDS_FACE_ONLY;INTEREST_CASH_BASIS;LEVERAGE_THRESHOLD_INDETERMINATE;ROIC_DEBT_PARTIAL
ZTS,0001555280-26-000011,PARTIAL,2.31749311294766,4.17906336088154,False,True,BS_CLOSURE_FAILED;CASH_MISSING;FSDS_FACE_ONLY;LEVERAGE_THRESHOLD_INDETERMINATE;ROIC_DEBT_PARTIAL
JBL,0001628280-25-045293,PARTIAL,0.580487804878049,9.2030487804878,True,True,BS_CLOSURE_FAILED;FSDS_FACE_ONLY;INTEREST_CASH_BASIS;LEVERAGE_THRESHOLD_INDETERMINATE;ROIC_DEBT_PARTIAL
BIIB,0000875045-26-000013,PARTIAL,1.48702712510206,5.07243944479724,False,True,BS_CLOSURE_FAILED;CASH_MISSING;FSDS_FACE_ONLY;INTEREST_MISSING_WITH_DEBT;LEVERAGE_THRESHOLD_INDETERMINATE;ROIC_DEBT_PARTIAL;STI_NOT_NETTED
WTW,0001193125-26-069307,PARTIAL,1.78816901408451,10.3357746478873,True,True,BS_CLOSURE_FAILED;FSDS_FACE_ONLY;INSURER_OCF_INCLUDES_FLOAT;LEVERAGE_THRESHOLD_INDETERMINATE
STLD,0001104659-26-021395,PARTIAL,2.37406297472153,4.63562151698408,True,True,BS_CLOSURE_FAILED;FSDS_FACE_ONLY;LEVERAGE_THRESHOLD_INDETERMINATE;ROIC_DEBT_PARTIAL
MLM,0001193125-26-059193,PARTIAL,2.94453781512605,4.82352941176471,True,True,BS_CLOSURE_FAILED;FSDS_FACE_ONLY;LEVERAGE_THRESHOLD_INDETERMINATE;ROIC_DEBT_PARTIAL
RJF,0000720005-25-000093,MISSING,-4.67912900575185,26.4326211996713,True,True,BS_CLOSURE_FAILED;FSDS_FACE_ONLY;INTEREST_CASH_BASIS;LEVERAGE_THRESHOLD_INDETERMINATE
HAL,0000045012-26-000015,PARTIAL,1.69241285030759,4.20334928229665,True,True,BS_CLOSURE_FAILED;FSDS_FACE_ONLY;INTEREST_CASH_BASIS;LEVERAGE_THRESHOLD_INDETERMINATE;ROIC_DEBT_PARTIAL
ARES,0001628280-26-011413,MISSING,-0.149648648789287,6.10108085225434,False,True,BS_CLOSURE_FAILED;CASH_MISSING;FACE_LINE_VALUE_NOT_FOUND;FSDS_FACE_ONLY;INTEREST_CASH_BASIS;LEVERAGE_THRESHOLD_INDETERMINATE
CNC,0001071739-26-000049,PARTIAL,-0.0957154088050314,7.62637578616352,True,True,BS_CLOSURE_FAILED;EBIT_NON_POSITIVE;FSDS_FACE_ONLY;INSURER_OCF_INCLUDES_FLOAT;LEVERAGE_THRESHOLD_INDETERMINATE;STI_NOT_NETTED
EXR,0001289490-26-000011,PARTIAL,0.901314619609954,7.99975462019368,True,True,BS_CLOSURE_FAILED;CUSTOM_TAG_DEBT_BY_LABEL;FSDS_FACE_ONLY;INTEREST_CASH_BASIS;LEVERAGE_THRESHOLD_INDETERMINATE;REIT_BOOK_ROIC_DEPRECIATION_DISTORTED;ROIC_DEBT_PARTIAL
LYV,0001335258-26-000009,PARTIAL,0.792256377766757,11.1425125204613,True,True,BS_CLOSURE_FAILED;FSDS_FACE_ONLY;LEVERAGE_THRESHOLD_INDETERMINATE;ROIC_DEBT_PARTIAL
TDY,0001094285-26-000017,PARTIAL,1.78208679593721,3.70939309997482,True,True,BS_CLOSURE_FAILED;FSDS_FACE_ONLY;LEVERAGE_THRESHOLD_INDETERMINATE;ROIC_DEBT_PARTIAL
MTD,0001037646-26-000011,PARTIAL,2.11489037134379,3.90917708407444,False,True,BS_CLOSURE_FAILED;CASH_MISSING;CUSTOM_TAG_DEBT_BY_LABEL;FSDS_FACE_ONLY;LEVERAGE_THRESHOLD_INDETERMINATE;ROIC_DEBT_PARTIAL
DG,0001104659-26-032325,PARTIAL,0.946975099738616,5.86415380382446,True,True,BS_CLOSURE_FAILED;FSDS_FACE_ONLY;INTEREST_CASH_BASIS;LEVERAGE_THRESHOLD_INDETERMINATE;ROIC_DEBT_PARTIAL
CASY,0000726958-26-000046,PARTIAL,1.38551548412387,3.23863190905527,True,True,BS_CLOSURE_FAILED;FSDS_FACE_ONLY;LEVERAGE_THRESHOLD_INDETERMINATE;ROIC_DEBT_PARTIAL
HPQ,0000047217-25-000071,PARTIAL,1.61238842304571,11.3916689207466,False,True,BS_CLOSURE_FAILED;CASH_MISSING;FSDS_FACE_ONLY;INTEREST_CASH_BASIS;LEVERAGE_THRESHOLD_INDETERMINATE;ROIC_DEBT_PARTIAL
IR,0001628280-26-008617,PARTIAL,2.60817289960906,5.08549089031497,True,True,BS_CLOSURE_FAILED;FSDS_FACE_ONLY;LEVERAGE_THRESHOLD_INDETERMINATE;ROIC_DEBT_PARTIAL
DGX,0001022079-26-000015,PARTIAL,2.78419936373277,4.57847295864263,True,True,BS_CLOSURE_FAILED;FSDS_FACE_ONLY;INTEREST_MISSING_WITH_DEBT;INTEREST_NET_ONLY;LEVERAGE_THRESHOLD_INDETERMINATE;ROIC_DEBT_PARTIAL
CPAY,0001175454-26-000018,PARTIAL,-0.3900904126339,13.4116678367439,True,True,BS_CLOSURE_FAILED;FSDS_FACE_ONLY;LEVERAGE_THRESHOLD_INDETERMINATE;ROIC_DEBT_PARTIAL
CINF,0000020286-26-000008,PARTIAL,-0.183161953727506,8.06266066838046,False,True,BS_CLOSURE_FAILED;CASH_MISSING;FSDS_FACE_ONLY;INSURER_OCF_INCLUDES_FLOAT;LEVERAGE_THRESHOLD_INDETERMINATE;STI_NOT_NETTED
XYL,0001524472-26-000012,PARTIAL,-0.0572119258662369,3.55036261079774,True,True,BS_CLOSURE_FAILED;CUSTOM_TAG_DEBT_BY_LABEL;FSDS_FACE_ONLY;LEVERAGE_THRESHOLD_INDETERMINATE;ROIC_DEBT_PARTIAL
HSY,0001628280-26-008586,PARTIAL,1.86999372520986,3.9978391712886,False,True,BS_CLOSURE_FAILED;CASH_MISSING;FSDS_FACE_ONLY;INTEREST_CASH_BASIS;LEVERAGE_THRESHOLD_INDETERMINATE;ROIC_DEBT_PARTIAL
PPG,0000079879-26-000046,PARTIAL,2.65069551777434,6.09891808346213,True,True,BS_CLOSURE_FAILED;FSDS_FACE_ONLY;LEVERAGE_THRESHOLD_INDETERMINATE;ROIC_DEBT_PARTIAL
Q,0002058873-26-000010,PARTIAL,2.4446190102121,4.54752553024352,True,True,BS_CLOSURE_FAILED;FSDS_FACE_ONLY;LEVERAGE_THRESHOLD_INDETERMINATE;ROIC_DEBT_PARTIAL
TPR,0001116132-25-000019,PARTIAL,1.06411310208779,3.79968765411803,True,True,BS_CLOSURE_FAILED;FSDS_FACE_ONLY;INTEREST_CASH_BASIS;LEVERAGE_THRESHOLD_INDETERMINATE;ROIC_DEBT_PARTIAL
OMC,0000029989-26-000006,PARTIAL,0.760805935606834,14.4202232659451,False,True,BS_CLOSURE_FAILED;CASH_MISSING;FSDS_FACE_ONLY;LEVERAGE_THRESHOLD_INDETERMINATE;ROIC_DEBT_PARTIAL
HUBB,0001628280-26-007500,PARTIAL,1.78957079044475,3.77587881141969,True,True,BS_CLOSURE_FAILED;FSDS_FACE_ONLY;INTEREST_MISSING_WITH_DEBT;INTEREST_NET_ONLY;LEVERAGE_THRESHOLD_INDETERMINATE;ROIC_DEBT_PARTIAL
CHD,0001193125-26-048139,PARTIAL,1.47778509132796,3.703472107948,True,True,BS_CLOSURE_FAILED;FSDS_FACE_ONLY;LEVERAGE_THRESHOLD_INDETERMINATE;ROIC_DEBT_PARTIAL
FFIV,0001048695-25-000157,MISSING,-1.41552187821824,,True,True,BS_CLOSURE_FAILED;FSDS_FACE_ONLY;INTEREST_CASH_BASIS;LEVERAGE_THRESHOLD_INDETERMINATE
PFG,0001104659-26-017031,PARTIAL,-0.105142504463597,71.5397094804594,True,True,BS_CLOSURE_FAILED;FSDS_FACE_ONLY;INSURER_OCF_INCLUDES_FLOAT;INTEREST_CASH_BASIS;LEVERAGE_THRESHOLD_INDETERMINATE
BR,0001628280-25-037656,PARTIAL,2.29727653035089,4.54913344147528,True,True,BS_CLOSURE_FAILED;FSDS_FACE_ONLY;INTEREST_CASH_BASIS;LEVERAGE_THRESHOLD_INDETERMINATE;ROIC_DEBT_PARTIAL
PKG,0001193125-26-074129,PARTIAL,2.21219903691814,3.59454253611557,True,True,BS_CLOSURE_FAILED;FSDS_FACE_ONLY;INTEREST_MISSING_WITH_DEBT;INTEREST_NET_ONLY;LEVERAGE_THRESHOLD_INDETERMINATE;ROIC_DEBT_PARTIAL
CF,0001324404-26-000007,PARTIAL,0.448037790697674,3.36119186046512,False,True,BS_CLOSURE_FAILED;CASH_MISSING;FSDS_FACE_ONLY;LEVERAGE_THRESHOLD_INDETERMINATE;ROIC_DEBT_PARTIAL
WRB,0000011544-26-000005,PARTIAL,-0.198385760572721,8.88156559340996,True,True,BS_CLOSURE_FAILED;CUSTOM_TAG_DEBT_BY_LABEL;FSDS_FACE_ONLY;INSURER_OCF_INCLUDES_FLOAT;LEVERAGE_THRESHOLD_INDETERMINATE
LUV,0000092380-26-000004,PARTIAL,0.906623235613464,9.6900108577633,True,True,BS_CLOSURE_FAILED;FSDS_FACE_ONLY;LEVERAGE_THRESHOLD_INDETERMINATE;ROIC_DEBT_PARTIAL
TSCO,0000916365-26-000014,PARTIAL,0.982726895250232,4.98898156194218,True,True,BS_CLOSURE_FAILED;FSDS_FACE_ONLY;LEVERAGE_THRESHOLD_INDETERMINATE;ROIC_DEBT_PARTIAL
L,0000060086-26-000008,PARTIAL,2.74290942360476,20.1927416895395,True,True,BS_CLOSURE_FAILED;FSDS_FACE_ONLY;INSURER_OCF_INCLUDES_FLOAT;LEVERAGE_THRESHOLD_INDETERMINATE;STI_NOT_NETTED
PTC,0001193125-25-291326,PARTIAL,1.16748146816397,3.00396452213679,True,True,BS_CLOSURE_FAILED;FSDS_FACE_ONLY;LEVERAGE_THRESHOLD_INDETERMINATE;ROIC_DEBT_PARTIAL
FTV,0001659166-26-000007,PARTIAL,2.61309084194978,4.53175775480059,True,True,BS_CLOSURE_FAILED;FSDS_FACE_ONLY;LEVERAGE_THRESHOLD_INDETERMINATE;ROIC_DEBT_PARTIAL
CHRW,0001043277-26-000009,PARTIAL,1.0153610805243,3.33712366828901,True,True,BS_CLOSURE_FAILED;FSDS_FACE_ONLY;INTEREST_CASH_BASIS;LEVERAGE_THRESHOLD_INDETERMINATE;ROIC_DEBT_PARTIAL
LDOS,0001336920-26-000030,PARTIAL,2.02285714285714,4.24171428571429,True,True,BS_CLOSURE_FAILED;FSDS_FACE_ONLY;INTEREST_CASH_BASIS;LEVERAGE_THRESHOLD_INDETERMINATE;ROIC_DEBT_PARTIAL
J,0001628280-25-053316,PARTIAL,1.45769938721778,9.28533982618421,True,True,BS_CLOSURE_FAILED;CUSTOM_TAG_DEBT_BY_LABEL;FSDS_FACE_ONLY;LEVERAGE_THRESHOLD_INDETERMINATE;ROIC_DEBT_PARTIAL
NDSN,0000072331-25-000144,PARTIAL,2.64478464907707,3.84561198595613,True,True,BS_CLOSURE_FAILED;FSDS_FACE_ONLY;LEVERAGE_THRESHOLD_INDETERMINATE;ROIC_DEBT_PARTIAL
IEX,0000832101-26-000003,PARTIAL,1.82363315696649,3.41093474426808,True,True,BS_CLOSURE_FAILED;FSDS_FACE_ONLY;INTEREST_CASH_BASIS;LEVERAGE_THRESHOLD_INDETERMINATE;ROIC_DEBT_PARTIAL
ZBRA,0001628280-26-007668,PARTIAL,2.59214830970556,5.22246455834242,True,True,BS_CLOSURE_FAILED;FSDS_FACE_ONLY;INTEREST_CASH_BASIS;LEVERAGE_THRESHOLD_INDETERMINATE;ROIC_DEBT_PARTIAL
ALB,0000915913-26-000018,PARTIAL,1.22871445650555,5.33496221925699,False,True,BS_CLOSURE_FAILED;CASH_MISSING;EBIT_NON_POSITIVE;FSDS_FACE_ONLY;LEVERAGE_THRESHOLD_INDETERMINATE;ROIC_DEBT_PARTIAL
AKAM,0001086222-26-000022,PARTIAL,2.0905959776529,3.66879734521141,True,True,BS_CLOSURE_FAILED;FSDS_FACE_ONLY;LEVERAGE_THRESHOLD_INDETERMINATE;ROIC_DEBT_PARTIAL
BBY,0000764478-26-000009,PARTIAL,-0.286442405708461,5.08053007135576,True,True,BS_CLOSURE_FAILED;FSDS_FACE_ONLY;LEVERAGE_THRESHOLD_INDETERMINATE;ROIC_DEBT_PARTIAL
EG,0001095073-26-000006,MISSING,-0.429595827900913,14.9074315514993,True,True,BS_CLOSURE_FAILED;FSDS_FACE_ONLY;INSURER_OCF_INCLUDES_FLOAT;INTEREST_CASH_BASIS;LEVERAGE_THRESHOLD_INDETERMINATE
MAS,0000062996-26-000005,PARTIAL,2.25048923679061,4.38160469667319,True,True,BS_CLOSURE_FAILED;FSDS_FACE_ONLY;LEVERAGE_THRESHOLD_INDETERMINATE;ROIC_DEBT_PARTIAL
RVTY,0000031791-26-000012,PARTIAL,2.93580222770027,6.85874877558827,True,True,BS_CLOSURE_FAILED;FSDS_FACE_ONLY;LEVERAGE_THRESHOLD_INDETERMINATE;ROIC_DEBT_PARTIAL
TXT,0000217346-26-000006,MISSING,-1.54344512195122,7.8155487804878,False,True,BS_CLOSURE_FAILED;CASH_MISSING;FACE_LINE_VALUE_NOT_FOUND;FSDS_FACE_ONLY;INTEREST_NET_ONLY;LEVERAGE_THRESHOLD_INDETERMINATE
TRMB,0000864749-26-000015,PARTIAL,2.94873122734335,8.34386328327292,True,True,BS_CLOSURE_FAILED;FSDS_FACE_ONLY;LEVERAGE_THRESHOLD_INDETERMINATE;ROIC_DEBT_PARTIAL
AIZ,0001267238-26-000010,PARTIAL,0.2032826217351,15.5864005670974,True,True,BS_CLOSURE_FAILED;FSDS_FACE_ONLY;INSURER_OCF_INCLUDES_FLOAT;INTEREST_DEBT_ONLY;LEVERAGE_THRESHOLD_INDETERMINATE
HST,0001070750-26-000054,PARTIAL,2.85364238410596,3.67483443708609,True,True,BS_CLOSURE_FAILED;FSDS_FACE_ONLY;LEVERAGE_THRESHOLD_INDETERMINATE;REIT_BOOK_ROIC_DEPRECIATION_DISTORTED;ROIC_DEBT_PARTIAL
CRL,0001100682-26-000022,PARTIAL,2.60638571889497,5.03013369556671,True,True,BS_CLOSURE_FAILED;FSDS_FACE_ONLY;LEVERAGE_THRESHOLD_INDETERMINATE;ROIC_DEBT_PARTIAL
FOXA,0001628280-25-038077,PARTIAL,0.376353790613718,3.37936221419976,False,True,BS_CLOSURE_FAILED;CASH_MISSING;FSDS_FACE_ONLY;INTEREST_MISSING_WITH_DEBT;INTEREST_NET_ONLY;LEVERAGE_THRESHOLD_INDETERMINATE;ROIC_DEBT_PARTIAL
GL,0000320335-26-000090,PARTIAL,1.77654038159799,17.6844515612031,True,True,BS_CLOSURE_FAILED;FSDS_FACE_ONLY;INSURER_OCF_INCLUDES_FLOAT;LEVERAGE_THRESHOLD_INDETERMINATE;STI_NOT_NETTED
IT,0000749251-26-000112,PARTIAL,0.975811495197095,4.68314856649088,True,True,BS_CLOSURE_FAILED;FSDS_FACE_ONLY;LEVERAGE_THRESHOLD_INDETERMINATE;ROIC_DEBT_PARTIAL
ALLE,0001579241-26-000007,PARTIAL,2.07182954835417,3.57221229905588,True,True,BS_CLOSURE_FAILED;FSDS_FACE_ONLY;LEVERAGE_THRESHOLD_INDETERMINATE;ROIC_DEBT_PARTIAL
GDDY,0001609711-26-000010,PARTIAL,1.68775790921596,4.88920845316994,False,True,BS_CLOSURE_FAILED;CASH_MISSING;FSDS_FACE_ONLY;LEVERAGE_THRESHOLD_INDETERMINATE;ROIC_DEBT_PARTIAL
HAS,0000046080-26-000011,PARTIAL,2.78582624272279,5.58273622928795,False,True,BS_CLOSURE_FAILED;CASH_MISSING;FSDS_FACE_ONLY;LEVERAGE_THRESHOLD_INDETERMINATE;ROIC_DEBT_PARTIAL
LII,0001069202-26-000028,PARTIAL,1.76333157338965,3.8074181626188,True,True,BS_CLOSURE_FAILED;FSDS_FACE_ONLY;LEVERAGE_THRESHOLD_INDETERMINATE;ROIC_DEBT_PARTIAL
CLX,0000021076-25-000039,PARTIAL,2.36595310907238,5.00713557594292,True,True,BS_CLOSURE_FAILED;FSDS_FACE_ONLY;LEVERAGE_THRESHOLD_INDETERMINATE;ROIC_DEBT_PARTIAL
TKO,0001193125-26-071651,PARTIAL,2.46804254408991,4.21135312761283,True,True,BS_CLOSURE_FAILED;FSDS_FACE_ONLY;LEVERAGE_THRESHOLD_INDETERMINATE;ROIC_DEBT_PARTIAL
HII,0001501585-26-000006,PARTIAL,1.61036789297659,6.4180602006689,False,True,BS_CLOSURE_FAILED;CASH_MISSING;FACE_LINE_VALUE_NOT_FOUND;FSDS_FACE_ONLY;LEVERAGE_THRESHOLD_INDETERMINATE;ROIC_DEBT_PARTIAL
TECH,0001558370-25-011716,PARTIAL,0.639228532877074,,True,True,BS_CLOSURE_FAILED;FSDS_FACE_ONLY;LEVERAGE_THRESHOLD_INDETERMINATE;ROIC_DEBT_PARTIAL
GNRC,0001437749-26-004568,PARTIAL,2.21349245852531,5.92089100365772,True,True,BS_CLOSURE_FAILED;FSDS_FACE_ONLY;LEVERAGE_THRESHOLD_INDETERMINATE;ROIC_DEBT_PARTIAL
BEN,0000038777-25-000238,PARTIAL,-1.13676015383172,17.0523403057874,False,True,BS_CLOSURE_FAILED;CASH_MISSING;FSDS_FACE_ONLY;LEVERAGE_THRESHOLD_INDETERMINATE;ROIC_DEBT_PARTIAL
PNR,0000077360-26-000007,PARTIAL,1.88635247913598,3.6813942071674,False,True,BS_CLOSURE_FAILED;CASH_MISSING;FSDS_FACE_ONLY;INTEREST_CASH_BASIS;LEVERAGE_THRESHOLD_INDETERMINATE;ROIC_DEBT_PARTIAL
APTV,0001521332-26-000009,PARTIAL,2.60869565217391,5.520823798627,True,True,BS_CLOSURE_FAILED;FSDS_FACE_ONLY;LEVERAGE_THRESHOLD_INDETERMINATE;ROIC_DEBT_PARTIAL
UHS,0001193125-26-071676,PARTIAL,2.47519921990864,4.35207951954439,True,True,BS_CLOSURE_FAILED;FSDS_FACE_ONLY;LEVERAGE_THRESHOLD_INDETERMINATE;ROIC_DEBT_PARTIAL
FOX,0001628280-25-038077,PARTIAL,0.376353790613718,3.37936221419976,False,True,BS_CLOSURE_FAILED;CASH_MISSING;FSDS_FACE_ONLY;INTEREST_MISSING_WITH_DEBT;INTEREST_NET_ONLY;LEVERAGE_THRESHOLD_INDETERMINATE;ROIC_DEBT_PARTIAL
MGM,0000789570-26-000018,PARTIAL,1.64749871312236,14.2463775679238,True,True,BS_CLOSURE_FAILED;FSDS_FACE_ONLY;LEVERAGE_THRESHOLD_INDETERMINATE;ROIC_DEBT_PARTIAL
HRL,0000048465-25-000059,PARTIAL,2.58709543082469,5.7039494777291,True,True,BS_CLOSURE_FAILED;FSDS_FACE_ONLY;LEVERAGE_THRESHOLD_INDETERMINATE;ROIC_DEBT_PARTIAL
TTD,0001671933-26-000014,MISSING,-0.663000984163728,3.03272923610964,True,True,BS_CLOSURE_FAILED;FSDS_FACE_ONLY;INTEREST_CASH_BASIS;LEVERAGE_THRESHOLD_INDETERMINATE
BF.B,0000014693-26-000024,PARTIAL,2.194,3.566,True,True,BS_CLOSURE_FAILED;FSDS_FACE_ONLY;LEVERAGE_THRESHOLD_INDETERMINATE;ROIC_DEBT_PARTIAL
