ticker,name,market_price,market_cap,source,source_symbol,retrieved_at_utc,as_of_status
2602335D,CONTRA HOLOGIC INCORPO,,,MISSING,,2026-09-24T19:02:43Z,MISSING
A,AGILENT TECHNOLOGIES INC,165.32,46608478143.0,NASDAQ_PUBLIC_SCREENER,A,2026-09-24T19:02:43Z,RETRIEVAL_TIME_ONLY
AAPL,APPLE INC,337.02,4918530543600.0,NASDAQ_PUBLIC_SCREENER,AAPL,2026-09-24T19:02:43Z,RETRIEVAL_TIME_ONLY
ABBV,ABBVIE INC,265.08,468427449908.0,NASDAQ_PUBLIC_SCREENER,ABBV,2026-09-24T19:02:43Z,RETRIEVAL_TIME_ONLY
ABNB,AIRBNB INC CLASS A,149.58,89566362314.0,NASDAQ_PUBLIC_SCREENER,ABNB,2026-09-24T19:02:43Z,RETRIEVAL_TIME_ONLY
ABT,ABBOTT LABORATORIES,103.49,179077367303.0,NASDAQ_PUBLIC_SCREENER,ABT,2026-09-24T19:02:43Z,RETRIEVAL_TIME_ONLY
ACGL,ARCH CAPITAL GROUP LTD,95.16,32471363630.0,NASDAQ_PUBLIC_SCREENER,ACGL,2026-09-24T19:02:43Z,RETRIEVAL_TIME_ONLY
ACN,ACCENTURE PLC CL A,183.52,122501473739.0,NASDAQ_PUBLIC_SCREENER,ACN,2026-09-24T19:02:43Z,RETRIEVAL_TIME_ONLY
ADBE,ADOBE INC,240.69,93676548000.0,NASDAQ_PUBLIC_SCREENER,ADBE,2026-09-24T19:02:43Z,RETRIEVAL_TIME_ONLY
ADI,ANALOG DEVICES INC,385.23,186669154082.0,NASDAQ_PUBLIC_SCREENER,ADI,2026-09-24T19:02:43Z,RETRIEVAL_TIME_ONLY
ADM,ARCHER DANIELS MIDLAND CO,82.15,39592979743.0,NASDAQ_PUBLIC_SCREENER,ADM,2026-09-24T19:02:43Z,RETRIEVAL_TIME_ONLY
ADP,AUTOMATIC DATA PROCESSING,263.68,104750238492.0,NASDAQ_PUBLIC_SCREENER,ADP,2026-09-24T19:02:43Z,RETRIEVAL_TIME_ONLY
ADSK,AUTODESK INC,217.15,45384350000.0,NASDAQ_PUBLIC_SCREENER,ADSK,2026-09-24T19:02:43Z,RETRIEVAL_TIME_ONLY
AEE,AMEREN CORPORATION,99.74,27612345855.0,NASDAQ_PUBLIC_SCREENER,AEE,2026-09-24T19:02:43Z,RETRIEVAL_TIME_ONLY
AEP,AMERICAN ELECTRIC POWER,118.4,64456646477.0,NASDAQ_PUBLIC_SCREENER,AEP,2026-09-24T19:02:43Z,RETRIEVAL_TIME_ONLY
AES,AES CORP,14.81,10566026110.0,NASDAQ_PUBLIC_SCREENER,AES,2026-09-24T19:02:43Z,RETRIEVAL_TIME_ONLY
AFL,AFLAC INC,115.23,57769788229.0,NASDAQ_PUBLIC_SCREENER,AFL,2026-09-24T19:02:43Z,RETRIEVAL_TIME_ONLY
AIG,AMERICAN INTERNATIONAL GROUP,75.58,39520265713.0,NASDAQ_PUBLIC_SCREENER,AIG,2026-09-24T19:02:43Z,RETRIEVAL_TIME_ONLY
AIZ,ASSURANT INC,266.97,13167966076.0,NASDAQ_PUBLIC_SCREENER,AIZ,2026-09-24T19:02:43Z,RETRIEVAL_TIME_ONLY
AJG,ARTHUR J GALLAGHER + CO,229.64,58856732000.0,NASDAQ_PUBLIC_SCREENER,AJG,2026-09-24T19:02:43Z,RETRIEVAL_TIME_ONLY
AKAM,AKAMAI TECHNOLOGIES INC,118.44,17021795170.0,NASDAQ_PUBLIC_SCREENER,AKAM,2026-09-24T19:02:43Z,RETRIEVAL_TIME_ONLY
ALB,ALBEMARLE CORP,113.47,13390033818.0,NASDAQ_PUBLIC_SCREENER,ALB,2026-09-24T19:02:43Z,RETRIEVAL_TIME_ONLY
ALGN,ALIGN TECHNOLOGY INC,148.17,10525974871.0,NASDAQ_PUBLIC_SCREENER,ALGN,2026-09-24T19:02:43Z,RETRIEVAL_TIME_ONLY
ALL,ALLSTATE CORP,225.66,57059924997.0,NASDAQ_PUBLIC_SCREENER,ALL,2026-09-24T19:02:43Z,RETRIEVAL_TIME_ONLY
ALLE,ALLEGION PLC,154.09,13103318355.0,NASDAQ_PUBLIC_SCREENER,ALLE,2026-09-24T19:02:43Z,RETRIEVAL_TIME_ONLY
AMAT,APPLIED MATERIALS INC,474.38,376466755010.0,NASDAQ_PUBLIC_SCREENER,AMAT,2026-09-24T19:02:43Z,RETRIEVAL_TIME_ONLY
AMCR,AMCOR PLC,42.8,19788395532.0,NASDAQ_PUBLIC_SCREENER,AMCR,2026-09-24T19:02:43Z,RETRIEVAL_TIME_ONLY
AMD,ADVANCED MICRO DEVICES,614.61,1003335485564.0,NASDAQ_PUBLIC_SCREENER,AMD,2026-09-24T19:02:43Z,RETRIEVAL_TIME_ONLY
AME,AMETEK INC,246.45,56501433584.0,NASDAQ_PUBLIC_SCREENER,AME,2026-09-24T19:02:43Z,RETRIEVAL_TIME_ONLY
AMGN,AMGEN INC,406.09,219545250910.0,NASDAQ_PUBLIC_SCREENER,AMGN,2026-09-24T19:02:43Z,RETRIEVAL_TIME_ONLY
AMP,AMERIPRISE FINANCIAL INC,502.79,45199354864.0,NASDAQ_PUBLIC_SCREENER,AMP,2026-09-24T19:02:43Z,RETRIEVAL_TIME_ONLY
AMT,AMERICAN TOWER CORP,170.78,79576656997.0,NASDAQ_PUBLIC_SCREENER,AMT,2026-09-24T19:02:43Z,RETRIEVAL_TIME_ONLY
AMZN,AMAZON.COM INC,249.27,2688704384092.0,NASDAQ_PUBLIC_SCREENER,AMZN,2026-09-24T19:02:43Z,RETRIEVAL_TIME_ONLY
ANET,ARISTA NETWORKS INC,203.47,256621379129.0,NASDAQ_PUBLIC_SCREENER,ANET,2026-09-24T19:02:43Z,RETRIEVAL_TIME_ONLY
AON,AON PLC CLASS A,281.6,59734522214.0,NASDAQ_PUBLIC_SCREENER,AON,2026-09-24T19:02:43Z,RETRIEVAL_TIME_ONLY
AOS,SMITH (A.O.) CORP,57.74,7847361005.0,NASDAQ_PUBLIC_SCREENER,AOS,2026-09-24T19:02:43Z,RETRIEVAL_TIME_ONLY
APA,APA CORP,43.7,15310360987.0,NASDAQ_PUBLIC_SCREENER,APA,2026-09-24T19:02:43Z,RETRIEVAL_TIME_ONLY
APD,AIR PRODUCTS + CHEMICALS INC,286.97,63904066544.0,NASDAQ_PUBLIC_SCREENER,APD,2026-09-24T19:02:43Z,RETRIEVAL_TIME_ONLY
APH,AMPHENOL CORP CL A,82.19,202677820662.0,NASDAQ_PUBLIC_SCREENER,APH,2026-09-24T19:02:43Z,RETRIEVAL_TIME_ONLY
APO,APOLLO GLOBAL MANAGEMENT INC,124.36,73439947253.0,NASDAQ_PUBLIC_SCREENER,APO,2026-09-24T19:02:43Z,RETRIEVAL_TIME_ONLY
APP,APPLOVIN CORP CLASS A,315.25,105498727750.0,NASDAQ_PUBLIC_SCREENER,APP,2026-09-24T19:02:43Z,RETRIEVAL_TIME_ONLY
APTV,APTIV PLC,45.17,9378797561.0,NASDAQ_PUBLIC_SCREENER,APTV,2026-09-24T19:02:43Z,RETRIEVAL_TIME_ONLY
ARE,ALEXANDRIA REAL ESTATE EQUIT,51.86,9036478980.0,NASDAQ_PUBLIC_SCREENER,ARE,2026-09-24T19:02:43Z,RETRIEVAL_TIME_ONLY
ARES,ARES MANAGEMENT CORP A,121.48,40122077779.0,NASDAQ_PUBLIC_SCREENER,ARES,2026-09-24T19:02:43Z,RETRIEVAL_TIME_ONLY
ATO,ATMOS ENERGY CORP,156.24,26402771521.0,NASDAQ_PUBLIC_SCREENER,ATO,2026-09-24T19:02:43Z,RETRIEVAL_TIME_ONLY
AVGO,BROADCOM INC,354.99,1694590865776.0,NASDAQ_PUBLIC_SCREENER,AVGO,2026-09-24T19:02:43Z,RETRIEVAL_TIME_ONLY
AVY,AVERY DENNISON CORP,172.66,13085580598.0,NASDAQ_PUBLIC_SCREENER,AVY,2026-09-24T19:02:43Z,RETRIEVAL_TIME_ONLY
AWK,AMERICAN WATER WORKS CO INC,133.06,26442879276.0,NASDAQ_PUBLIC_SCREENER,AWK,2026-09-24T19:02:43Z,RETRIEVAL_TIME_ONLY
AXON,AXON ENTERPRISE INC,450.61,36606391573.0,NASDAQ_PUBLIC_SCREENER,AXON,2026-09-24T19:02:43Z,RETRIEVAL_TIME_ONLY
AXP,AMERICAN EXPRESS CO,301.96,203916557173.0,NASDAQ_PUBLIC_SCREENER,AXP,2026-09-24T19:02:43Z,RETRIEVAL_TIME_ONLY
AZO,AUTOZONE INC,2843.34,46418534886.0,NASDAQ_PUBLIC_SCREENER,AZO,2026-09-24T19:02:43Z,RETRIEVAL_TIME_ONLY
BA,BOEING CO/THE,199.93,158018678099.0,NASDAQ_PUBLIC_SCREENER,BA,2026-09-24T19:02:43Z,RETRIEVAL_TIME_ONLY
BAC,BANK OF AMERICA CORP,56.0,391593908440.0,NASDAQ_PUBLIC_SCREENER,BAC,2026-09-24T19:02:43Z,RETRIEVAL_TIME_ONLY
BALL,BALL CORP,58.82,15569851459.0,NASDAQ_PUBLIC_SCREENER,BALL,2026-09-24T19:02:43Z,RETRIEVAL_TIME_ONLY
BAX,BAXTER INTERNATIONAL INC,23.49,12144236017.0,NASDAQ_PUBLIC_SCREENER,BAX,2026-09-24T19:02:43Z,RETRIEVAL_TIME_ONLY
BBY,BEST BUY CO INC,90.8,19043274978.0,NASDAQ_PUBLIC_SCREENER,BBY,2026-09-24T19:02:43Z,RETRIEVAL_TIME_ONLY
BDX,BECTON DICKINSON AND CO,182.52,49716038736.0,NASDAQ_PUBLIC_SCREENER,BDX,2026-09-24T19:02:43Z,RETRIEVAL_TIME_ONLY
BEN,FRANKLIN TEMPLETON INC,32.71,16619195726.0,NASDAQ_PUBLIC_SCREENER,BEN,2026-09-24T19:02:43Z,RETRIEVAL_TIME_ONLY
BF.B,BROWN FORMAN CORP CLASS B,,,MISSING,,2026-09-24T19:02:43Z,MISSING
BG,BUNGE GLOBAL SA,111.48,21417439832.0,NASDAQ_PUBLIC_SCREENER,BG,2026-09-24T19:02:43Z,RETRIEVAL_TIME_ONLY
BIIB,BIOGEN INC,227.53,33618467165.0,NASDAQ_PUBLIC_SCREENER,BIIB,2026-09-24T19:02:43Z,RETRIEVAL_TIME_ONLY
BKNG,BOOKING HOLDINGS INC,155.9,117140219950.0,NASDAQ_PUBLIC_SCREENER,BKNG,2026-09-24T19:02:43Z,RETRIEVAL_TIME_ONLY
BKR,BAKER HUGHES CO,58.03,57604876340.0,NASDAQ_PUBLIC_SCREENER,BKR,2026-09-24T19:02:43Z,RETRIEVAL_TIME_ONLY
BLDR,BUILDERS FIRSTSOURCE INC,59.16,6365406396.0,NASDAQ_PUBLIC_SCREENER,BLDR,2026-09-24T19:02:43Z,RETRIEVAL_TIME_ONLY
BLK,BLACKROCK INC,1060.89,164299248181.0,NASDAQ_PUBLIC_SCREENER,BLK,2026-09-24T19:02:43Z,RETRIEVAL_TIME_ONLY
BMY,BRISTOL MYERS SQUIBB CO,61.15,124912001214.0,NASDAQ_PUBLIC_SCREENER,BMY,2026-09-24T19:02:43Z,RETRIEVAL_TIME_ONLY
BNY,BANK OF NEW YORK MELLON CORP,149.51,101443154270.0,NASDAQ_PUBLIC_SCREENER,BNY,2026-09-24T19:02:43Z,RETRIEVAL_TIME_ONLY
BR,BROADRIDGE FINANCIAL SOLUTIO,163.45,18636862883.0,NASDAQ_PUBLIC_SCREENER,BR,2026-09-24T19:02:43Z,RETRIEVAL_TIME_ONLY
BRK.B,BERKSHIRE HATHAWAY INC CL B,507.17,1118974938030.0,NASDAQ_PUBLIC_SCREENER,BRK.B,2026-09-24T19:02:43Z,RETRIEVAL_TIME_ONLY
BRO,BROWN + BROWN INC,61.7,20645459027.0,NASDAQ_PUBLIC_SCREENER,BRO,2026-09-24T19:02:43Z,RETRIEVAL_TIME_ONLY
BSX,BOSTON SCIENTIFIC CORP,44.62,64664621450.0,NASDAQ_PUBLIC_SCREENER,BSX,2026-09-24T19:02:43Z,RETRIEVAL_TIME_ONLY
BX,BLACKSTONE INC,119.27,89527057347.0,NASDAQ_PUBLIC_SCREENER,BX,2026-09-24T19:02:43Z,RETRIEVAL_TIME_ONLY
BXP,BXP INC,62.36,9956494632.0,NASDAQ_PUBLIC_SCREENER,BXP,2026-09-24T19:02:43Z,RETRIEVAL_TIME_ONLY
C,CITIGROUP INC,131.93,221304234781.0,NASDAQ_PUBLIC_SCREENER,C,2026-09-24T19:02:43Z,RETRIEVAL_TIME_ONLY
CAH,CARDINAL HEALTH INC,221.27,51237136268.0,NASDAQ_PUBLIC_SCREENER,CAH,2026-09-24T19:02:43Z,RETRIEVAL_TIME_ONLY
CARR,CARRIER GLOBAL CORP,55.1,45420310641.0,NASDAQ_PUBLIC_SCREENER,CARR,2026-09-24T19:02:43Z,RETRIEVAL_TIME_ONLY
CASY,CASEY S GENERAL STORES INC,597.31,22076677351.0,NASDAQ_PUBLIC_SCREENER,CASY,2026-09-24T19:02:43Z,RETRIEVAL_TIME_ONLY
CAT,CATERPILLAR INC,812.02,373265203366.0,NASDAQ_PUBLIC_SCREENER,CAT,2026-09-24T19:02:43Z,RETRIEVAL_TIME_ONLY
CB,CHUBB LTD,335.21,129323970735.0,NASDAQ_PUBLIC_SCREENER,CB,2026-09-24T19:02:43Z,RETRIEVAL_TIME_ONLY
CBOE,CBOE GLOBAL MARKETS INC,268.87,30064707313.0,NASDAQ_PUBLIC_SCREENER,CBOE,2026-09-24T19:02:43Z,RETRIEVAL_TIME_ONLY
CBRE,CBRE GROUP INC A,136.41,39500966400.0,NASDAQ_PUBLIC_SCREENER,CBRE,2026-09-24T19:02:43Z,RETRIEVAL_TIME_ONLY
CCI,CROWN CASTLE INC,70.23,29879735481.0,NASDAQ_PUBLIC_SCREENER,CCI,2026-09-24T19:02:43Z,RETRIEVAL_TIME_ONLY
CCL,CARNIVAL CORP LTD,21.8,29858350794.0,NASDAQ_PUBLIC_SCREENER,CCL,2026-09-24T19:02:43Z,RETRIEVAL_TIME_ONLY
CDNS,CADENCE DESIGN SYS INC,309.09,85121222370.0,NASDAQ_PUBLIC_SCREENER,CDNS,2026-09-24T19:02:43Z,RETRIEVAL_TIME_ONLY
CDW,CDW CORP/DE,146.16,18272546984.0,NASDAQ_PUBLIC_SCREENER,CDW,2026-09-24T19:02:43Z,RETRIEVAL_TIME_ONLY
CEG,CONSTELLATION ENERGY,263.88,93494631171.0,NASDAQ_PUBLIC_SCREENER,CEG,2026-09-24T19:02:43Z,RETRIEVAL_TIME_ONLY
CF,CF INDUSTRIES HOLDINGS INC,120.64,18257432003.0,NASDAQ_PUBLIC_SCREENER,CF,2026-09-24T19:02:43Z,RETRIEVAL_TIME_ONLY
CFG,CITIZENS FINANCIAL GROUP,64.61,27212232273.0,NASDAQ_PUBLIC_SCREENER,CFG,2026-09-24T19:02:43Z,RETRIEVAL_TIME_ONLY
CHD,CHURCH + DWIGHT CO INC,96.02,22776319150.0,NASDAQ_PUBLIC_SCREENER,CHD,2026-09-24T19:02:43Z,RETRIEVAL_TIME_ONLY
CHRW,C.H. ROBINSON WORLDWIDE INC,149.67,17489127785.0,NASDAQ_PUBLIC_SCREENER,CHRW,2026-09-24T19:02:43Z,RETRIEVAL_TIME_ONLY
CHTR,CHARTER COMMUNICATIONS INC A,116.61,13360881342.0,NASDAQ_PUBLIC_SCREENER,CHTR,2026-09-24T19:02:43Z,RETRIEVAL_TIME_ONLY
CI,THE CIGNA GROUP,268.27,70887795179.0,NASDAQ_PUBLIC_SCREENER,CI,2026-09-24T19:02:43Z,RETRIEVAL_TIME_ONLY
CIEN,CIENA CORP,355.91,50471072133.0,NASDAQ_PUBLIC_SCREENER,CIEN,2026-09-24T19:02:43Z,RETRIEVAL_TIME_ONLY
CINF,CINCINNATI FINANCIAL CORP,162.57,24950925776.0,NASDAQ_PUBLIC_SCREENER,CINF,2026-09-24T19:02:43Z,RETRIEVAL_TIME_ONLY
CL,COLGATE PALMOLIVE CO,85.93,68501061196.0,NASDAQ_PUBLIC_SCREENER,CL,2026-09-24T19:02:43Z,RETRIEVAL_TIME_ONLY
CLX,CLOROX COMPANY,83.94,10150948560.0,NASDAQ_PUBLIC_SCREENER,CLX,2026-09-24T19:02:43Z,RETRIEVAL_TIME_ONLY
CMCSA,COMCAST CORP CLASS A,22.55,80021754721.0,NASDAQ_PUBLIC_SCREENER,CMCSA,2026-09-24T19:02:43Z,RETRIEVAL_TIME_ONLY
CME,CME GROUP INC,270.8,97374064420.0,NASDAQ_PUBLIC_SCREENER,CME,2026-09-24T19:02:43Z,RETRIEVAL_TIME_ONLY
CMG,CHIPOTLE MEXICAN GRILL INC,32.71,41391822780.0,NASDAQ_PUBLIC_SCREENER,CMG,2026-09-24T19:02:43Z,RETRIEVAL_TIME_ONLY
CMI,CUMMINS INC,524.65,72225673105.0,NASDAQ_PUBLIC_SCREENER,CMI,2026-09-24T19:02:43Z,RETRIEVAL_TIME_ONLY
CMS,CMS ENERGY CORP,63.15,19802396138.0,NASDAQ_PUBLIC_SCREENER,CMS,2026-09-24T19:02:43Z,RETRIEVAL_TIME_ONLY
CNC,CENTENE CORP,62.08,30667209600.0,NASDAQ_PUBLIC_SCREENER,CNC,2026-09-24T19:02:43Z,RETRIEVAL_TIME_ONLY
CNP,CENTERPOINT ENERGY INC,37.16,24478045902.0,NASDAQ_PUBLIC_SCREENER,CNP,2026-09-24T19:02:43Z,RETRIEVAL_TIME_ONLY
COF,CAPITAL ONE FINANCIAL CORP,196.1,120304376340.0,NASDAQ_PUBLIC_SCREENER,COF,2026-09-24T19:02:43Z,RETRIEVAL_TIME_ONLY
COHR,COHERENT CORP,300.6,58867173148.0,NASDAQ_PUBLIC_SCREENER,COHR,2026-09-24T19:02:43Z,RETRIEVAL_TIME_ONLY
COIN,COINBASE GLOBAL INC CLASS A,198.13,52274009554.0,NASDAQ_PUBLIC_SCREENER,COIN,2026-09-24T19:02:43Z,RETRIEVAL_TIME_ONLY
COO,COOPER COS INC/THE,56.07,10662007335.0,NASDAQ_PUBLIC_SCREENER,COO,2026-09-24T19:02:43Z,RETRIEVAL_TIME_ONLY
COP,CONOCOPHILLIPS,128.09,153879317685.0,NASDAQ_PUBLIC_SCREENER,COP,2026-09-24T19:02:43Z,RETRIEVAL_TIME_ONLY
COR,CENCORA INC,312.28,59591507086.0,NASDAQ_PUBLIC_SCREENER,COR,2026-09-24T19:02:43Z,RETRIEVAL_TIME_ONLY
COST,COSTCO WHOLESALE CORP,904.7,401215273979.0,NASDAQ_PUBLIC_SCREENER,COST,2026-09-24T19:02:43Z,RETRIEVAL_TIME_ONLY
CPAY,CORPAY INC,395.16,25946047141.0,NASDAQ_PUBLIC_SCREENER,CPAY,2026-09-24T19:02:43Z,RETRIEVAL_TIME_ONLY
CPRT,COPART INC,28.865,26723548428.0,NASDAQ_PUBLIC_SCREENER,CPRT,2026-09-24T19:02:43Z,RETRIEVAL_TIME_ONLY
CPT,CAMDEN PROPERTY TRUST,97.68,9820683708.0,NASDAQ_PUBLIC_SCREENER,CPT,2026-09-24T19:02:43Z,RETRIEVAL_TIME_ONLY
CRH,CRH PLC,85.23,57047799789.0,NASDAQ_PUBLIC_SCREENER,CRH,2026-09-24T19:02:43Z,RETRIEVAL_TIME_ONLY
CRL,CHARLES RIVER LABORATORIES,277.33,13239421372.0,NASDAQ_PUBLIC_SCREENER,CRL,2026-09-24T19:02:43Z,RETRIEVAL_TIME_ONLY
CRM,SALESFORCE INC,237.58,195528340000.0,NASDAQ_PUBLIC_SCREENER,CRM,2026-09-24T19:02:43Z,RETRIEVAL_TIME_ONLY
CRWD,CROWDSTRIKE HOLDINGS INC A,262.49,268772656677.0,NASDAQ_PUBLIC_SCREENER,CRWD,2026-09-24T19:02:43Z,RETRIEVAL_TIME_ONLY
CSCO,CISCO SYSTEMS INC,106.43,419609520893.0,NASDAQ_PUBLIC_SCREENER,CSCO,2026-09-24T19:02:43Z,RETRIEVAL_TIME_ONLY
CSGP,COSTAR GROUP INC,28.26,11450883837.0,NASDAQ_PUBLIC_SCREENER,CSGP,2026-09-24T19:02:43Z,RETRIEVAL_TIME_ONLY
CSX,CSX CORP,47.19,87418291333.0,NASDAQ_PUBLIC_SCREENER,CSX,2026-09-24T19:02:43Z,RETRIEVAL_TIME_ONLY
CTAS,CINTAS CORP,191.97,76695233761.0,NASDAQ_PUBLIC_SCREENER,CTAS,2026-09-24T19:02:43Z,RETRIEVAL_TIME_ONLY
CTSH,COGNIZANT TECH SOLUTIONS A,59.14,26639270520.0,NASDAQ_PUBLIC_SCREENER,CTSH,2026-09-24T19:02:43Z,RETRIEVAL_TIME_ONLY
CTVA,CORTEVA INC,80.42,53655902320.0,NASDAQ_PUBLIC_SCREENER,CTVA,2026-09-24T19:02:43Z,RETRIEVAL_TIME_ONLY
CVNA,CARVANA CO,63.95,70374658092.0,NASDAQ_PUBLIC_SCREENER,CVNA,2026-09-24T19:02:43Z,RETRIEVAL_TIME_ONLY
CVS,CVS HEALTH CORP,85.86,109812395882.0,NASDAQ_PUBLIC_SCREENER,CVS,2026-09-24T19:02:43Z,RETRIEVAL_TIME_ONLY
CVX,CHEVRON CORP,205.51,406040754520.0,NASDAQ_PUBLIC_SCREENER,CVX,2026-09-24T19:02:43Z,RETRIEVAL_TIME_ONLY
D,DOMINION ENERGY INC,61.17,53800602300.0,NASDAQ_PUBLIC_SCREENER,D,2026-09-24T19:02:43Z,RETRIEVAL_TIME_ONLY
DAL,DELTA AIR LINES INC,81.75,53760682703.0,NASDAQ_PUBLIC_SCREENER,DAL,2026-09-24T19:02:43Z,RETRIEVAL_TIME_ONLY
DASH,DOORDASH INC A,189.27,82010300536.0,NASDAQ_PUBLIC_SCREENER,DASH,2026-09-24T19:02:43Z,RETRIEVAL_TIME_ONLY
DD,DUPONT DE NEMOURS INC,130.88,17674424568.0,NASDAQ_PUBLIC_SCREENER,DD,2026-09-24T19:02:43Z,RETRIEVAL_TIME_ONLY
DDOG,DATADOG INC CLASS A,251.49,90303777786.0,NASDAQ_PUBLIC_SCREENER,DDOG,2026-09-24T19:02:43Z,RETRIEVAL_TIME_ONLY
DE,DEERE + CO,709.48,191293837306.0,NASDAQ_PUBLIC_SCREENER,DE,2026-09-24T19:02:43Z,RETRIEVAL_TIME_ONLY
DECK,DECKERS OUTDOOR CORP,78.59,10720794100.0,NASDAQ_PUBLIC_SCREENER,DECK,2026-09-24T19:02:43Z,RETRIEVAL_TIME_ONLY
DELL,DELL TECHNOLOGIES C,549.83,349588924333.0,NASDAQ_PUBLIC_SCREENER,DELL,2026-09-24T19:02:43Z,RETRIEVAL_TIME_ONLY
DG,DOLLAR GENERAL CORP,120.6,26606384874.0,NASDAQ_PUBLIC_SCREENER,DG,2026-09-24T19:02:43Z,RETRIEVAL_TIME_ONLY
DGX,QUEST DIAGNOSTICS INC,233.0,25716992880.0,NASDAQ_PUBLIC_SCREENER,DGX,2026-09-24T19:02:43Z,RETRIEVAL_TIME_ONLY
DHI,DR HORTON INC,140.17,39205726595.0,NASDAQ_PUBLIC_SCREENER,DHI,2026-09-24T19:02:43Z,RETRIEVAL_TIME_ONLY
DHR,DANAHER CORP,221.56,155753590124.0,NASDAQ_PUBLIC_SCREENER,DHR,2026-09-24T19:02:43Z,RETRIEVAL_TIME_ONLY
DIS,WALT DISNEY CO/THE,103.46,178643026881.0,NASDAQ_PUBLIC_SCREENER,DIS,2026-09-24T19:02:43Z,RETRIEVAL_TIME_ONLY
DLR,DIGITAL REALTY TRUST INC,181.45,67143064135.0,NASDAQ_PUBLIC_SCREENER,DLR,2026-09-24T19:02:43Z,RETRIEVAL_TIME_ONLY
DLTR,DOLLAR TREE INC,113.16,21232244635.0,NASDAQ_PUBLIC_SCREENER,DLTR,2026-09-24T19:02:43Z,RETRIEVAL_TIME_ONLY
DOC,HEALTHPEAK PROPERTIES INC,20.48,14121518285.0,NASDAQ_PUBLIC_SCREENER,DOC,2026-09-24T19:02:43Z,RETRIEVAL_TIME_ONLY
DOV,DOVER CORP,189.03,25458602932.0,NASDAQ_PUBLIC_SCREENER,DOV,2026-09-24T19:02:43Z,RETRIEVAL_TIME_ONLY
DOW,DOW INC,28.65,20695061370.0,NASDAQ_PUBLIC_SCREENER,DOW,2026-09-24T19:02:43Z,RETRIEVAL_TIME_ONLY
DPZ,DOMINO S PIZZA INC,296.43,9806418706.0,NASDAQ_PUBLIC_SCREENER,DPZ,2026-09-24T19:02:43Z,RETRIEVAL_TIME_ONLY
DRI,DARDEN RESTAURANTS INC,213.69,24377321196.0,NASDAQ_PUBLIC_SCREENER,DRI,2026-09-24T19:02:43Z,RETRIEVAL_TIME_ONLY
DTE,DTE ENERGY COMPANY,122.89,25571942799.0,NASDAQ_PUBLIC_SCREENER,DTE,2026-09-24T19:02:43Z,RETRIEVAL_TIME_ONLY
DUK,DUKE ENERGY CORP,114.17,89018599375.0,NASDAQ_PUBLIC_SCREENER,DUK,2026-09-24T19:02:43Z,RETRIEVAL_TIME_ONLY
DVA,DAVITA INC,183.14,11684332000.0,NASDAQ_PUBLIC_SCREENER,DVA,2026-09-24T19:02:43Z,RETRIEVAL_TIME_ONLY
DVN,DEVON ENERGY CORP,48.04,52844000000.0,NASDAQ_PUBLIC_SCREENER,DVN,2026-09-24T19:02:43Z,RETRIEVAL_TIME_ONLY
DXCM,DEXCOM INC,87.73,33105859913.0,NASDAQ_PUBLIC_SCREENER,DXCM,2026-09-24T19:02:43Z,RETRIEVAL_TIME_ONLY
EBAY,EBAY INC,109.09,48545050000.0,NASDAQ_PUBLIC_SCREENER,EBAY,2026-09-24T19:02:43Z,RETRIEVAL_TIME_ONLY
ECHO,ECHOSTAR CORP A,92.72,26964445056.0,NASDAQ_PUBLIC_SCREENER,ECHO,2026-09-24T19:02:43Z,RETRIEVAL_TIME_ONLY
ECL,ECOLAB INC,276.72,77572531022.0,NASDAQ_PUBLIC_SCREENER,ECL,2026-09-24T19:02:43Z,RETRIEVAL_TIME_ONLY
ED,CONSOLIDATED EDISON INC,102.61,37948116032.0,NASDAQ_PUBLIC_SCREENER,ED,2026-09-24T19:02:43Z,RETRIEVAL_TIME_ONLY
EFX,EQUIFAX INC,155.32,18247754047.0,NASDAQ_PUBLIC_SCREENER,EFX,2026-09-24T19:02:43Z,RETRIEVAL_TIME_ONLY
EG,EVEREST GROUP LTD,372.36,14277300432.0,NASDAQ_PUBLIC_SCREENER,EG,2026-09-24T19:02:43Z,RETRIEVAL_TIME_ONLY
EIX,EDISON INTERNATIONAL,53.51,20591396016.0,NASDAQ_PUBLIC_SCREENER,EIX,2026-09-24T19:02:43Z,RETRIEVAL_TIME_ONLY
EL,ESTEE LAUDER COMPANIES CL A,98.83,35756552377.0,NASDAQ_PUBLIC_SCREENER,EL,2026-09-24T19:02:43Z,RETRIEVAL_TIME_ONLY
ELV,ELEVANCE HEALTH INC,398.56,86435424222.0,NASDAQ_PUBLIC_SCREENER,ELV,2026-09-24T19:02:43Z,RETRIEVAL_TIME_ONLY
EME,EMCOR GROUP INC,751.8,33161823572.0,NASDAQ_PUBLIC_SCREENER,EME,2026-09-24T19:02:43Z,RETRIEVAL_TIME_ONLY
EMR,EMERSON ELECTRIC CO,154.59,86230302000.0,NASDAQ_PUBLIC_SCREENER,EMR,2026-09-24T19:02:43Z,RETRIEVAL_TIME_ONLY
EOG,EOG RESOURCES INC,141.84,74399218324.0,NASDAQ_PUBLIC_SCREENER,EOG,2026-09-24T19:02:43Z,RETRIEVAL_TIME_ONLY
EQIX,EQUINIX INC,1037.66,102387661695.0,NASDAQ_PUBLIC_SCREENER,EQIX,2026-09-24T19:02:43Z,RETRIEVAL_TIME_ONLY
EQT,EQT CORP,51.06,31938846960.0,NASDAQ_PUBLIC_SCREENER,EQT,2026-09-24T19:02:43Z,RETRIEVAL_TIME_ONLY
ERIE,ERIE INDEMNITY COMPANY CL A,225.77,10428105882.0,NASDAQ_PUBLIC_SCREENER,ERIE,2026-09-24T19:02:43Z,RETRIEVAL_TIME_ONLY
ES,EVERSOURCE ENERGY,64.91,24449958282.0,NASDAQ_PUBLIC_SCREENER,ES,2026-09-24T19:02:43Z,RETRIEVAL_TIME_ONLY
ESS,ESSEX PROPERTY TRUST INC,273.47,17575490013.0,NASDAQ_PUBLIC_SCREENER,ESS,2026-09-24T19:02:43Z,RETRIEVAL_TIME_ONLY
ETN,EATON CORP PLC,438.76,170414384000.0,NASDAQ_PUBLIC_SCREENER,ETN,2026-09-24T19:02:43Z,RETRIEVAL_TIME_ONLY
ETR,ENTERGY CORP,99.23,46303843547.0,NASDAQ_PUBLIC_SCREENER,ETR,2026-09-24T19:02:43Z,RETRIEVAL_TIME_ONLY
EVRG,EVERGY INC,78.42,18081077628.0,NASDAQ_PUBLIC_SCREENER,EVRG,2026-09-24T19:02:43Z,RETRIEVAL_TIME_ONLY
EW,EDWARDS LIFESCIENCES CORP,86.82,50043048000.0,NASDAQ_PUBLIC_SCREENER,EW,2026-09-24T19:02:43Z,RETRIEVAL_TIME_ONLY
EXC,EXELON CORP,40.69,42002413917.0,NASDAQ_PUBLIC_SCREENER,EXC,2026-09-24T19:02:43Z,RETRIEVAL_TIME_ONLY
EXE,EXPAND ENERGY CORP,87.04,20150089795.0,NASDAQ_PUBLIC_SCREENER,EXE,2026-09-24T19:02:43Z,RETRIEVAL_TIME_ONLY
EXPD,EXPEDITORS INTL WASH INC,188.03,24442136655.0,NASDAQ_PUBLIC_SCREENER,EXPD,2026-09-24T19:02:43Z,RETRIEVAL_TIME_ONLY
EXPE,EXPEDIA GROUP INC,259.04,29659015605.0,NASDAQ_PUBLIC_SCREENER,EXPE,2026-09-24T19:02:43Z,RETRIEVAL_TIME_ONLY
EXR,EXTRA SPACE STORAGE INC,133.84,28276317643.0,NASDAQ_PUBLIC_SCREENER,EXR,2026-09-24T19:02:43Z,RETRIEVAL_TIME_ONLY
F,FORD MOTOR CO,12.94,50682662068.0,NASDAQ_PUBLIC_SCREENER,F,2026-09-24T19:02:43Z,RETRIEVAL_TIME_ONLY
FANG,DIAMONDBACK ENERGY INC,185.65,51986521134.0,NASDAQ_PUBLIC_SCREENER,FANG,2026-09-24T19:02:43Z,RETRIEVAL_TIME_ONLY
FAST,FASTENAL CO,50.99,58510901247.0,NASDAQ_PUBLIC_SCREENER,FAST,2026-09-24T19:02:43Z,RETRIEVAL_TIME_ONLY
FCX,FREEPORT MCMORAN INC,72.58,104226151819.0,NASDAQ_PUBLIC_SCREENER,FCX,2026-09-24T19:02:43Z,RETRIEVAL_TIME_ONLY
FDS,FACTSET RESEARCH SYSTEMS INC,279.43,9938079680.0,NASDAQ_PUBLIC_SCREENER,FDS,2026-09-24T19:02:43Z,RETRIEVAL_TIME_ONLY
FDX,FEDEX CORP,291.5,68989431803.0,NASDAQ_PUBLIC_SCREENER,FDX,2026-09-24T19:02:43Z,RETRIEVAL_TIME_ONLY
FDXF,FEDEX FREIGHT HOLDING CO,119.22,17825551816.0,NASDAQ_PUBLIC_SCREENER,FDXF,2026-09-24T19:02:43Z,RETRIEVAL_TIME_ONLY
FE,FIRSTENERGY CORP,43.65,25257633032.0,NASDAQ_PUBLIC_SCREENER,FE,2026-09-24T19:02:43Z,RETRIEVAL_TIME_ONLY
FERG,FERGUSON ENTERPRISES INC,221.17,42785937419.0,NASDAQ_PUBLIC_SCREENER,FERG,2026-09-24T19:02:43Z,RETRIEVAL_TIME_ONLY
FFIV,F5 INC,455.99,25821428720.0,NASDAQ_PUBLIC_SCREENER,FFIV,2026-09-24T19:02:43Z,RETRIEVAL_TIME_ONLY
FICO,FAIR ISAAC CORP,879.62,18997711699.0,NASDAQ_PUBLIC_SCREENER,FICO,2026-09-24T19:02:43Z,RETRIEVAL_TIME_ONLY
FIS,FIDELITY NATIONAL INFO SERV,34.67,17879524142.0,NASDAQ_PUBLIC_SCREENER,FIS,2026-09-24T19:02:43Z,RETRIEVAL_TIME_ONLY
FISV,FISERV INC,45.95,24434680830.0,NASDAQ_PUBLIC_SCREENER,FISV,2026-09-24T19:02:43Z,RETRIEVAL_TIME_ONLY
FITB,FIFTH THIRD BANCORP,51.69,46877276633.0,NASDAQ_PUBLIC_SCREENER,FITB,2026-09-24T19:02:43Z,RETRIEVAL_TIME_ONLY
FIX,COMFORT SYSTEMS USA INC,1625.9,57222459521.0,NASDAQ_PUBLIC_SCREENER,FIX,2026-09-24T19:02:43Z,RETRIEVAL_TIME_ONLY
FLEX,FLEX LTD,112.3,41483954429.0,NASDAQ_PUBLIC_SCREENER,FLEX,2026-09-24T19:02:43Z,RETRIEVAL_TIME_ONLY
FOX,FOX CORP CLASS B,56.96,24018529509.0,NASDAQ_PUBLIC_SCREENER,FOX,2026-09-24T19:02:43Z,RETRIEVAL_TIME_ONLY
FOXA,FOX CORP CLASS A,63.96,26970244863.0,NASDAQ_PUBLIC_SCREENER,FOXA,2026-09-24T19:02:43Z,RETRIEVAL_TIME_ONLY
FRT,FEDERAL REALTY INVS TRUST,109.39,9504802259.0,NASDAQ_PUBLIC_SCREENER,FRT,2026-09-24T19:02:43Z,RETRIEVAL_TIME_ONLY
FSLR,FIRST SOLAR INC,191.97,20630975202.0,NASDAQ_PUBLIC_SCREENER,FSLR,2026-09-24T19:02:43Z,RETRIEVAL_TIME_ONLY
FTNT,FORTINET INC,178.74,131143978337.0,NASDAQ_PUBLIC_SCREENER,FTNT,2026-09-24T19:02:43Z,RETRIEVAL_TIME_ONLY
FTV,FORTIVE CORP,56.26,16991479346.0,NASDAQ_PUBLIC_SCREENER,FTV,2026-09-24T19:02:43Z,RETRIEVAL_TIME_ONLY
GD,GENERAL DYNAMICS CORP,343.33,92890401759.0,NASDAQ_PUBLIC_SCREENER,GD,2026-09-24T19:02:43Z,RETRIEVAL_TIME_ONLY
GDDY,GODADDY INC CLASS A,96.38,12206305712.0,NASDAQ_PUBLIC_SCREENER,GDDY,2026-09-24T19:02:43Z,RETRIEVAL_TIME_ONLY
GE,GENERAL ELECTRIC,319.8,331812491657.0,NASDAQ_PUBLIC_SCREENER,GE,2026-09-24T19:02:43Z,RETRIEVAL_TIME_ONLY
GEHC,GE HEALTHCARE TECHNOLOGY,66.09,29851944395.0,NASDAQ_PUBLIC_SCREENER,GEHC,2026-09-24T19:02:43Z,RETRIEVAL_TIME_ONLY
GEN,GEN DIGITAL INC,26.23,15700937849.0,NASDAQ_PUBLIC_SCREENER,GEN,2026-09-24T19:02:43Z,RETRIEVAL_TIME_ONLY
GEV,GE VERNOVA INC,951.82,253501629067.0,NASDAQ_PUBLIC_SCREENER,GEV,2026-09-24T19:02:43Z,RETRIEVAL_TIME_ONLY
GILD,GILEAD SCIENCES INC,151.37,187692011812.0,NASDAQ_PUBLIC_SCREENER,GILD,2026-09-24T19:02:43Z,RETRIEVAL_TIME_ONLY
GIS,GENERAL MILLS INC,35.82,19150427687.0,NASDAQ_PUBLIC_SCREENER,GIS,2026-09-24T19:02:43Z,RETRIEVAL_TIME_ONLY
GL,GLOBE LIFE INC,168.75,12968344181.0,NASDAQ_PUBLIC_SCREENER,GL,2026-09-24T19:02:43Z,RETRIEVAL_TIME_ONLY
GLW,CORNING INC,154.48,133067269373.0,NASDAQ_PUBLIC_SCREENER,GLW,2026-09-24T19:02:43Z,RETRIEVAL_TIME_ONLY
GM,GENERAL MOTORS CO,83.77,73504115590.0,NASDAQ_PUBLIC_SCREENER,GM,2026-09-24T19:02:43Z,RETRIEVAL_TIME_ONLY
GNRC,GENERAC HOLDINGS INC,199.42,11767048511.0,NASDAQ_PUBLIC_SCREENER,GNRC,2026-09-24T19:02:43Z,RETRIEVAL_TIME_ONLY
GOOG,ALPHABET INC CL C,334.98,4096805400000.0,NASDAQ_PUBLIC_SCREENER,GOOG,2026-09-24T19:02:43Z,RETRIEVAL_TIME_ONLY
GOOGL,ALPHABET INC CL A,337.83,4131660900000.0,NASDAQ_PUBLIC_SCREENER,GOOGL,2026-09-24T19:02:43Z,RETRIEVAL_TIME_ONLY
GPC,GENUINE PARTS CO,128.76,17750822440.0,NASDAQ_PUBLIC_SCREENER,GPC,2026-09-24T19:02:43Z,RETRIEVAL_TIME_ONLY
GPN,GLOBAL PAYMENTS INC,84.0,22227944760.0,NASDAQ_PUBLIC_SCREENER,GPN,2026-09-24T19:02:43Z,RETRIEVAL_TIME_ONLY
GRMN,GARMIN LTD,287.58,55460532303.0,NASDAQ_PUBLIC_SCREENER,GRMN,2026-09-24T19:02:43Z,RETRIEVAL_TIME_ONLY
GS,GOLDMAN SACHS GROUP INC,936.36,272641259595.0,NASDAQ_PUBLIC_SCREENER,GS,2026-09-24T19:02:43Z,RETRIEVAL_TIME_ONLY
GWW,WW GRAINGER INC,1270.67,59849753971.0,NASDAQ_PUBLIC_SCREENER,GWW,2026-09-24T19:02:43Z,RETRIEVAL_TIME_ONLY
HAL,HALLIBURTON CO,33.01,27501633415.0,NASDAQ_PUBLIC_SCREENER,HAL,2026-09-24T19:02:43Z,RETRIEVAL_TIME_ONLY
HAS,HASBRO INC,86.52,12203167285.0,NASDAQ_PUBLIC_SCREENER,HAS,2026-09-24T19:02:43Z,RETRIEVAL_TIME_ONLY
HBAN,HUNTINGTON BANCSHARES INC,15.38,31073980024.0,NASDAQ_PUBLIC_SCREENER,HBAN,2026-09-24T19:02:43Z,RETRIEVAL_TIME_ONLY
HCA,HCA HEALTHCARE INC,436.48,94498574720.0,NASDAQ_PUBLIC_SCREENER,HCA,2026-09-24T19:02:43Z,RETRIEVAL_TIME_ONLY
HD,HOME DEPOT INC,296.72,296034465827.0,NASDAQ_PUBLIC_SCREENER,HD,2026-09-24T19:02:43Z,RETRIEVAL_TIME_ONLY
HIG,HARTFORD INSURANCE GROUP INC,126.59,34289686733.0,NASDAQ_PUBLIC_SCREENER,HIG,2026-09-24T19:02:43Z,RETRIEVAL_TIME_ONLY
HII,HUNTINGTON INGALLS INDUSTRIE,269.8,10631360540.0,NASDAQ_PUBLIC_SCREENER,HII,2026-09-24T19:02:43Z,RETRIEVAL_TIME_ONLY
HLT,HILTON WORLDWIDE HOLDINGS IN,307.22,69144441650.0,NASDAQ_PUBLIC_SCREENER,HLT,2026-09-24T19:02:43Z,RETRIEVAL_TIME_ONLY
HON,HONEYWELL INTERNATIONAL INC,212.57,67371937926.0,NASDAQ_PUBLIC_SCREENER,HON,2026-09-24T19:02:43Z,RETRIEVAL_TIME_ONLY
HONA,HONEYWELL AEROSPACE INC,163.33,51767888574.0,NASDAQ_PUBLIC_SCREENER,HONA,2026-09-24T19:02:43Z,RETRIEVAL_TIME_ONLY
HOOD,ROBINHOOD MARKETS INC A,122.7,110317394897.0,NASDAQ_PUBLIC_SCREENER,HOOD,2026-09-24T19:02:43Z,RETRIEVAL_TIME_ONLY
HPE,HEWLETT PACKARD ENTERPRISE,62.33,82740879675.0,NASDAQ_PUBLIC_SCREENER,HPE,2026-09-24T19:02:43Z,RETRIEVAL_TIME_ONLY
HPQ,HP INC,32.16,29001597563.0,NASDAQ_PUBLIC_SCREENER,HPQ,2026-09-24T19:02:43Z,RETRIEVAL_TIME_ONLY
HRL,HORMEL FOODS CORP,19.92,10962987936.0,NASDAQ_PUBLIC_SCREENER,HRL,2026-09-24T19:02:43Z,RETRIEVAL_TIME_ONLY
HSIC,HENRY SCHEIN INC,85.05,9478528397.0,NASDAQ_PUBLIC_SCREENER,HSIC,2026-09-24T19:02:43Z,RETRIEVAL_TIME_ONLY
HST,HOST HOTELS + RESORTS INC,22.15,15175505438.0,NASDAQ_PUBLIC_SCREENER,HST,2026-09-24T19:02:43Z,RETRIEVAL_TIME_ONLY
HSY,HERSHEY CO/THE,168.45,33845926922.0,NASDAQ_PUBLIC_SCREENER,HSY,2026-09-24T19:02:43Z,RETRIEVAL_TIME_ONLY
HUBB,HUBBELL INC,463.7,24498463173.0,NASDAQ_PUBLIC_SCREENER,HUBB,2026-09-24T19:02:43Z,RETRIEVAL_TIME_ONLY
HUM,HUMANA INC,374.78,45003697832.0,NASDAQ_PUBLIC_SCREENER,HUM,2026-09-24T19:02:43Z,RETRIEVAL_TIME_ONLY
HWM,HOWMET AEROSPACE INC,228.78,91237784063.0,NASDAQ_PUBLIC_SCREENER,HWM,2026-09-24T19:02:43Z,RETRIEVAL_TIME_ONLY
IBKR,INTERACTIVE BROKERS GRO CL A,91.56,41483837337.0,NASDAQ_PUBLIC_SCREENER,IBKR,2026-09-24T19:02:43Z,RETRIEVAL_TIME_ONLY
IBM,INTL BUSINESS MACHINES CORP,232.76,219291200616.0,NASDAQ_PUBLIC_SCREENER,IBM,2026-09-24T19:02:43Z,RETRIEVAL_TIME_ONLY
ICE,INTERCONTINENTAL EXCHANGE IN,156.35,87774028042.0,NASDAQ_PUBLIC_SCREENER,ICE,2026-09-24T19:02:43Z,RETRIEVAL_TIME_ONLY
IDXX,IDEXX LABORATORIES INC,522.02,41125318174.0,NASDAQ_PUBLIC_SCREENER,IDXX,2026-09-24T19:02:43Z,RETRIEVAL_TIME_ONLY
IEX,IDEX CORP,229.67,16931248514.0,NASDAQ_PUBLIC_SCREENER,IEX,2026-09-24T19:02:43Z,RETRIEVAL_TIME_ONLY
IFF,INTL FLAVORS + FRAGRANCES,85.71,21868903329.0,NASDAQ_PUBLIC_SCREENER,IFF,2026-09-24T19:02:43Z,RETRIEVAL_TIME_ONLY
INCY,INCYTE CORP,124.64,25264247061.0,NASDAQ_PUBLIC_SCREENER,INCY,2026-09-24T19:02:43Z,RETRIEVAL_TIME_ONLY
INTC,INTEL CORP,122.6,647949522049.0,NASDAQ_PUBLIC_SCREENER,INTC,2026-09-24T19:02:43Z,RETRIEVAL_TIME_ONLY
INTU,INTUIT INC,286.8,76643284800.0,NASDAQ_PUBLIC_SCREENER,INTU,2026-09-24T19:02:43Z,RETRIEVAL_TIME_ONLY
INVH,INVITATION HOMES INC,26.93,15905483476.0,NASDAQ_PUBLIC_SCREENER,INVH,2026-09-24T19:02:43Z,RETRIEVAL_TIME_ONLY
IP,INTERNATIONAL PAPER CO,35.7,18905645252.0,NASDAQ_PUBLIC_SCREENER,IP,2026-09-24T19:02:43Z,RETRIEVAL_TIME_ONLY
IQV,IQVIA HOLDINGS INC,267.86,44089756000.0,NASDAQ_PUBLIC_SCREENER,IQV,2026-09-24T19:02:43Z,RETRIEVAL_TIME_ONLY
IR,INGERSOLL RAND INC,76.22,29573316478.0,NASDAQ_PUBLIC_SCREENER,IR,2026-09-24T19:02:43Z,RETRIEVAL_TIME_ONLY
IRM,IRON MOUNTAIN INC,115.09,34262616633.0,NASDAQ_PUBLIC_SCREENER,IRM,2026-09-24T19:02:43Z,RETRIEVAL_TIME_ONLY
ISRG,INTUITIVE SURGICAL INC,398.3,140710642535.0,NASDAQ_PUBLIC_SCREENER,ISRG,2026-09-24T19:02:43Z,RETRIEVAL_TIME_ONLY
IT,GARTNER INC,178.52,11273355196.0,NASDAQ_PUBLIC_SCREENER,IT,2026-09-24T19:02:43Z,RETRIEVAL_TIME_ONLY
ITW,ILLINOIS TOOL WORKS,273.42,77870016000.0,NASDAQ_PUBLIC_SCREENER,ITW,2026-09-24T19:02:43Z,RETRIEVAL_TIME_ONLY
IVZ,INVESCO LTD,30.74,13571703237.0,NASDAQ_PUBLIC_SCREENER,IVZ,2026-09-24T19:02:43Z,RETRIEVAL_TIME_ONLY
J,JACOBS SOLUTIONS INC,141.12,16516488784.0,NASDAQ_PUBLIC_SCREENER,J,2026-09-24T19:02:43Z,RETRIEVAL_TIME_ONLY
JBHT,HUNT (JB) TRANSPRT SVCS INC,234.63,22035262138.0,NASDAQ_PUBLIC_SCREENER,JBHT,2026-09-24T19:02:43Z,RETRIEVAL_TIME_ONLY
JBL,JABIL INC,308.75,32353013729.0,NASDAQ_PUBLIC_SCREENER,JBL,2026-09-24T19:02:43Z,RETRIEVAL_TIME_ONLY
JCI,JOHNSON CONTROLS INTERNATION,145.9,88377680473.0,NASDAQ_PUBLIC_SCREENER,JCI,2026-09-24T19:02:43Z,RETRIEVAL_TIME_ONLY
JKHY,JACK HENRY + ASSOCIATES INC,148.33,10399803145.0,NASDAQ_PUBLIC_SCREENER,JKHY,2026-09-24T19:02:43Z,RETRIEVAL_TIME_ONLY
JNJ,JOHNSON + JOHNSON,269.17,648672405354.0,NASDAQ_PUBLIC_SCREENER,JNJ,2026-09-24T19:02:43Z,RETRIEVAL_TIME_ONLY
JPM,JPMORGAN CHASE + CO,337.53,897217586398.0,NASDAQ_PUBLIC_SCREENER,JPM,2026-09-24T19:02:43Z,RETRIEVAL_TIME_ONLY
KDP,KEURIG DR PEPPER INC,31.76,43219834967.0,NASDAQ_PUBLIC_SCREENER,KDP,2026-09-24T19:02:43Z,RETRIEVAL_TIME_ONLY
KEY,KEYCORP,20.24,21598681933.0,NASDAQ_PUBLIC_SCREENER,KEY,2026-09-24T19:02:43Z,RETRIEVAL_TIME_ONLY
KEYS,KEYSIGHT TECHNOLOGIES IN,353.36,60157683093.0,NASDAQ_PUBLIC_SCREENER,KEYS,2026-09-24T19:02:43Z,RETRIEVAL_TIME_ONLY
KHC,KRAFT HEINZ CO/THE,23.79,28210747203.0,NASDAQ_PUBLIC_SCREENER,KHC,2026-09-24T19:02:43Z,RETRIEVAL_TIME_ONLY
KIM,KIMCO REALTY CORP,22.21,14898231974.0,NASDAQ_PUBLIC_SCREENER,KIM,2026-09-24T19:02:43Z,RETRIEVAL_TIME_ONLY
KKR,KKR + CO INC,97.21,87259156773.0,NASDAQ_PUBLIC_SCREENER,KKR,2026-09-24T19:02:43Z,RETRIEVAL_TIME_ONLY
KLAC,KLA CORP,187.86,245158519587.0,NASDAQ_PUBLIC_SCREENER,KLAC,2026-09-24T19:02:43Z,RETRIEVAL_TIME_ONLY
KMB,KIMBERLY CLARK CORP,97.7,32492972013.0,NASDAQ_PUBLIC_SCREENER,KMB,2026-09-24T19:02:43Z,RETRIEVAL_TIME_ONLY
KMI,KINDER MORGAN INC,31.37,69854781532.0,NASDAQ_PUBLIC_SCREENER,KMI,2026-09-24T19:02:43Z,RETRIEVAL_TIME_ONLY
KO,COCA COLA CO/THE,88.09,379011562816.0,NASDAQ_PUBLIC_SCREENER,KO,2026-09-24T19:02:43Z,RETRIEVAL_TIME_ONLY
KR,KROGER CO,57.64,34041532668.0,NASDAQ_PUBLIC_SCREENER,KR,2026-09-24T19:02:43Z,RETRIEVAL_TIME_ONLY
KVUE,KENVUE INC,17.67,33940067162.0,NASDAQ_PUBLIC_SCREENER,KVUE,2026-09-24T19:02:43Z,RETRIEVAL_TIME_ONLY
L,LOEWS CORP,105.04,21473087709.0,NASDAQ_PUBLIC_SCREENER,L,2026-09-24T19:02:43Z,RETRIEVAL_TIME_ONLY
LDOS,LEIDOS HOLDINGS INC,124.69,15647623540.0,NASDAQ_PUBLIC_SCREENER,LDOS,2026-09-24T19:02:43Z,RETRIEVAL_TIME_ONLY
LEN,LENNAR CORP A,81.52,19637771976.0,NASDAQ_PUBLIC_SCREENER,LEN,2026-09-24T19:02:43Z,RETRIEVAL_TIME_ONLY
LH,LABCORP HOLDINGS INC,303.98,24652778000.0,NASDAQ_PUBLIC_SCREENER,LH,2026-09-24T19:02:43Z,RETRIEVAL_TIME_ONLY
LHX,L3HARRIS TECHNOLOGIES INC,239.21,44544398293.0,NASDAQ_PUBLIC_SCREENER,LHX,2026-09-24T19:02:43Z,RETRIEVAL_TIME_ONLY
LII,LENNOX INTERNATIONAL INC,372.34,12868321730.0,NASDAQ_PUBLIC_SCREENER,LII,2026-09-24T19:02:43Z,RETRIEVAL_TIME_ONLY
LIN,LINDE PLC,469.72,216531602164.0,NASDAQ_PUBLIC_SCREENER,LIN,2026-09-24T19:02:43Z,RETRIEVAL_TIME_ONLY
LITE,LUMENTUM HOLDINGS INC,937.0,84048900000.0,NASDAQ_PUBLIC_SCREENER,LITE,2026-09-24T19:02:43Z,RETRIEVAL_TIME_ONLY
LLY,ELI LILLY + CO,1150.99,1083492568244.0,NASDAQ_PUBLIC_SCREENER,LLY,2026-09-24T19:02:43Z,RETRIEVAL_TIME_ONLY
LMT,LOCKHEED MARTIN CORP,524.68,121091292284.0,NASDAQ_PUBLIC_SCREENER,LMT,2026-09-24T19:02:43Z,RETRIEVAL_TIME_ONLY
LNT,ALLIANT ENERGY CORP,63.69,16513842479.0,NASDAQ_PUBLIC_SCREENER,LNT,2026-09-24T19:02:43Z,RETRIEVAL_TIME_ONLY
LOW,LOWE S COS INC,191.36,107363297076.0,NASDAQ_PUBLIC_SCREENER,LOW,2026-09-24T19:02:43Z,RETRIEVAL_TIME_ONLY
LRCX,LAM RESEARCH CORP,307.28,384505916880.0,NASDAQ_PUBLIC_SCREENER,LRCX,2026-09-24T19:02:43Z,RETRIEVAL_TIME_ONLY
LULU,LULULEMON ATHLETICA INC,102.28,10800160866.0,NASDAQ_PUBLIC_SCREENER,LULU,2026-09-24T19:02:43Z,RETRIEVAL_TIME_ONLY
LUV,SOUTHWEST AIRLINES CO,41.04,20077104569.0,NASDAQ_PUBLIC_SCREENER,LUV,2026-09-24T19:02:43Z,RETRIEVAL_TIME_ONLY
LVS,LAS VEGAS SANDS CORP,39.19,25383409401.0,NASDAQ_PUBLIC_SCREENER,LVS,2026-09-24T19:02:43Z,RETRIEVAL_TIME_ONLY
LYB,LYONDELLBASELL INDU CL A,59.97,19372585981.0,NASDAQ_PUBLIC_SCREENER,LYB,2026-09-24T19:02:43Z,RETRIEVAL_TIME_ONLY
LYV,LIVE NATION ENTERTAINMENT IN,169.03,39829191356.0,NASDAQ_PUBLIC_SCREENER,LYV,2026-09-24T19:02:43Z,RETRIEVAL_TIME_ONLY
MA,MASTERCARD INC A,559.92,490495485605.0,NASDAQ_PUBLIC_SCREENER,MA,2026-09-24T19:02:43Z,RETRIEVAL_TIME_ONLY
MAA,MID AMERICA APARTMENT COMM,117.78,13665066095.0,NASDAQ_PUBLIC_SCREENER,MAA,2026-09-24T19:02:43Z,RETRIEVAL_TIME_ONLY
MAR,MARRIOTT INTERNATIONAL CL A,351.66,91701072838.0,NASDAQ_PUBLIC_SCREENER,MAR,2026-09-24T19:02:43Z,RETRIEVAL_TIME_ONLY
MAS,MASCO CORP,68.16,13440295229.0,NASDAQ_PUBLIC_SCREENER,MAS,2026-09-24T19:02:43Z,RETRIEVAL_TIME_ONLY
MCD,MCDONALD S CORP,238.32,168645129668.0,NASDAQ_PUBLIC_SCREENER,MCD,2026-09-24T19:02:43Z,RETRIEVAL_TIME_ONLY
MCHP,MICROCHIP TECHNOLOGY INC,75.53,41013446431.0,NASDAQ_PUBLIC_SCREENER,MCHP,2026-09-24T19:02:43Z,RETRIEVAL_TIME_ONLY
MCK,MCKESSON CORP,880.5,102657814622.0,NASDAQ_PUBLIC_SCREENER,MCK,2026-09-24T19:02:43Z,RETRIEVAL_TIME_ONLY
MCO,MOODY S CORP,473.85,82070820000.0,NASDAQ_PUBLIC_SCREENER,MCO,2026-09-24T19:02:43Z,RETRIEVAL_TIME_ONLY
MDLZ,MONDELEZ INTERNATIONAL INC A,61.44,78416367022.0,NASDAQ_PUBLIC_SCREENER,MDLZ,2026-09-24T19:02:43Z,RETRIEVAL_TIME_ONLY
MDT,MEDTRONIC PLC,89.3,114227013577.0,NASDAQ_PUBLIC_SCREENER,MDT,2026-09-24T19:02:43Z,RETRIEVAL_TIME_ONLY
MET,METLIFE INC,97.2,61768357304.0,NASDAQ_PUBLIC_SCREENER,MET,2026-09-24T19:02:43Z,RETRIEVAL_TIME_ONLY
META,META PLATFORMS INC CLASS A,744.1,1895599382023.0,NASDAQ_PUBLIC_SCREENER,META,2026-09-24T19:02:43Z,RETRIEVAL_TIME_ONLY
MGM,MGM RESORTS INTERNATIONAL,37.85,9777530963.0,NASDAQ_PUBLIC_SCREENER,MGM,2026-09-24T19:02:43Z,RETRIEVAL_TIME_ONLY
MKC,MCCORMICK + CO NON VTG SHRS,49.09,13197922688.0,NASDAQ_PUBLIC_SCREENER,MKC,2026-09-24T19:02:43Z,RETRIEVAL_TIME_ONLY
MLM,MARTIN MARIETTA MATERIALS,490.45,29459290738.0,NASDAQ_PUBLIC_SCREENER,MLM,2026-09-24T19:02:43Z,RETRIEVAL_TIME_ONLY
MMM,3M CO,170.3,87827527615.0,NASDAQ_PUBLIC_SCREENER,MMM,2026-09-24T19:02:43Z,RETRIEVAL_TIME_ONLY
MNST,MONSTER BEVERAGE CORP,43.91,129033073487.0,NASDAQ_PUBLIC_SCREENER,MNST,2026-09-24T19:02:43Z,RETRIEVAL_TIME_ONLY
MO,ALTRIA GROUP INC,68.95,115128843698.0,NASDAQ_PUBLIC_SCREENER,MO,2026-09-24T19:02:43Z,RETRIEVAL_TIME_ONLY
MOS,MOSAIC CO/THE,24.37,7747116893.0,NASDAQ_PUBLIC_SCREENER,MOS,2026-09-24T19:02:43Z,RETRIEVAL_TIME_ONLY
MPC,MARATHON PETROLEUM CORP,388.38,109066721454.0,NASDAQ_PUBLIC_SCREENER,MPC,2026-09-24T19:02:43Z,RETRIEVAL_TIME_ONLY
MPWR,MONOLITHIC POWER SYSTEMS INC,1355.47,66611862210.0,NASDAQ_PUBLIC_SCREENER,MPWR,2026-09-24T19:02:43Z,RETRIEVAL_TIME_ONLY
MRK,MERCK + CO. INC.,148.08,365338776155.0,NASDAQ_PUBLIC_SCREENER,MRK,2026-09-24T19:02:43Z,RETRIEVAL_TIME_ONLY
MRNA,MODERNA INC,182.11,72704847746.0,NASDAQ_PUBLIC_SCREENER,MRNA,2026-09-24T19:02:43Z,RETRIEVAL_TIME_ONLY
MRSH,MARSH + MCLENNAN COS,170.38,81307255842.0,NASDAQ_PUBLIC_SCREENER,MRSH,2026-09-24T19:02:43Z,RETRIEVAL_TIME_ONLY
MRVL,MARVELL TECHNOLOGY INC,260.9,228783210000.0,NASDAQ_PUBLIC_SCREENER,MRVL,2026-09-24T19:02:43Z,RETRIEVAL_TIME_ONLY
MS,MORGAN STANLEY,198.39,311584646670.0,NASDAQ_PUBLIC_SCREENER,MS,2026-09-24T19:02:43Z,RETRIEVAL_TIME_ONLY
MSCI,MSCI INC,555.7,40399390000.0,NASDAQ_PUBLIC_SCREENER,MSCI,2026-09-24T19:02:43Z,RETRIEVAL_TIME_ONLY
MSFT,MICROSOFT CORP,500.59,3717153817340.0,NASDAQ_PUBLIC_SCREENER,MSFT,2026-09-24T19:02:43Z,RETRIEVAL_TIME_ONLY
MSI,MOTOROLA SOLUTIONS INC,460.44,76199959747.0,NASDAQ_PUBLIC_SCREENER,MSI,2026-09-24T19:02:43Z,RETRIEVAL_TIME_ONLY
MTB,M + T BANK CORP,219.58,31710922810.0,NASDAQ_PUBLIC_SCREENER,MTB,2026-09-24T19:02:43Z,RETRIEVAL_TIME_ONLY
MTD,METTLER TOLEDO INTERNATIONAL,1492.34,29901358458.0,NASDAQ_PUBLIC_SCREENER,MTD,2026-09-24T19:02:43Z,RETRIEVAL_TIME_ONLY
MU,MICRON TECHNOLOGY INC,1071.88,1210573930694.0,NASDAQ_PUBLIC_SCREENER,MU,2026-09-24T19:02:43Z,RETRIEVAL_TIME_ONLY
NCLH,NORWEGIAN CRUISE LINE HOLDIN,14.18,6511283656.0,NASDAQ_PUBLIC_SCREENER,NCLH,2026-09-24T19:02:43Z,RETRIEVAL_TIME_ONLY
NDAQ,NASDAQ INC,95.44,53348800384.0,NASDAQ_PUBLIC_SCREENER,NDAQ,2026-09-24T19:02:43Z,RETRIEVAL_TIME_ONLY
NDSN,NORDSON CORP,321.42,17902890220.0,NASDAQ_PUBLIC_SCREENER,NDSN,2026-09-24T19:02:43Z,RETRIEVAL_TIME_ONLY
NEE,NEXTERA ENERGY INC,77.02,160662041657.0,NASDAQ_PUBLIC_SCREENER,NEE,2026-09-24T19:02:43Z,RETRIEVAL_TIME_ONLY
NEM,NEWMONT CORP,123.55,130183680082.0,NASDAQ_PUBLIC_SCREENER,NEM,2026-09-24T19:02:43Z,RETRIEVAL_TIME_ONLY
NFLX,NETFLIX INC,71.36,297138735279.0,NASDAQ_PUBLIC_SCREENER,NFLX,2026-09-24T19:02:43Z,RETRIEVAL_TIME_ONLY
NI,NISOURCE INC,39.25,18822733925.0,NASDAQ_PUBLIC_SCREENER,NI,2026-09-24T19:02:43Z,RETRIEVAL_TIME_ONLY
NKE,NIKE INC CL B,36.05,53480128243.0,NASDAQ_PUBLIC_SCREENER,NKE,2026-09-24T19:02:43Z,RETRIEVAL_TIME_ONLY
NOC,NORTHROP GRUMMAN CORP,514.42,73080061835.0,NASDAQ_PUBLIC_SCREENER,NOC,2026-09-24T19:02:43Z,RETRIEVAL_TIME_ONLY
NOW,SERVICENOW INC,140.78,145566520000.0,NASDAQ_PUBLIC_SCREENER,NOW,2026-09-24T19:02:43Z,RETRIEVAL_TIME_ONLY
NRG,NRG ENERGY INC,100.72,21172399848.0,NASDAQ_PUBLIC_SCREENER,NRG,2026-09-24T19:02:43Z,RETRIEVAL_TIME_ONLY
NSC,NORFOLK SOUTHERN CORP,315.01,70753883579.0,NASDAQ_PUBLIC_SCREENER,NSC,2026-09-24T19:02:43Z,RETRIEVAL_TIME_ONLY
NTAP,NETAPP INC,196.33,38562943252.0,NASDAQ_PUBLIC_SCREENER,NTAP,2026-09-24T19:02:43Z,RETRIEVAL_TIME_ONLY
NTRS,NORTHERN TRUST CORP,173.99,31832454065.0,NASDAQ_PUBLIC_SCREENER,NTRS,2026-09-24T19:02:43Z,RETRIEVAL_TIME_ONLY
NUE,NUCOR CORP,246.98,56033754458.0,NASDAQ_PUBLIC_SCREENER,NUE,2026-09-24T19:02:43Z,RETRIEVAL_TIME_ONLY
NVDA,NVIDIA CORP,225.51,5434791000000.0,NASDAQ_PUBLIC_SCREENER,NVDA,2026-09-24T19:02:43Z,RETRIEVAL_TIME_ONLY
NVR,NVR INC,6241.61,16633016825.0,NASDAQ_PUBLIC_SCREENER,NVR,2026-09-24T19:02:43Z,RETRIEVAL_TIME_ONLY
NWS,NEWS CORP CLASS B,31.22,16891663358.0,NASDAQ_PUBLIC_SCREENER,NWS,2026-09-24T19:02:43Z,RETRIEVAL_TIME_ONLY
NWSA,NEWS CORP CLASS A,28.12,15214400181.0,NASDAQ_PUBLIC_SCREENER,NWSA,2026-09-24T19:02:43Z,RETRIEVAL_TIME_ONLY
NXPI,NXP SEMICONDUCTORS NV,235.44,59369533127.0,NASDAQ_PUBLIC_SCREENER,NXPI,2026-09-24T19:02:43Z,RETRIEVAL_TIME_ONLY
O,REALTY INCOME CORP,55.61,52619184815.0,NASDAQ_PUBLIC_SCREENER,O,2026-09-24T19:02:43Z,RETRIEVAL_TIME_ONLY
ODFL,OLD DOMINION FREIGHT LINE,177.72,36851418862.0,NASDAQ_PUBLIC_SCREENER,ODFL,2026-09-24T19:02:43Z,RETRIEVAL_TIME_ONLY
OKE,ONEOK INC,90.54,57073669650.0,NASDAQ_PUBLIC_SCREENER,OKE,2026-09-24T19:02:43Z,RETRIEVAL_TIME_ONLY
OMC,OMNICOM GROUP,75.49,20710377049.0,NASDAQ_PUBLIC_SCREENER,OMC,2026-09-24T19:02:43Z,RETRIEVAL_TIME_ONLY
ON,ON SEMICONDUCTOR,74.1,28848509223.0,NASDAQ_PUBLIC_SCREENER,ON,2026-09-24T19:02:43Z,RETRIEVAL_TIME_ONLY
ORCL,ORACLE CORP,144.56,437111276160.0,NASDAQ_PUBLIC_SCREENER,ORCL,2026-09-24T19:02:43Z,RETRIEVAL_TIME_ONLY
ORLY,O REILLY AUTOMOTIVE INC,85.9,69489732033.0,NASDAQ_PUBLIC_SCREENER,ORLY,2026-09-24T19:02:43Z,RETRIEVAL_TIME_ONLY
OTIS,OTIS WORLDWIDE CORP,68.32,26007329240.0,NASDAQ_PUBLIC_SCREENER,OTIS,2026-09-24T19:02:43Z,RETRIEVAL_TIME_ONLY
OXY,OCCIDENTAL PETROLEUM CORP,57.36,57339199601.0,NASDAQ_PUBLIC_SCREENER,OXY,2026-09-24T19:02:43Z,RETRIEVAL_TIME_ONLY
PANW,PALO ALTO NETWORKS INC,393.3,321719400000.0,NASDAQ_PUBLIC_SCREENER,PANW,2026-09-24T19:02:43Z,RETRIEVAL_TIME_ONLY
PAYX,PAYCHEX INC,104.49,37196399624.0,NASDAQ_PUBLIC_SCREENER,PAYX,2026-09-24T19:02:43Z,RETRIEVAL_TIME_ONLY
PCAR,PACCAR INC,112.09,59000247582.0,NASDAQ_PUBLIC_SCREENER,PCAR,2026-09-24T19:02:43Z,RETRIEVAL_TIME_ONLY
PCG,P G + E CORP,12.41,33260171255.0,NASDAQ_PUBLIC_SCREENER,PCG,2026-09-24T19:02:43Z,RETRIEVAL_TIME_ONLY
PEG,PUBLIC SERVICE ENTERPRISE GP,67.31,33548652219.0,NASDAQ_PUBLIC_SCREENER,PEG,2026-09-24T19:02:43Z,RETRIEVAL_TIME_ONLY
PEP,PEPSICO INC,130.18,177681583020.0,NASDAQ_PUBLIC_SCREENER,PEP,2026-09-24T19:02:43Z,RETRIEVAL_TIME_ONLY
PFE,PFIZER INC,28.18,160616801738.0,NASDAQ_PUBLIC_SCREENER,PFE,2026-09-24T19:02:43Z,RETRIEVAL_TIME_ONLY
PFG,PRINCIPAL FINANCIAL GROUP,113.92,24390800703.0,NASDAQ_PUBLIC_SCREENER,PFG,2026-09-24T19:02:43Z,RETRIEVAL_TIME_ONLY
PG,PROCTER + GAMBLE CO/THE,147.39,342598188713.0,NASDAQ_PUBLIC_SCREENER,PG,2026-09-24T19:02:43Z,RETRIEVAL_TIME_ONLY
PGR,PROGRESSIVE CORP,203.13,118094047640.0,NASDAQ_PUBLIC_SCREENER,PGR,2026-09-24T19:02:43Z,RETRIEVAL_TIME_ONLY
PH,PARKER HANNIFIN CORP,971.21,122481638572.0,NASDAQ_PUBLIC_SCREENER,PH,2026-09-24T19:02:43Z,RETRIEVAL_TIME_ONLY
PHM,PULTEGROUP INC,118.71,22252491023.0,NASDAQ_PUBLIC_SCREENER,PHM,2026-09-24T19:02:43Z,RETRIEVAL_TIME_ONLY
PKG,PACKAGING CORP OF AMERICA,240.98,21470908093.0,NASDAQ_PUBLIC_SCREENER,PKG,2026-09-24T19:02:43Z,RETRIEVAL_TIME_ONLY
PLD,PROLOGIS INC,133.96,127004260960.0,NASDAQ_PUBLIC_SCREENER,PLD,2026-09-24T19:02:43Z,RETRIEVAL_TIME_ONLY
PLTR,PALANTIR TECHNOLOGIES INC A,191.79,460689836929.0,NASDAQ_PUBLIC_SCREENER,PLTR,2026-09-24T19:02:43Z,RETRIEVAL_TIME_ONLY
PM,PHILIP MORRIS INTERNATIONAL,190.84,297445788699.0,NASDAQ_PUBLIC_SCREENER,PM,2026-09-24T19:02:43Z,RETRIEVAL_TIME_ONLY
PNC,PNC FINANCIAL SERVICES GROUP,224.03,89375349718.0,NASDAQ_PUBLIC_SCREENER,PNC,2026-09-24T19:02:43Z,RETRIEVAL_TIME_ONLY
PNR,PENTAIR PLC,55.25,8819996738.0,NASDAQ_PUBLIC_SCREENER,PNR,2026-09-24T19:02:43Z,RETRIEVAL_TIME_ONLY
PNW,PINNACLE WEST CAPITAL,92.05,11156205390.0,NASDAQ_PUBLIC_SCREENER,PNW,2026-09-24T19:02:43Z,RETRIEVAL_TIME_ONLY
PODD,INSULET CORP,136.49,9466154622.0,NASDAQ_PUBLIC_SCREENER,PODD,2026-09-24T19:02:43Z,RETRIEVAL_TIME_ONLY
PPG,PPG INDUSTRIES INC,107.2,23830560000.0,NASDAQ_PUBLIC_SCREENER,PPG,2026-09-24T19:02:43Z,RETRIEVAL_TIME_ONLY
PPL,PPL CORP,32.25,24269571122.0,NASDAQ_PUBLIC_SCREENER,PPL,2026-09-24T19:02:43Z,RETRIEVAL_TIME_ONLY
PRU,PRUDENTIAL FINANCIAL INC,117.59,40568550000.0,NASDAQ_PUBLIC_SCREENER,PRU,2026-09-24T19:02:43Z,RETRIEVAL_TIME_ONLY
PSA,PUBLIC STORAGE,286.73,50355847752.0,NASDAQ_PUBLIC_SCREENER,PSA,2026-09-24T19:02:43Z,RETRIEVAL_TIME_ONLY
PSKY,PARAMOUNT SKYDANCE CL B,9.96,11174579959.0,NASDAQ_PUBLIC_SCREENER,PSKY,2026-09-24T19:02:43Z,RETRIEVAL_TIME_ONLY
PSX,PHILLIPS 66,256.48,102340884536.0,NASDAQ_PUBLIC_SCREENER,PSX,2026-09-24T19:02:43Z,RETRIEVAL_TIME_ONLY
PTC,PTC INC,140.4,15234279044.0,NASDAQ_PUBLIC_SCREENER,PTC,2026-09-24T19:02:43Z,RETRIEVAL_TIME_ONLY
PWR,QUANTA SERVICES INC,634.9,93539676687.0,NASDAQ_PUBLIC_SCREENER,PWR,2026-09-24T19:02:43Z,RETRIEVAL_TIME_ONLY
PYPL,PAYPAL HOLDINGS INC,52.51,44920250494.0,NASDAQ_PUBLIC_SCREENER,PYPL,2026-09-24T19:02:43Z,RETRIEVAL_TIME_ONLY
Q,QNITY ELECTRONICS INC,124.5,26046463604.0,NASDAQ_PUBLIC_SCREENER,Q,2026-09-24T19:02:43Z,RETRIEVAL_TIME_ONLY
QCOM,QUALCOMM INC,197.24,207148138578.0,NASDAQ_PUBLIC_SCREENER,QCOM,2026-09-24T19:02:43Z,RETRIEVAL_TIME_ONLY
RCL,ROYAL CARIBBEAN CRUISES LTD,230.3,61594214945.0,NASDAQ_PUBLIC_SCREENER,RCL,2026-09-24T19:02:43Z,RETRIEVAL_TIME_ONLY
RDDT,REDDIT INC CL A,151.98,29240421590.0,NASDAQ_PUBLIC_SCREENER,RDDT,2026-09-24T19:02:43Z,RETRIEVAL_TIME_ONLY
REG,REGENCY CENTERS CORP,72.73,13318357383.0,NASDAQ_PUBLIC_SCREENER,REG,2026-09-24T19:02:43Z,RETRIEVAL_TIME_ONLY
REGN,REGENERON PHARMACEUTICALS,801.82,82551368478.0,NASDAQ_PUBLIC_SCREENER,REGN,2026-09-24T19:02:43Z,RETRIEVAL_TIME_ONLY
RF,REGIONS FINANCIAL CORP,27.39,23334349169.0,NASDAQ_PUBLIC_SCREENER,RF,2026-09-24T19:02:43Z,RETRIEVAL_TIME_ONLY
RJF,RAYMOND JAMES FINANCIAL INC,158.23,30437393532.0,NASDAQ_PUBLIC_SCREENER,RJF,2026-09-24T19:02:43Z,RETRIEVAL_TIME_ONLY
RL,RALPH LAUREN CORP,337.47,20107218195.0,NASDAQ_PUBLIC_SCREENER,RL,2026-09-24T19:02:43Z,RETRIEVAL_TIME_ONLY
RMD,RESMED INC,222.3,32067287624.0,NASDAQ_PUBLIC_SCREENER,RMD,2026-09-24T19:02:43Z,RETRIEVAL_TIME_ONLY
ROK,ROCKWELL AUTOMATION INC,432.89,48169381514.0,NASDAQ_PUBLIC_SCREENER,ROK,2026-09-24T19:02:43Z,RETRIEVAL_TIME_ONLY
ROL,ROLLINS INC,32.49,15632414176.0,NASDAQ_PUBLIC_SCREENER,ROL,2026-09-24T19:02:43Z,RETRIEVAL_TIME_ONLY
ROP,ROPER TECHNOLOGIES INC,366.36,36233324199.0,NASDAQ_PUBLIC_SCREENER,ROP,2026-09-24T19:02:43Z,RETRIEVAL_TIME_ONLY
ROST,ROSS STORES INC,233.98,74745638678.0,NASDAQ_PUBLIC_SCREENER,ROST,2026-09-24T19:02:43Z,RETRIEVAL_TIME_ONLY
RSG,REPUBLIC SERVICES INC,213.1,65253985612.0,NASDAQ_PUBLIC_SCREENER,RSG,2026-09-24T19:02:43Z,RETRIEVAL_TIME_ONLY
RTX,RTX CORP,192.19,259025637695.0,NASDAQ_PUBLIC_SCREENER,RTX,2026-09-24T19:02:43Z,RETRIEVAL_TIME_ONLY
RVTY,REVVITY INC,142.11,15857543446.0,NASDAQ_PUBLIC_SCREENER,RVTY,2026-09-24T19:02:43Z,RETRIEVAL_TIME_ONLY
SBAC,SBA COMMUNICATIONS CORP,170.53,18091205398.0,NASDAQ_PUBLIC_SCREENER,SBAC,2026-09-24T19:02:43Z,RETRIEVAL_TIME_ONLY
SBUX,STARBUCKS CORP,94.14,107319600000.0,NASDAQ_PUBLIC_SCREENER,SBUX,2026-09-24T19:02:43Z,RETRIEVAL_TIME_ONLY
SCHW,SCHWAB (CHARLES) CORP,99.5,172068903543.0,NASDAQ_PUBLIC_SCREENER,SCHW,2026-09-24T19:02:43Z,RETRIEVAL_TIME_ONLY
SHW,SHERWIN WILLIAMS CO/THE,326.46,79250825975.0,NASDAQ_PUBLIC_SCREENER,SHW,2026-09-24T19:02:43Z,RETRIEVAL_TIME_ONLY
SJM,JM SMUCKER CO/THE,122.41,13076225831.0,NASDAQ_PUBLIC_SCREENER,SJM,2026-09-24T19:02:43Z,RETRIEVAL_TIME_ONLY
SLB,SLB LTD,51.87,76982509392.0,NASDAQ_PUBLIC_SCREENER,SLB,2026-09-24T19:02:43Z,RETRIEVAL_TIME_ONLY
SMCI,SUPER MICRO COMPUTER INC,41.44,27224645513.0,NASDAQ_PUBLIC_SCREENER,SMCI,2026-09-24T19:02:43Z,RETRIEVAL_TIME_ONLY
SNA,SNAP ON INC,370.25,19151967661.0,NASDAQ_PUBLIC_SCREENER,SNA,2026-09-24T19:02:43Z,RETRIEVAL_TIME_ONLY
SNDK,SANDISK CORP,1816.57,265980364647.0,NASDAQ_PUBLIC_SCREENER,SNDK,2026-09-24T19:02:43Z,RETRIEVAL_TIME_ONLY
SNPS,SYNOPSYS INC,413.06,79157432997.0,NASDAQ_PUBLIC_SCREENER,SNPS,2026-09-24T19:02:43Z,RETRIEVAL_TIME_ONLY
SO,SOUTHERN CO/THE,83.47,96020796772.0,NASDAQ_PUBLIC_SCREENER,SO,2026-09-24T19:02:43Z,RETRIEVAL_TIME_ONLY
SOLV,SOLVENTUM CORP,88.37,15042670932.0,NASDAQ_PUBLIC_SCREENER,SOLV,2026-09-24T19:02:43Z,RETRIEVAL_TIME_ONLY
SPG,SIMON PROPERTY GROUP INC,204.16,66056277302.0,NASDAQ_PUBLIC_SCREENER,SPG,2026-09-24T19:02:43Z,RETRIEVAL_TIME_ONLY
SPGI,S+P GLOBAL INC,406.5,119836200000.0,NASDAQ_PUBLIC_SCREENER,SPGI,2026-09-24T19:02:43Z,RETRIEVAL_TIME_ONLY
SRE,SEMPRA,79.0,51658127492.0,NASDAQ_PUBLIC_SCREENER,SRE,2026-09-24T19:02:43Z,RETRIEVAL_TIME_ONLY
STE,STERIS PLC,209.98,20473073098.0,NASDAQ_PUBLIC_SCREENER,STE,2026-09-24T19:02:43Z,RETRIEVAL_TIME_ONLY
STLD,STEEL DYNAMICS INC,234.29,33580337738.0,NASDAQ_PUBLIC_SCREENER,STLD,2026-09-24T19:02:43Z,RETRIEVAL_TIME_ONLY
STT,STATE STREET CORP,179.95,49432582612.0,NASDAQ_PUBLIC_SCREENER,STT,2026-09-24T19:02:43Z,RETRIEVAL_TIME_ONLY
STX,SEAGATE TECHNOLOGY HOLDINGS,923.86,211303920527.0,NASDAQ_PUBLIC_SCREENER,STX,2026-09-24T19:02:43Z,RETRIEVAL_TIME_ONLY
STZ,CONSTELLATION BRANDS INC A,116.57,19907642051.0,NASDAQ_PUBLIC_SCREENER,STZ,2026-09-24T19:02:43Z,RETRIEVAL_TIME_ONLY
SW,SMURFIT WESTROCK PLC,46.49,24385069993.0,NASDAQ_PUBLIC_SCREENER,SW,2026-09-24T19:02:43Z,RETRIEVAL_TIME_ONLY
SWK,STANLEY BLACK + DECKER INC,91.76,13857286978.0,NASDAQ_PUBLIC_SCREENER,SWK,2026-09-24T19:02:43Z,RETRIEVAL_TIME_ONLY
SWKS,SKYWORKS SOLUTIONS INC,91.45,13760735914.0,NASDAQ_PUBLIC_SCREENER,SWKS,2026-09-24T19:02:43Z,RETRIEVAL_TIME_ONLY
SYF,SYNCHRONY FINANCIAL,70.67,26293306917.0,NASDAQ_PUBLIC_SCREENER,SYF,2026-09-24T19:02:43Z,RETRIEVAL_TIME_ONLY
SYK,STRYKER CORP,273.4,104868870776.0,NASDAQ_PUBLIC_SCREENER,SYK,2026-09-24T19:02:43Z,RETRIEVAL_TIME_ONLY
SYY,SYSCO CORP,77.14,37946242874.0,NASDAQ_PUBLIC_SCREENER,SYY,2026-09-24T19:02:43Z,RETRIEVAL_TIME_ONLY
T,AT+T INC,25.3,173365356945.0,NASDAQ_PUBLIC_SCREENER,T,2026-09-24T19:02:43Z,RETRIEVAL_TIME_ONLY
TAP,MOLSON COORS BEVERAGE CO B,36.62,6827943026.0,NASDAQ_PUBLIC_SCREENER,TAP,2026-09-24T19:02:43Z,RETRIEVAL_TIME_ONLY
TDG,TRANSDIGM GROUP INC,1105.28,61096037552.0,NASDAQ_PUBLIC_SCREENER,TDG,2026-09-24T19:02:43Z,RETRIEVAL_TIME_ONLY
TDY,TELEDYNE TECHNOLOGIES INC,621.05,28789190717.0,NASDAQ_PUBLIC_SCREENER,TDY,2026-09-24T19:02:43Z,RETRIEVAL_TIME_ONLY
TECH,BIO TECHNE CORP,72.52,11372458620.0,NASDAQ_PUBLIC_SCREENER,TECH,2026-09-24T19:02:43Z,RETRIEVAL_TIME_ONLY
TEL,TE CONNECTIVITY PLC,214.39,62068740951.0,NASDAQ_PUBLIC_SCREENER,TEL,2026-09-24T19:02:43Z,RETRIEVAL_TIME_ONLY
TER,TERADYNE INC,389.14,60838439455.0,NASDAQ_PUBLIC_SCREENER,TER,2026-09-24T19:02:43Z,RETRIEVAL_TIME_ONLY
TFC,TRUIST FINANCIAL CORP,47.0,57416430836.0,NASDAQ_PUBLIC_SCREENER,TFC,2026-09-24T19:02:43Z,RETRIEVAL_TIME_ONLY
TGT,TARGET CORP,156.26,70988407967.0,NASDAQ_PUBLIC_SCREENER,TGT,2026-09-24T19:02:43Z,RETRIEVAL_TIME_ONLY
TJX,TJX COMPANIES INC,131.59,144745586687.0,NASDAQ_PUBLIC_SCREENER,TJX,2026-09-24T19:02:43Z,RETRIEVAL_TIME_ONLY
TKO,TKO GROUP HOLDINGS INC,189.08,35787117334.0,NASDAQ_PUBLIC_SCREENER,TKO,2026-09-24T19:02:43Z,RETRIEVAL_TIME_ONLY
TMO,THERMO FISHER SCIENTIFIC INC,665.3,245992869376.0,NASDAQ_PUBLIC_SCREENER,TMO,2026-09-24T19:02:43Z,RETRIEVAL_TIME_ONLY
TMUS,T MOBILE US INC,165.66,177698779410.0,NASDAQ_PUBLIC_SCREENER,TMUS,2026-09-24T19:02:43Z,RETRIEVAL_TIME_ONLY
TPL,TEXAS PACIFIC LAND CORP,335.74,23157560070.0,NASDAQ_PUBLIC_SCREENER,TPL,2026-09-24T19:02:43Z,RETRIEVAL_TIME_ONLY
TPR,TAPESTRY INC,110.51,22034774336.0,NASDAQ_PUBLIC_SCREENER,TPR,2026-09-24T19:02:43Z,RETRIEVAL_TIME_ONLY
TRGP,TARGA RESOURCES CORP,283.01,60686123253.0,NASDAQ_PUBLIC_SCREENER,TRGP,2026-09-24T19:02:43Z,RETRIEVAL_TIME_ONLY
TRMB,TRIMBLE INC,59.32,13832228583.0,NASDAQ_PUBLIC_SCREENER,TRMB,2026-09-24T19:02:43Z,RETRIEVAL_TIME_ONLY
TROW,T ROWE PRICE GROUP INC,104.57,22306438435.0,NASDAQ_PUBLIC_SCREENER,TROW,2026-09-24T19:02:43Z,RETRIEVAL_TIME_ONLY
TRV,TRAVELERS COS INC/THE,360.39,75168352179.0,NASDAQ_PUBLIC_SCREENER,TRV,2026-09-24T19:02:43Z,RETRIEVAL_TIME_ONLY
TSCO,TRACTOR SUPPLY COMPANY,32.29,16824386024.0,NASDAQ_PUBLIC_SCREENER,TSCO,2026-09-24T19:02:43Z,RETRIEVAL_TIME_ONLY
TSLA,TESLA INC,380.12,1501301955407.0,NASDAQ_PUBLIC_SCREENER,TSLA,2026-09-24T19:02:43Z,RETRIEVAL_TIME_ONLY
TSN,TYSON FOODS INC CL A,51.36,18068525656.0,NASDAQ_PUBLIC_SCREENER,TSN,2026-09-24T19:02:43Z,RETRIEVAL_TIME_ONLY
TT,TRANE TECHNOLOGIES PLC,437.09,96169930435.0,NASDAQ_PUBLIC_SCREENER,TT,2026-09-24T19:02:43Z,RETRIEVAL_TIME_ONLY
TTD,TRADE DESK INC/THE CLASS A,12.68,5995041919.0,NASDAQ_PUBLIC_SCREENER,TTD,2026-09-24T19:02:43Z,RETRIEVAL_TIME_ONLY
TTWO,TAKE TWO INTERACTIVE SOFTWRE,206.32,38577805000.0,NASDAQ_PUBLIC_SCREENER,TTWO,2026-09-24T19:02:43Z,RETRIEVAL_TIME_ONLY
TXN,TEXAS INSTRUMENTS INC,272.62,248969584157.0,NASDAQ_PUBLIC_SCREENER,TXN,2026-09-24T19:02:43Z,RETRIEVAL_TIME_ONLY
TXT,TEXTRON INC,76.81,13210315095.0,NASDAQ_PUBLIC_SCREENER,TXT,2026-09-24T19:02:43Z,RETRIEVAL_TIME_ONLY
TYL,TYLER TECHNOLOGIES INC,332.53,13617859673.0,NASDAQ_PUBLIC_SCREENER,TYL,2026-09-24T19:02:43Z,RETRIEVAL_TIME_ONLY
UAL,UNITED AIRLINES HOLDINGS INC,110.72,35937915236.0,NASDAQ_PUBLIC_SCREENER,UAL,2026-09-24T19:02:43Z,RETRIEVAL_TIME_ONLY
UBER,UBER TECHNOLOGIES INC,69.42,141794523600.0,NASDAQ_PUBLIC_SCREENER,UBER,2026-09-24T19:02:43Z,RETRIEVAL_TIME_ONLY
UDR,UDR INC,33.79,10855518061.0,NASDAQ_PUBLIC_SCREENER,UDR,2026-09-24T19:02:43Z,RETRIEVAL_TIME_ONLY
UHS,UNIVERSAL HEALTH SERVICES B,181.39,10690494456.0,NASDAQ_PUBLIC_SCREENER,UHS,2026-09-24T19:02:43Z,RETRIEVAL_TIME_ONLY
ULTA,ULTA BEAUTY INC,543.81,23251940305.0,NASDAQ_PUBLIC_SCREENER,ULTA,2026-09-24T19:02:43Z,RETRIEVAL_TIME_ONLY
UNH,UNITEDHEALTH GROUP INC,371.29,333267990743.0,NASDAQ_PUBLIC_SCREENER,UNH,2026-09-24T19:02:43Z,RETRIEVAL_TIME_ONLY
UNP,UNION PACIFIC CORP,275.53,163685621964.0,NASDAQ_PUBLIC_SCREENER,UNP,2026-09-24T19:02:43Z,RETRIEVAL_TIME_ONLY
UPS,UNITED PARCEL SERVICE CL B,95.82,81521891187.0,NASDAQ_PUBLIC_SCREENER,UPS,2026-09-24T19:02:43Z,RETRIEVAL_TIME_ONLY
URI,UNITED RENTALS INC,1031.99,64233626223.0,NASDAQ_PUBLIC_SCREENER,URI,2026-09-24T19:02:43Z,RETRIEVAL_TIME_ONLY
USB,US BANCORP,58.48,91114848562.0,NASDAQ_PUBLIC_SCREENER,USB,2026-09-24T19:02:43Z,RETRIEVAL_TIME_ONLY
V,VISA INC CLASS A SHARES,361.52,645947748942.0,NASDAQ_PUBLIC_SCREENER,V,2026-09-24T19:02:43Z,RETRIEVAL_TIME_ONLY
VEEV,VEEVA SYSTEMS INC CLASS A,270.75,43836821138.0,NASDAQ_PUBLIC_SCREENER,VEEV,2026-09-24T19:02:43Z,RETRIEVAL_TIME_ONLY
VICI,VICI PROPERTIES INC,23.7,26095538219.0,NASDAQ_PUBLIC_SCREENER,VICI,2026-09-24T19:02:43Z,RETRIEVAL_TIME_ONLY
VLO,VALERO ENERGY CORP,375.84,108214656942.0,NASDAQ_PUBLIC_SCREENER,VLO,2026-09-24T19:02:43Z,RETRIEVAL_TIME_ONLY
VLTO,VERALTO CORP,95.88,23374905823.0,NASDAQ_PUBLIC_SCREENER,VLTO,2026-09-24T19:02:43Z,RETRIEVAL_TIME_ONLY
VMC,VULCAN MATERIALS CO,244.4,31669043812.0,NASDAQ_PUBLIC_SCREENER,VMC,2026-09-24T19:02:43Z,RETRIEVAL_TIME_ONLY
VMRK,VIVMARK RESIDENTIAL,61.29,48265875000.0,NASDAQ_PUBLIC_SCREENER,VMRK,2026-09-24T19:02:43Z,RETRIEVAL_TIME_ONLY
VRSK,VERISK ANALYTICS INC,171.8,22360802862.0,NASDAQ_PUBLIC_SCREENER,VRSK,2026-09-24T19:02:43Z,RETRIEVAL_TIME_ONLY
VRSN,VERISIGN INC,293.28,26483184000.0,NASDAQ_PUBLIC_SCREENER,VRSN,2026-09-24T19:02:43Z,RETRIEVAL_TIME_ONLY
VRT,VERTIV HOLDINGS CO A,248.78,95777357679.0,NASDAQ_PUBLIC_SCREENER,VRT,2026-09-24T19:02:43Z,RETRIEVAL_TIME_ONLY
VRTX,VERTEX PHARMACEUTICALS INC,516.34,130872013498.0,NASDAQ_PUBLIC_SCREENER,VRTX,2026-09-24T19:02:43Z,RETRIEVAL_TIME_ONLY
VST,VISTRA CORP,137.97,46307587854.0,NASDAQ_PUBLIC_SCREENER,VST,2026-09-24T19:02:43Z,RETRIEVAL_TIME_ONLY
VTR,VENTAS INC,86.64,44441672544.0,NASDAQ_PUBLIC_SCREENER,VTR,2026-09-24T19:02:43Z,RETRIEVAL_TIME_ONLY
VTRS,VIATRIS INC,17.12,19663875592.0,NASDAQ_PUBLIC_SCREENER,VTRS,2026-09-24T19:02:43Z,RETRIEVAL_TIME_ONLY
VZ,VERIZON COMMUNICATIONS INC,46.52,193280142397.0,NASDAQ_PUBLIC_SCREENER,VZ,2026-09-24T19:02:43Z,RETRIEVAL_TIME_ONLY
WAB,WABTEC CORP,292.22,49359128879.0,NASDAQ_PUBLIC_SCREENER,WAB,2026-09-24T19:02:43Z,RETRIEVAL_TIME_ONLY
WAT,WATERS CORP,420.57,41320208043.0,NASDAQ_PUBLIC_SCREENER,WAT,2026-09-24T19:02:43Z,RETRIEVAL_TIME_ONLY
WBD,WARNER BROS DISCOVERY INC,30.76,77229233939.0,NASDAQ_PUBLIC_SCREENER,WBD,2026-09-24T19:02:43Z,RETRIEVAL_TIME_ONLY
WDAY,WORKDAY INC CLASS A,192.38,46363580000.0,NASDAQ_PUBLIC_SCREENER,WDAY,2026-09-24T19:02:43Z,RETRIEVAL_TIME_ONLY
WDC,WESTERN DIGITAL CORP,473.69,170784639763.0,NASDAQ_PUBLIC_SCREENER,WDC,2026-09-24T19:02:43Z,RETRIEVAL_TIME_ONLY
WEC,WEC ENERGY GROUP INC,101.17,32966182078.0,NASDAQ_PUBLIC_SCREENER,WEC,2026-09-24T19:02:43Z,RETRIEVAL_TIME_ONLY
WELL,WELLTOWER INC,229.87,165677641886.0,NASDAQ_PUBLIC_SCREENER,WELL,2026-09-24T19:02:43Z,RETRIEVAL_TIME_ONLY
WFC,WELLS FARGO + CO,81.9,247665545618.0,NASDAQ_PUBLIC_SCREENER,WFC,2026-09-24T19:02:43Z,RETRIEVAL_TIME_ONLY
WM,WASTE MANAGEMENT INC,207.88,83092792450.0,NASDAQ_PUBLIC_SCREENER,WM,2026-09-24T19:02:43Z,RETRIEVAL_TIME_ONLY
WMB,WILLIAMS COS INC,71.11,86979438934.0,NASDAQ_PUBLIC_SCREENER,WMB,2026-09-24T19:02:43Z,RETRIEVAL_TIME_ONLY
WMT,WALMART INC,110.53,876916972018.0,NASDAQ_PUBLIC_SCREENER,WMT,2026-09-24T19:02:43Z,RETRIEVAL_TIME_ONLY
WRB,WR BERKLEY CORP,67.67,25120966887.0,NASDAQ_PUBLIC_SCREENER,WRB,2026-09-24T19:02:43Z,RETRIEVAL_TIME_ONLY
WSM,WILLIAMS SONOMA INC,227.83,26833628985.0,NASDAQ_PUBLIC_SCREENER,WSM,2026-09-24T19:02:43Z,RETRIEVAL_TIME_ONLY
WST,WEST PHARMACEUTICAL SERVICES,375.87,26452137663.0,NASDAQ_PUBLIC_SCREENER,WST,2026-09-24T19:02:43Z,RETRIEVAL_TIME_ONLY
WTW,WILLIS TOWERS WATSON PLC,298.99,27767780444.0,NASDAQ_PUBLIC_SCREENER,WTW,2026-09-24T19:02:43Z,RETRIEVAL_TIME_ONLY
WY,WEYERHAEUSER CO,21.17,15257981120.0,NASDAQ_PUBLIC_SCREENER,WY,2026-09-24T19:02:43Z,RETRIEVAL_TIME_ONLY
WYNN,WYNN RESORTS LTD,81.45,8387223422.0,NASDAQ_PUBLIC_SCREENER,WYNN,2026-09-24T19:02:43Z,RETRIEVAL_TIME_ONLY
XEL,XCEL ENERGY INC,70.66,44136660062.0,NASDAQ_PUBLIC_SCREENER,XEL,2026-09-24T19:02:43Z,RETRIEVAL_TIME_ONLY
XOM,EXXONMOBIL HOLDINGS CORP,161.23,662963565311.0,NASDAQ_PUBLIC_SCREENER,XOM,2026-09-24T19:02:43Z,RETRIEVAL_TIME_ONLY
XYL,XYLEM INC,108.64,25366007256.0,NASDAQ_PUBLIC_SCREENER,XYL,2026-09-24T19:02:43Z,RETRIEVAL_TIME_ONLY
XYZ,BLOCK INC,74.68,44867370600.0,NASDAQ_PUBLIC_SCREENER,XYZ,2026-09-24T19:02:43Z,RETRIEVAL_TIME_ONLY
YUM,YUM BRANDS INC,140.63,38378079584.0,NASDAQ_PUBLIC_SCREENER,YUM,2026-09-24T19:02:43Z,RETRIEVAL_TIME_ONLY
ZBH,ZIMMER BIOMET HOLDINGS INC,90.88,17334241176.0,NASDAQ_PUBLIC_SCREENER,ZBH,2026-09-24T19:02:43Z,RETRIEVAL_TIME_ONLY
ZBRA,ZEBRA TECHNOLOGIES CORP CL A,371.02,17553201073.0,NASDAQ_PUBLIC_SCREENER,ZBRA,2026-09-24T19:02:43Z,RETRIEVAL_TIME_ONLY
ZTS,ZOETIS INC,71.61,29590942139.0,NASDAQ_PUBLIC_SCREENER,ZTS,2026-09-24T19:02:43Z,RETRIEVAL_TIME_ONLY
