ticker,name,module,ios_variant_v42,r10_first_gate,root_cause_count,root_causes,repair_class,deterministic_repair_candidates,source_recovery_requirements,noncomputable_reasons
ABNB,AIRBNB INC CLASS A,GENERAL,IOS_GENERAL,capex MISSING/CONFLICTING,2,CAPEX_SUPPORTED_XBRL_TAG_NOT_FOUND|FCF_PER_SHARE_CAGR_CURRENT_CAPEX_MISSING,SOURCE_RECOVERY_REQUIRED,,CAPEX_SUPPORTED_XBRL_TAG_NOT_FOUND|FCF_PER_SHARE_CAGR_CURRENT_CAPEX_MISSING,
ADP,AUTOMATIC DATA PROCESSING,SOFTWARE,IOS_GENERAL,capex MISSING/CONFLICTING,3,CAPEX_SUPPORTED_XBRL_TAG_NOT_FOUND|FCF_PER_SHARE_CAGR_CURRENT_CAPEX_MISSING|FCF_PER_SHARE_CAGR_FY_MINUS_3_CAPEX_MISSING,SOURCE_RECOVERY_REQUIRED,,CAPEX_SUPPORTED_XBRL_TAG_NOT_FOUND|FCF_PER_SHARE_CAGR_CURRENT_CAPEX_MISSING|FCF_PER_SHARE_CAGR_FY_MINUS_3_CAPEX_MISSING,
AEE,AMEREN CORPORATION,UTILITY,IOS_GENERAL,guarded growth inputs MISSING/CONFLICTING,3,FCF_PER_SHARE_CAGR_NONPOSITIVE_ENDPOINT|REVENUE_CAGR_CURRENT_REVENUE_MISSING|REVENUE_CAGR_FY_MINUS_3_REVENUE_MISSING,MULTI_CAUSE,,REVENUE_CAGR_CURRENT_REVENUE_MISSING|REVENUE_CAGR_FY_MINUS_3_REVENUE_MISSING,FCF_PER_SHARE_CAGR_NONPOSITIVE_ENDPOINT
AEP,AMERICAN ELECTRIC POWER,UTILITY,IOS_GENERAL,SBC MISSING/CONFLICTING,2,FCF_PER_SHARE_CAGR_FY_MINUS_3_CAPEX_MISSING|SBC_SUPPORTED_XBRL_TAG_NOT_FOUND,SOURCE_RECOVERY_REQUIRED,,FCF_PER_SHARE_CAGR_FY_MINUS_3_CAPEX_MISSING|SBC_SUPPORTED_XBRL_TAG_NOT_FOUND,
AES,AES CORP,UTILITY,IOS_GENERAL,SBC MISSING/CONFLICTING,5,FCF_PER_SHARE_CAGR_CURRENT_DILUTED_SHARES_MISSING|FCF_PER_SHARE_CAGR_FY_MINUS_3_DILUTED_SHARES_MISSING|SBC_SUPPORTED_XBRL_TAG_NOT_FOUND|SHARE_CHANGE_CURRENT_DILUTED_SHARES_MISSING|SHARE_CHANGE_PRIOR_DILUTED_SHARES_MISSING,SOURCE_RECOVERY_REQUIRED,,FCF_PER_SHARE_CAGR_CURRENT_DILUTED_SHARES_MISSING|FCF_PER_SHARE_CAGR_FY_MINUS_3_DILUTED_SHARES_MISSING|SBC_SUPPORTED_XBRL_TAG_NOT_FOUND|SHARE_CHANGE_CURRENT_DILUTED_SHARES_MISSING|SHARE_CHANGE_PRIOR_DILUTED_SHARES_MISSING,
AKAM,AKAMAI TECHNOLOGIES INC,SOFTWARE,IOS_GENERAL,guarded growth inputs MISSING/CONFLICTING,2,REVENUE_CAGR_CURRENT_REVENUE_MISSING|REVENUE_CAGR_FY_MINUS_3_REVENUE_MISSING,SOURCE_RECOVERY_REQUIRED,,REVENUE_CAGR_CURRENT_REVENUE_MISSING|REVENUE_CAGR_FY_MINUS_3_REVENUE_MISSING,
ALLE,ALLEGION PLC,GENERAL,IOS_GENERAL,share_change MISSING/CONFLICTING,4,FCF_PER_SHARE_CAGR_CURRENT_DILUTED_SHARES_MISSING|FCF_PER_SHARE_CAGR_FY_MINUS_3_DILUTED_SHARES_MISSING|SHARE_CHANGE_CURRENT_DILUTED_SHARES_MISSING|SHARE_CHANGE_PRIOR_DILUTED_SHARES_MISSING,SOURCE_RECOVERY_REQUIRED,,FCF_PER_SHARE_CAGR_CURRENT_DILUTED_SHARES_MISSING|FCF_PER_SHARE_CAGR_FY_MINUS_3_DILUTED_SHARES_MISSING|SHARE_CHANGE_CURRENT_DILUTED_SHARES_MISSING|SHARE_CHANGE_PRIOR_DILUTED_SHARES_MISSING,
AME,AMETEK INC,GENERAL,IOS_GENERAL,guarded growth inputs MISSING/CONFLICTING,1,REVENUE_CAGR_FY_MINUS_3_REVENUE_MISSING,SOURCE_RECOVERY_REQUIRED,,REVENUE_CAGR_FY_MINUS_3_REVENUE_MISSING,
AMP,AMERIPRISE FINANCIAL INC,ASSETMGR_EXCH,IOS_BANK,share_change MISSING/CONFLICTING,2,SHARE_CHANGE_CURRENT_DILUTED_SHARES_MISSING|SHARE_CHANGE_PRIOR_DILUTED_SHARES_MISSING,SOURCE_RECOVERY_REQUIRED,,SHARE_CHANGE_CURRENT_DILUTED_SHARES_MISSING|SHARE_CHANGE_PRIOR_DILUTED_SHARES_MISSING,
AOS,SMITH (A.O.) CORP,GENERAL,IOS_GENERAL,share_change MISSING/CONFLICTING,4,FCF_PER_SHARE_CAGR_CURRENT_DILUTED_SHARES_MISSING|FCF_PER_SHARE_CAGR_FY_MINUS_3_DILUTED_SHARES_MISSING|SHARE_CHANGE_CURRENT_DILUTED_SHARES_MISSING|SHARE_CHANGE_PRIOR_DILUTED_SHARES_MISSING,SOURCE_RECOVERY_REQUIRED,,FCF_PER_SHARE_CAGR_CURRENT_DILUTED_SHARES_MISSING|FCF_PER_SHARE_CAGR_FY_MINUS_3_DILUTED_SHARES_MISSING|SHARE_CHANGE_CURRENT_DILUTED_SHARES_MISSING|SHARE_CHANGE_PRIOR_DILUTED_SHARES_MISSING,
APA,APA CORP,RESOURCES,IOS_GENERAL,capex MISSING/CONFLICTING,6,CAPEX_SUPPORTED_XBRL_TAG_NOT_FOUND|FCF_PER_SHARE_CAGR_CURRENT_CAPEX_MISSING|FCF_PER_SHARE_CAGR_FY_MINUS_3_CAPEX_MISSING|REVENUE_CAGR_CURRENT_REVENUE_MISSING|REVENUE_CAGR_FY_MINUS_3_REVENUE_MISSING|SBC_SUPPORTED_XBRL_TAG_NOT_FOUND,SOURCE_RECOVERY_REQUIRED,,CAPEX_SUPPORTED_XBRL_TAG_NOT_FOUND|FCF_PER_SHARE_CAGR_CURRENT_CAPEX_MISSING|FCF_PER_SHARE_CAGR_FY_MINUS_3_CAPEX_MISSING|REVENUE_CAGR_CURRENT_REVENUE_MISSING|REVENUE_CAGR_FY_MINUS_3_REVENUE_MISSING|SBC_SUPPORTED_XBRL_TAG_NOT_FOUND,
APP,APPLOVIN CORP CLASS A,SOFTWARE,IOS_GENERAL,capex MISSING/CONFLICTING,2,CAPEX_SUPPORTED_XBRL_TAG_NOT_FOUND|FCF_PER_SHARE_CAGR_CURRENT_CAPEX_MISSING,SOURCE_RECOVERY_REQUIRED,,CAPEX_SUPPORTED_XBRL_TAG_NOT_FOUND|FCF_PER_SHARE_CAGR_CURRENT_CAPEX_MISSING,
AWK,AMERICAN WATER WORKS CO INC,UTILITY,IOS_GENERAL,SBC MISSING/CONFLICTING,4,FCF_PER_SHARE_CAGR_NONPOSITIVE_ENDPOINT|REVENUE_CAGR_CURRENT_REVENUE_MISSING|REVENUE_CAGR_FY_MINUS_3_REVENUE_MISSING|SBC_SUPPORTED_XBRL_TAG_NOT_FOUND,MULTI_CAUSE,,REVENUE_CAGR_CURRENT_REVENUE_MISSING|REVENUE_CAGR_FY_MINUS_3_REVENUE_MISSING|SBC_SUPPORTED_XBRL_TAG_NOT_FOUND,FCF_PER_SHARE_CAGR_NONPOSITIVE_ENDPOINT
BALL,BALL CORP,INDUSTRIAL,IOS_GENERAL,SBC MISSING/CONFLICTING,4,FCF_PER_SHARE_CAGR_NONPOSITIVE_ENDPOINT|REVENUE_CAGR_CURRENT_REVENUE_MISSING|REVENUE_CAGR_FY_MINUS_3_REVENUE_MISSING|SBC_SUPPORTED_XBRL_TAG_NOT_FOUND,MULTI_CAUSE,,REVENUE_CAGR_CURRENT_REVENUE_MISSING|REVENUE_CAGR_FY_MINUS_3_REVENUE_MISSING|SBC_SUPPORTED_XBRL_TAG_NOT_FOUND,FCF_PER_SHARE_CAGR_NONPOSITIVE_ENDPOINT
BBY,BEST BUY CO INC,GENERAL,IOS_GENERAL,guarded growth inputs MISSING/CONFLICTING,2,REVENUE_CAGR_CURRENT_REVENUE_MISSING|REVENUE_CAGR_FY_MINUS_3_REVENUE_MISSING,SOURCE_RECOVERY_REQUIRED,,REVENUE_CAGR_CURRENT_REVENUE_MISSING|REVENUE_CAGR_FY_MINUS_3_REVENUE_MISSING,
BKR,BAKER HUGHES CO,RESOURCES,IOS_GENERAL,share_change MISSING/CONFLICTING,4,FCF_PER_SHARE_CAGR_CURRENT_DILUTED_SHARES_MISSING|FCF_PER_SHARE_CAGR_FY_MINUS_3_DILUTED_SHARES_MISSING|SHARE_CHANGE_CURRENT_DILUTED_SHARES_MISSING|SHARE_CHANGE_PRIOR_DILUTED_SHARES_MISSING,SOURCE_RECOVERY_REQUIRED,,FCF_PER_SHARE_CAGR_CURRENT_DILUTED_SHARES_MISSING|FCF_PER_SHARE_CAGR_FY_MINUS_3_DILUTED_SHARES_MISSING|SHARE_CHANGE_CURRENT_DILUTED_SHARES_MISSING|SHARE_CHANGE_PRIOR_DILUTED_SHARES_MISSING,
CAT,CATERPILLAR INC,INDUSTRIAL,IOS_GENERAL,SBC MISSING/CONFLICTING,1,SBC_SUPPORTED_XBRL_TAG_NOT_FOUND,SOURCE_RECOVERY_REQUIRED,,SBC_SUPPORTED_XBRL_TAG_NOT_FOUND,
CCL,CARNIVAL CORP LTD,GENERAL,IOS_GENERAL,share_change MISSING/CONFLICTING,4,FCF_PER_SHARE_CAGR_CURRENT_DILUTED_SHARES_MISSING|FCF_PER_SHARE_CAGR_FY_MINUS_3_DILUTED_SHARES_MISSING|SHARE_CHANGE_CURRENT_DILUTED_SHARES_MISSING|SHARE_CHANGE_PRIOR_DILUTED_SHARES_MISSING,SOURCE_RECOVERY_REQUIRED,,FCF_PER_SHARE_CAGR_CURRENT_DILUTED_SHARES_MISSING|FCF_PER_SHARE_CAGR_FY_MINUS_3_DILUTED_SHARES_MISSING|SHARE_CHANGE_CURRENT_DILUTED_SHARES_MISSING|SHARE_CHANGE_PRIOR_DILUTED_SHARES_MISSING,
CEG,CONSTELLATION ENERGY,UTILITY,IOS_GENERAL,SBC MISSING/CONFLICTING,3,FCF_PER_SHARE_CAGR_NONPOSITIVE_ENDPOINT|REVENUE_CAGR_CURRENT_REVENUE_MISSING|SBC_SUPPORTED_XBRL_TAG_NOT_FOUND,MULTI_CAUSE,,REVENUE_CAGR_CURRENT_REVENUE_MISSING|SBC_SUPPORTED_XBRL_TAG_NOT_FOUND,FCF_PER_SHARE_CAGR_NONPOSITIVE_ENDPOINT
CL,COLGATE PALMOLIVE CO,GENERAL,IOS_GENERAL,share_change MISSING/CONFLICTING,4,FCF_PER_SHARE_CAGR_CURRENT_DILUTED_SHARES_MISSING|FCF_PER_SHARE_CAGR_FY_MINUS_3_DILUTED_SHARES_MISSING|SHARE_CHANGE_CURRENT_DILUTED_SHARES_MISSING|SHARE_CHANGE_PRIOR_DILUTED_SHARES_MISSING,SOURCE_RECOVERY_REQUIRED,,FCF_PER_SHARE_CAGR_CURRENT_DILUTED_SHARES_MISSING|FCF_PER_SHARE_CAGR_FY_MINUS_3_DILUTED_SHARES_MISSING|SHARE_CHANGE_CURRENT_DILUTED_SHARES_MISSING|SHARE_CHANGE_PRIOR_DILUTED_SHARES_MISSING,
CMCSA,COMCAST CORP CLASS A,GENERAL,IOS_GENERAL,share_change MISSING/CONFLICTING,4,FCF_PER_SHARE_CAGR_CURRENT_DILUTED_SHARES_MISSING|FCF_PER_SHARE_CAGR_FY_MINUS_3_DILUTED_SHARES_MISSING|SHARE_CHANGE_CURRENT_DILUTED_SHARES_MISSING|SHARE_CHANGE_PRIOR_DILUTED_SHARES_MISSING,SOURCE_RECOVERY_REQUIRED,,FCF_PER_SHARE_CAGR_CURRENT_DILUTED_SHARES_MISSING|FCF_PER_SHARE_CAGR_FY_MINUS_3_DILUTED_SHARES_MISSING|SHARE_CHANGE_CURRENT_DILUTED_SHARES_MISSING|SHARE_CHANGE_PRIOR_DILUTED_SHARES_MISSING,
CMI,CUMMINS INC,INDUSTRIAL,IOS_GENERAL,SBC MISSING/CONFLICTING,5,FCF_PER_SHARE_CAGR_CURRENT_DILUTED_SHARES_MISSING|FCF_PER_SHARE_CAGR_FY_MINUS_3_DILUTED_SHARES_MISSING|SBC_SUPPORTED_XBRL_TAG_NOT_FOUND|SHARE_CHANGE_CURRENT_DILUTED_SHARES_MISSING|SHARE_CHANGE_PRIOR_DILUTED_SHARES_MISSING,SOURCE_RECOVERY_REQUIRED,,FCF_PER_SHARE_CAGR_CURRENT_DILUTED_SHARES_MISSING|FCF_PER_SHARE_CAGR_FY_MINUS_3_DILUTED_SHARES_MISSING|SBC_SUPPORTED_XBRL_TAG_NOT_FOUND|SHARE_CHANGE_CURRENT_DILUTED_SHARES_MISSING|SHARE_CHANGE_PRIOR_DILUTED_SHARES_MISSING,
CMS,CMS ENERGY CORP,UTILITY,IOS_GENERAL,capex MISSING/CONFLICTING,7,CAPEX_SUPPORTED_XBRL_TAG_NOT_FOUND|FCF_PER_SHARE_CAGR_CURRENT_CAPEX_MISSING|FCF_PER_SHARE_CAGR_CURRENT_DILUTED_SHARES_MISSING|FCF_PER_SHARE_CAGR_FY_MINUS_3_DILUTED_SHARES_MISSING|SBC_SUPPORTED_XBRL_TAG_NOT_FOUND|SHARE_CHANGE_CURRENT_DILUTED_SHARES_MISSING|SHARE_CHANGE_PRIOR_DILUTED_SHARES_MISSING,SOURCE_RECOVERY_REQUIRED,,CAPEX_SUPPORTED_XBRL_TAG_NOT_FOUND|FCF_PER_SHARE_CAGR_CURRENT_CAPEX_MISSING|FCF_PER_SHARE_CAGR_CURRENT_DILUTED_SHARES_MISSING|FCF_PER_SHARE_CAGR_FY_MINUS_3_DILUTED_SHARES_MISSING|SBC_SUPPORTED_XBRL_TAG_NOT_FOUND|SHARE_CHANGE_CURRENT_DILUTED_SHARES_MISSING|SHARE_CHANGE_PRIOR_DILUTED_SHARES_MISSING,
CNP,CENTERPOINT ENERGY INC,UTILITY,IOS_GENERAL,SBC MISSING/CONFLICTING,2,FCF_PER_SHARE_CAGR_NONPOSITIVE_ENDPOINT|SBC_SUPPORTED_XBRL_TAG_NOT_FOUND,MULTI_CAUSE,,SBC_SUPPORTED_XBRL_TAG_NOT_FOUND,FCF_PER_SHARE_CAGR_NONPOSITIVE_ENDPOINT
CPRT,COPART INC,GENERAL,IOS_GENERAL,guarded growth inputs MISSING/CONFLICTING,2,REVENUE_CAGR_CURRENT_REVENUE_MISSING|REVENUE_CAGR_FY_MINUS_3_REVENUE_MISSING,SOURCE_RECOVERY_REQUIRED,,REVENUE_CAGR_CURRENT_REVENUE_MISSING|REVENUE_CAGR_FY_MINUS_3_REVENUE_MISSING,
CRH,CRH PLC,GENERAL,IOS_GENERAL,guarded growth inputs MISSING/CONFLICTING,4,FCF_PER_SHARE_CAGR_FY_MINUS_3_CAPEX_MISSING|FCF_PER_SHARE_CAGR_FY_MINUS_3_DILUTED_SHARES_MISSING|FCF_PER_SHARE_CAGR_FY_MINUS_3_OCF_MISSING|REVENUE_CAGR_FY_MINUS_3_REVENUE_MISSING,SOURCE_RECOVERY_REQUIRED,,FCF_PER_SHARE_CAGR_FY_MINUS_3_CAPEX_MISSING|FCF_PER_SHARE_CAGR_FY_MINUS_3_DILUTED_SHARES_MISSING|FCF_PER_SHARE_CAGR_FY_MINUS_3_OCF_MISSING|REVENUE_CAGR_FY_MINUS_3_REVENUE_MISSING,
CSX,CSX CORP,GENERAL,IOS_GENERAL,SBC MISSING/CONFLICTING,1,SBC_SUPPORTED_XBRL_TAG_NOT_FOUND,SOURCE_RECOVERY_REQUIRED,,SBC_SUPPORTED_XBRL_TAG_NOT_FOUND,
CTAS,CINTAS CORP,GENERAL,IOS_GENERAL,share_change MISSING/CONFLICTING,4,FCF_PER_SHARE_CAGR_CURRENT_DILUTED_SHARES_MISSING|FCF_PER_SHARE_CAGR_FY_MINUS_3_DILUTED_SHARES_MISSING|SHARE_CHANGE_CURRENT_DILUTED_SHARES_MISSING|SHARE_CHANGE_PRIOR_DILUTED_SHARES_MISSING,SOURCE_RECOVERY_REQUIRED,,FCF_PER_SHARE_CAGR_CURRENT_DILUTED_SHARES_MISSING|FCF_PER_SHARE_CAGR_FY_MINUS_3_DILUTED_SHARES_MISSING|SHARE_CHANGE_CURRENT_DILUTED_SHARES_MISSING|SHARE_CHANGE_PRIOR_DILUTED_SHARES_MISSING,
CTVA,CORTEVA INC,GENERAL,IOS_GENERAL,SBC MISSING/CONFLICTING,5,FCF_PER_SHARE_CAGR_CURRENT_DILUTED_SHARES_MISSING|FCF_PER_SHARE_CAGR_FY_MINUS_3_DILUTED_SHARES_MISSING|SBC_SUPPORTED_XBRL_TAG_NOT_FOUND|SHARE_CHANGE_CURRENT_DILUTED_SHARES_MISSING|SHARE_CHANGE_PRIOR_DILUTED_SHARES_MISSING,SOURCE_RECOVERY_REQUIRED,,FCF_PER_SHARE_CAGR_CURRENT_DILUTED_SHARES_MISSING|FCF_PER_SHARE_CAGR_FY_MINUS_3_DILUTED_SHARES_MISSING|SBC_SUPPORTED_XBRL_TAG_NOT_FOUND|SHARE_CHANGE_CURRENT_DILUTED_SHARES_MISSING|SHARE_CHANGE_PRIOR_DILUTED_SHARES_MISSING,
D,DOMINION ENERGY INC,UTILITY,IOS_GENERAL,capex MISSING/CONFLICTING,8,CAPEX_SUPPORTED_XBRL_TAG_NOT_FOUND|FCF_PER_SHARE_CAGR_CURRENT_CAPEX_MISSING|FCF_PER_SHARE_CAGR_CURRENT_DILUTED_SHARES_MISSING|FCF_PER_SHARE_CAGR_FY_MINUS_3_CAPEX_MISSING|FCF_PER_SHARE_CAGR_FY_MINUS_3_DILUTED_SHARES_MISSING|SBC_SUPPORTED_XBRL_TAG_NOT_FOUND|SHARE_CHANGE_CURRENT_DILUTED_SHARES_MISSING|SHARE_CHANGE_PRIOR_DILUTED_SHARES_MISSING,SOURCE_RECOVERY_REQUIRED,,CAPEX_SUPPORTED_XBRL_TAG_NOT_FOUND|FCF_PER_SHARE_CAGR_CURRENT_CAPEX_MISSING|FCF_PER_SHARE_CAGR_CURRENT_DILUTED_SHARES_MISSING|FCF_PER_SHARE_CAGR_FY_MINUS_3_CAPEX_MISSING|FCF_PER_SHARE_CAGR_FY_MINUS_3_DILUTED_SHARES_MISSING|SBC_SUPPORTED_XBRL_TAG_NOT_FOUND|SHARE_CHANGE_CURRENT_DILUTED_SHARES_MISSING|SHARE_CHANGE_PRIOR_DILUTED_SHARES_MISSING,
DAL,DELTA AIR LINES INC,GENERAL,IOS_GENERAL,capex MISSING/CONFLICTING,8,CAPEX_SUPPORTED_XBRL_TAG_NOT_FOUND|FCF_PER_SHARE_CAGR_CURRENT_CAPEX_MISSING|FCF_PER_SHARE_CAGR_CURRENT_DILUTED_SHARES_MISSING|FCF_PER_SHARE_CAGR_FY_MINUS_3_CAPEX_MISSING|FCF_PER_SHARE_CAGR_FY_MINUS_3_DILUTED_SHARES_MISSING|SBC_SUPPORTED_XBRL_TAG_NOT_FOUND|SHARE_CHANGE_CURRENT_DILUTED_SHARES_MISSING|SHARE_CHANGE_PRIOR_DILUTED_SHARES_MISSING,SOURCE_RECOVERY_REQUIRED,,CAPEX_SUPPORTED_XBRL_TAG_NOT_FOUND|FCF_PER_SHARE_CAGR_CURRENT_CAPEX_MISSING|FCF_PER_SHARE_CAGR_CURRENT_DILUTED_SHARES_MISSING|FCF_PER_SHARE_CAGR_FY_MINUS_3_CAPEX_MISSING|FCF_PER_SHARE_CAGR_FY_MINUS_3_DILUTED_SHARES_MISSING|SBC_SUPPORTED_XBRL_TAG_NOT_FOUND|SHARE_CHANGE_CURRENT_DILUTED_SHARES_MISSING|SHARE_CHANGE_PRIOR_DILUTED_SHARES_MISSING,
DELL,DELL TECHNOLOGIES C,SEMICONDUCTOR,IOS_GENERAL,share_change MISSING/CONFLICTING,4,FCF_PER_SHARE_CAGR_CURRENT_DILUTED_SHARES_MISSING|FCF_PER_SHARE_CAGR_FY_MINUS_3_DILUTED_SHARES_MISSING|SHARE_CHANGE_CURRENT_DILUTED_SHARES_MISSING|SHARE_CHANGE_PRIOR_DILUTED_SHARES_MISSING,SOURCE_RECOVERY_REQUIRED,,FCF_PER_SHARE_CAGR_CURRENT_DILUTED_SHARES_MISSING|FCF_PER_SHARE_CAGR_FY_MINUS_3_DILUTED_SHARES_MISSING|SHARE_CHANGE_CURRENT_DILUTED_SHARES_MISSING|SHARE_CHANGE_PRIOR_DILUTED_SHARES_MISSING,
DGX,QUEST DIAGNOSTICS INC,GENERAL,IOS_GENERAL,share_change MISSING/CONFLICTING,4,FCF_PER_SHARE_CAGR_CURRENT_DILUTED_SHARES_MISSING|FCF_PER_SHARE_CAGR_FY_MINUS_3_DILUTED_SHARES_MISSING|SHARE_CHANGE_CURRENT_DILUTED_SHARES_MISSING|SHARE_CHANGE_PRIOR_DILUTED_SHARES_MISSING,SOURCE_RECOVERY_REQUIRED,,FCF_PER_SHARE_CAGR_CURRENT_DILUTED_SHARES_MISSING|FCF_PER_SHARE_CAGR_FY_MINUS_3_DILUTED_SHARES_MISSING|SHARE_CHANGE_CURRENT_DILUTED_SHARES_MISSING|SHARE_CHANGE_PRIOR_DILUTED_SHARES_MISSING,
DIS,WALT DISNEY CO/THE,GENERAL,IOS_GENERAL,guarded growth inputs MISSING/CONFLICTING,1,FCF_PER_SHARE_CAGR_FY_MINUS_3_OCF_MISSING,SOURCE_RECOVERY_REQUIRED,,FCF_PER_SHARE_CAGR_FY_MINUS_3_OCF_MISSING,
DPZ,DOMINO S PIZZA INC,GENERAL,IOS_GENERAL,share_change MISSING/CONFLICTING,4,FCF_PER_SHARE_CAGR_CURRENT_DILUTED_SHARES_MISSING|FCF_PER_SHARE_CAGR_FY_MINUS_3_DILUTED_SHARES_MISSING|SHARE_CHANGE_CURRENT_DILUTED_SHARES_MISSING|SHARE_CHANGE_PRIOR_DILUTED_SHARES_MISSING,SOURCE_RECOVERY_REQUIRED,,FCF_PER_SHARE_CAGR_CURRENT_DILUTED_SHARES_MISSING|FCF_PER_SHARE_CAGR_FY_MINUS_3_DILUTED_SHARES_MISSING|SHARE_CHANGE_CURRENT_DILUTED_SHARES_MISSING|SHARE_CHANGE_PRIOR_DILUTED_SHARES_MISSING,
DTE,DTE ENERGY COMPANY,UTILITY,IOS_GENERAL,capex MISSING/CONFLICTING,6,CAPEX_SUPPORTED_XBRL_TAG_NOT_FOUND|FCF_PER_SHARE_CAGR_CURRENT_CAPEX_MISSING|FCF_PER_SHARE_CAGR_FY_MINUS_3_CAPEX_MISSING|REVENUE_CAGR_CURRENT_REVENUE_MISSING|REVENUE_CAGR_FY_MINUS_3_REVENUE_MISSING|SBC_SUPPORTED_XBRL_TAG_NOT_FOUND,SOURCE_RECOVERY_REQUIRED,,CAPEX_SUPPORTED_XBRL_TAG_NOT_FOUND|FCF_PER_SHARE_CAGR_CURRENT_CAPEX_MISSING|FCF_PER_SHARE_CAGR_FY_MINUS_3_CAPEX_MISSING|REVENUE_CAGR_CURRENT_REVENUE_MISSING|REVENUE_CAGR_FY_MINUS_3_REVENUE_MISSING|SBC_SUPPORTED_XBRL_TAG_NOT_FOUND,
DUK,DUKE ENERGY CORP,UTILITY,IOS_GENERAL,SBC MISSING/CONFLICTING,4,FCF_PER_SHARE_CAGR_NONPOSITIVE_ENDPOINT|REVENUE_CAGR_CURRENT_REVENUE_MISSING|REVENUE_CAGR_FY_MINUS_3_REVENUE_MISSING|SBC_SUPPORTED_XBRL_TAG_NOT_FOUND,MULTI_CAUSE,,REVENUE_CAGR_CURRENT_REVENUE_MISSING|REVENUE_CAGR_FY_MINUS_3_REVENUE_MISSING|SBC_SUPPORTED_XBRL_TAG_NOT_FOUND,FCF_PER_SHARE_CAGR_NONPOSITIVE_ENDPOINT
DVN,DEVON ENERGY CORP,RESOURCES,IOS_GENERAL,share_change MISSING/CONFLICTING,5,FCF_PER_SHARE_CAGR_CURRENT_DILUTED_SHARES_MISSING|FCF_PER_SHARE_CAGR_FY_MINUS_3_DILUTED_SHARES_MISSING|FCF_PER_SHARE_CAGR_FY_MINUS_3_OCF_MISSING|SHARE_CHANGE_CURRENT_DILUTED_SHARES_MISSING|SHARE_CHANGE_PRIOR_DILUTED_SHARES_MISSING,SOURCE_RECOVERY_REQUIRED,,FCF_PER_SHARE_CAGR_CURRENT_DILUTED_SHARES_MISSING|FCF_PER_SHARE_CAGR_FY_MINUS_3_DILUTED_SHARES_MISSING|FCF_PER_SHARE_CAGR_FY_MINUS_3_OCF_MISSING|SHARE_CHANGE_CURRENT_DILUTED_SHARES_MISSING|SHARE_CHANGE_PRIOR_DILUTED_SHARES_MISSING,
EIX,EDISON INTERNATIONAL,UTILITY,IOS_GENERAL,SBC MISSING/CONFLICTING,2,FCF_PER_SHARE_CAGR_NONPOSITIVE_ENDPOINT|SBC_SUPPORTED_XBRL_TAG_NOT_FOUND,MULTI_CAUSE,,SBC_SUPPORTED_XBRL_TAG_NOT_FOUND,FCF_PER_SHARE_CAGR_NONPOSITIVE_ENDPOINT
EOG,EOG RESOURCES INC,RESOURCES,IOS_GENERAL,capex MISSING/CONFLICTING,3,CAPEX_SUPPORTED_XBRL_TAG_NOT_FOUND|FCF_PER_SHARE_CAGR_CURRENT_CAPEX_MISSING|FCF_PER_SHARE_CAGR_FY_MINUS_3_CAPEX_MISSING,SOURCE_RECOVERY_REQUIRED,,CAPEX_SUPPORTED_XBRL_TAG_NOT_FOUND|FCF_PER_SHARE_CAGR_CURRENT_CAPEX_MISSING|FCF_PER_SHARE_CAGR_FY_MINUS_3_CAPEX_MISSING,
ES,EVERSOURCE ENERGY,UTILITY,IOS_GENERAL,SBC MISSING/CONFLICTING,2,FCF_PER_SHARE_CAGR_NONPOSITIVE_ENDPOINT|SBC_SUPPORTED_XBRL_TAG_NOT_FOUND,MULTI_CAUSE,,SBC_SUPPORTED_XBRL_TAG_NOT_FOUND,FCF_PER_SHARE_CAGR_NONPOSITIVE_ENDPOINT
ETN,EATON CORP PLC,INDUSTRIAL,IOS_GENERAL,SBC MISSING/CONFLICTING,1,SBC_SUPPORTED_XBRL_TAG_NOT_FOUND,SOURCE_RECOVERY_REQUIRED,,SBC_SUPPORTED_XBRL_TAG_NOT_FOUND,
ETR,ENTERGY CORP,UTILITY,IOS_GENERAL,SBC MISSING/CONFLICTING,2,FCF_PER_SHARE_CAGR_NONPOSITIVE_ENDPOINT|SBC_SUPPORTED_XBRL_TAG_NOT_FOUND,MULTI_CAUSE,,SBC_SUPPORTED_XBRL_TAG_NOT_FOUND,FCF_PER_SHARE_CAGR_NONPOSITIVE_ENDPOINT
EXC,EXELON CORP,UTILITY,IOS_GENERAL,SBC MISSING/CONFLICTING,2,FCF_PER_SHARE_CAGR_NONPOSITIVE_ENDPOINT|SBC_SUPPORTED_XBRL_TAG_NOT_FOUND,MULTI_CAUSE,,SBC_SUPPORTED_XBRL_TAG_NOT_FOUND,FCF_PER_SHARE_CAGR_NONPOSITIVE_ENDPOINT
FE,FIRSTENERGY CORP,UTILITY,IOS_GENERAL,SBC MISSING/CONFLICTING,2,FCF_PER_SHARE_CAGR_NONPOSITIVE_ENDPOINT|SBC_SUPPORTED_XBRL_TAG_NOT_FOUND,MULTI_CAUSE,,SBC_SUPPORTED_XBRL_TAG_NOT_FOUND,FCF_PER_SHARE_CAGR_NONPOSITIVE_ENDPOINT
FOX,FOX CORP CLASS B,GENERAL,IOS_GENERAL,share_change MISSING/CONFLICTING,4,FCF_PER_SHARE_CAGR_CURRENT_DILUTED_SHARES_MISSING|FCF_PER_SHARE_CAGR_FY_MINUS_3_DILUTED_SHARES_MISSING|SHARE_CHANGE_CURRENT_DILUTED_SHARES_MISSING|SHARE_CHANGE_PRIOR_DILUTED_SHARES_MISSING,SOURCE_RECOVERY_REQUIRED,,FCF_PER_SHARE_CAGR_CURRENT_DILUTED_SHARES_MISSING|FCF_PER_SHARE_CAGR_FY_MINUS_3_DILUTED_SHARES_MISSING|SHARE_CHANGE_CURRENT_DILUTED_SHARES_MISSING|SHARE_CHANGE_PRIOR_DILUTED_SHARES_MISSING,
FOXA,FOX CORP CLASS A,GENERAL,IOS_GENERAL,share_change MISSING/CONFLICTING,4,FCF_PER_SHARE_CAGR_CURRENT_DILUTED_SHARES_MISSING|FCF_PER_SHARE_CAGR_FY_MINUS_3_DILUTED_SHARES_MISSING|SHARE_CHANGE_CURRENT_DILUTED_SHARES_MISSING|SHARE_CHANGE_PRIOR_DILUTED_SHARES_MISSING,SOURCE_RECOVERY_REQUIRED,,FCF_PER_SHARE_CAGR_CURRENT_DILUTED_SHARES_MISSING|FCF_PER_SHARE_CAGR_FY_MINUS_3_DILUTED_SHARES_MISSING|SHARE_CHANGE_CURRENT_DILUTED_SHARES_MISSING|SHARE_CHANGE_PRIOR_DILUTED_SHARES_MISSING,
GD,GENERAL DYNAMICS CORP,GENERAL,IOS_GENERAL,share_change MISSING/CONFLICTING,4,FCF_PER_SHARE_CAGR_CURRENT_DILUTED_SHARES_MISSING|FCF_PER_SHARE_CAGR_FY_MINUS_3_DILUTED_SHARES_MISSING|SHARE_CHANGE_CURRENT_DILUTED_SHARES_MISSING|SHARE_CHANGE_PRIOR_DILUTED_SHARES_MISSING,SOURCE_RECOVERY_REQUIRED,,FCF_PER_SHARE_CAGR_CURRENT_DILUTED_SHARES_MISSING|FCF_PER_SHARE_CAGR_FY_MINUS_3_DILUTED_SHARES_MISSING|SHARE_CHANGE_CURRENT_DILUTED_SHARES_MISSING|SHARE_CHANGE_PRIOR_DILUTED_SHARES_MISSING,
GDDY,GODADDY INC CLASS A,SOFTWARE,IOS_GENERAL,guarded growth inputs MISSING/CONFLICTING,1,FCF_PER_SHARE_CAGR_FY_MINUS_3_DILUTED_SHARES_MISSING,SOURCE_RECOVERY_REQUIRED,,FCF_PER_SHARE_CAGR_FY_MINUS_3_DILUTED_SHARES_MISSING,
GLW,CORNING INC,GENERAL,IOS_GENERAL,capex MISSING/CONFLICTING,7,CAPEX_SUPPORTED_XBRL_TAG_NOT_FOUND|FCF_PER_SHARE_CAGR_CURRENT_CAPEX_MISSING|FCF_PER_SHARE_CAGR_CURRENT_DILUTED_SHARES_MISSING|FCF_PER_SHARE_CAGR_FY_MINUS_3_CAPEX_MISSING|FCF_PER_SHARE_CAGR_FY_MINUS_3_DILUTED_SHARES_MISSING|SHARE_CHANGE_CURRENT_DILUTED_SHARES_MISSING|SHARE_CHANGE_PRIOR_DILUTED_SHARES_MISSING,SOURCE_RECOVERY_REQUIRED,,CAPEX_SUPPORTED_XBRL_TAG_NOT_FOUND|FCF_PER_SHARE_CAGR_CURRENT_CAPEX_MISSING|FCF_PER_SHARE_CAGR_CURRENT_DILUTED_SHARES_MISSING|FCF_PER_SHARE_CAGR_FY_MINUS_3_CAPEX_MISSING|FCF_PER_SHARE_CAGR_FY_MINUS_3_DILUTED_SHARES_MISSING|SHARE_CHANGE_CURRENT_DILUTED_SHARES_MISSING|SHARE_CHANGE_PRIOR_DILUTED_SHARES_MISSING,
GM,GENERAL MOTORS CO,INDUSTRIAL,IOS_GENERAL,SBC MISSING/CONFLICTING,1,SBC_SUPPORTED_XBRL_TAG_NOT_FOUND,SOURCE_RECOVERY_REQUIRED,,SBC_SUPPORTED_XBRL_TAG_NOT_FOUND,
GOOG,ALPHABET INC CL C,SOFTWARE,IOS_GENERAL,share_change MISSING/CONFLICTING,4,FCF_PER_SHARE_CAGR_CURRENT_DILUTED_SHARES_MISSING|FCF_PER_SHARE_CAGR_FY_MINUS_3_DILUTED_SHARES_MISSING|SHARE_CHANGE_CURRENT_DILUTED_SHARES_MISSING|SHARE_CHANGE_PRIOR_DILUTED_SHARES_MISSING,SOURCE_RECOVERY_REQUIRED,,FCF_PER_SHARE_CAGR_CURRENT_DILUTED_SHARES_MISSING|FCF_PER_SHARE_CAGR_FY_MINUS_3_DILUTED_SHARES_MISSING|SHARE_CHANGE_CURRENT_DILUTED_SHARES_MISSING|SHARE_CHANGE_PRIOR_DILUTED_SHARES_MISSING,
GOOGL,ALPHABET INC CL A,SOFTWARE,IOS_GENERAL,share_change MISSING/CONFLICTING,4,FCF_PER_SHARE_CAGR_CURRENT_DILUTED_SHARES_MISSING|FCF_PER_SHARE_CAGR_FY_MINUS_3_DILUTED_SHARES_MISSING|SHARE_CHANGE_CURRENT_DILUTED_SHARES_MISSING|SHARE_CHANGE_PRIOR_DILUTED_SHARES_MISSING,SOURCE_RECOVERY_REQUIRED,,FCF_PER_SHARE_CAGR_CURRENT_DILUTED_SHARES_MISSING|FCF_PER_SHARE_CAGR_FY_MINUS_3_DILUTED_SHARES_MISSING|SHARE_CHANGE_CURRENT_DILUTED_SHARES_MISSING|SHARE_CHANGE_PRIOR_DILUTED_SHARES_MISSING,
GPN,GLOBAL PAYMENTS INC,SOFTWARE,IOS_GENERAL,share_change MISSING/CONFLICTING,4,FCF_PER_SHARE_CAGR_CURRENT_DILUTED_SHARES_MISSING|FCF_PER_SHARE_CAGR_FY_MINUS_3_DILUTED_SHARES_MISSING|SHARE_CHANGE_CURRENT_DILUTED_SHARES_MISSING|SHARE_CHANGE_PRIOR_DILUTED_SHARES_MISSING,SOURCE_RECOVERY_REQUIRED,,FCF_PER_SHARE_CAGR_CURRENT_DILUTED_SHARES_MISSING|FCF_PER_SHARE_CAGR_FY_MINUS_3_DILUTED_SHARES_MISSING|SHARE_CHANGE_CURRENT_DILUTED_SHARES_MISSING|SHARE_CHANGE_PRIOR_DILUTED_SHARES_MISSING,
GRMN,GARMIN LTD,INDUSTRIAL,IOS_GENERAL,share_change MISSING/CONFLICTING,4,FCF_PER_SHARE_CAGR_CURRENT_DILUTED_SHARES_MISSING|FCF_PER_SHARE_CAGR_FY_MINUS_3_DILUTED_SHARES_MISSING|SHARE_CHANGE_CURRENT_DILUTED_SHARES_MISSING|SHARE_CHANGE_PRIOR_DILUTED_SHARES_MISSING,SOURCE_RECOVERY_REQUIRED,,FCF_PER_SHARE_CAGR_CURRENT_DILUTED_SHARES_MISSING|FCF_PER_SHARE_CAGR_FY_MINUS_3_DILUTED_SHARES_MISSING|SHARE_CHANGE_CURRENT_DILUTED_SHARES_MISSING|SHARE_CHANGE_PRIOR_DILUTED_SHARES_MISSING,
HAL,HALLIBURTON CO,RESOURCES,IOS_GENERAL,SBC MISSING/CONFLICTING,3,REVENUE_CAGR_CURRENT_REVENUE_MISSING|REVENUE_CAGR_FY_MINUS_3_REVENUE_MISSING|SBC_SUPPORTED_XBRL_TAG_NOT_FOUND,SOURCE_RECOVERY_REQUIRED,,REVENUE_CAGR_CURRENT_REVENUE_MISSING|REVENUE_CAGR_FY_MINUS_3_REVENUE_MISSING|SBC_SUPPORTED_XBRL_TAG_NOT_FOUND,
HLT,HILTON WORLDWIDE HOLDINGS IN,GENERAL,IOS_GENERAL,share_change MISSING/CONFLICTING,4,FCF_PER_SHARE_CAGR_CURRENT_DILUTED_SHARES_MISSING|FCF_PER_SHARE_CAGR_FY_MINUS_3_DILUTED_SHARES_MISSING|SHARE_CHANGE_CURRENT_DILUTED_SHARES_MISSING|SHARE_CHANGE_PRIOR_DILUTED_SHARES_MISSING,SOURCE_RECOVERY_REQUIRED,,FCF_PER_SHARE_CAGR_CURRENT_DILUTED_SHARES_MISSING|FCF_PER_SHARE_CAGR_FY_MINUS_3_DILUTED_SHARES_MISSING|SHARE_CHANGE_CURRENT_DILUTED_SHARES_MISSING|SHARE_CHANGE_PRIOR_DILUTED_SHARES_MISSING,
HON,HONEYWELL INTERNATIONAL INC,GENERAL,IOS_GENERAL,share_change MISSING/CONFLICTING,4,FCF_PER_SHARE_CAGR_CURRENT_DILUTED_SHARES_MISSING|FCF_PER_SHARE_CAGR_FY_MINUS_3_DILUTED_SHARES_MISSING|SHARE_CHANGE_CURRENT_DILUTED_SHARES_MISSING|SHARE_CHANGE_PRIOR_DILUTED_SHARES_MISSING,SOURCE_RECOVERY_REQUIRED,,FCF_PER_SHARE_CAGR_CURRENT_DILUTED_SHARES_MISSING|FCF_PER_SHARE_CAGR_FY_MINUS_3_DILUTED_SHARES_MISSING|SHARE_CHANGE_CURRENT_DILUTED_SHARES_MISSING|SHARE_CHANGE_PRIOR_DILUTED_SHARES_MISSING,
HUBB,HUBBELL INC,SEMICONDUCTOR,IOS_GENERAL,share_change MISSING/CONFLICTING,5,FCF_PER_SHARE_CAGR_CURRENT_DILUTED_SHARES_MISSING|FCF_PER_SHARE_CAGR_FY_MINUS_3_DILUTED_SHARES_MISSING|FCF_PER_SHARE_CAGR_FY_MINUS_3_OCF_MISSING|SHARE_CHANGE_CURRENT_DILUTED_SHARES_MISSING|SHARE_CHANGE_PRIOR_DILUTED_SHARES_MISSING,SOURCE_RECOVERY_REQUIRED,,FCF_PER_SHARE_CAGR_CURRENT_DILUTED_SHARES_MISSING|FCF_PER_SHARE_CAGR_FY_MINUS_3_DILUTED_SHARES_MISSING|FCF_PER_SHARE_CAGR_FY_MINUS_3_OCF_MISSING|SHARE_CHANGE_CURRENT_DILUTED_SHARES_MISSING|SHARE_CHANGE_PRIOR_DILUTED_SHARES_MISSING,
HWM,HOWMET AEROSPACE INC,GENERAL,IOS_GENERAL,SBC MISSING/CONFLICTING,1,SBC_SUPPORTED_XBRL_TAG_NOT_FOUND,SOURCE_RECOVERY_REQUIRED,,SBC_SUPPORTED_XBRL_TAG_NOT_FOUND,
INCY,INCYTE CORP,GENERAL,IOS_GENERAL,capex MISSING/CONFLICTING,2,CAPEX_SUPPORTED_XBRL_TAG_NOT_FOUND|FCF_PER_SHARE_CAGR_CURRENT_CAPEX_MISSING,SOURCE_RECOVERY_REQUIRED,,CAPEX_SUPPORTED_XBRL_TAG_NOT_FOUND|FCF_PER_SHARE_CAGR_CURRENT_CAPEX_MISSING,
IR,INGERSOLL RAND INC,INDUSTRIAL,IOS_GENERAL,share_change MISSING/CONFLICTING,5,FCF_PER_SHARE_CAGR_CURRENT_DILUTED_SHARES_MISSING|FCF_PER_SHARE_CAGR_FY_MINUS_3_DILUTED_SHARES_MISSING|FCF_PER_SHARE_CAGR_FY_MINUS_3_OCF_MISSING|SHARE_CHANGE_CURRENT_DILUTED_SHARES_MISSING|SHARE_CHANGE_PRIOR_DILUTED_SHARES_MISSING,SOURCE_RECOVERY_REQUIRED,,FCF_PER_SHARE_CAGR_CURRENT_DILUTED_SHARES_MISSING|FCF_PER_SHARE_CAGR_FY_MINUS_3_DILUTED_SHARES_MISSING|FCF_PER_SHARE_CAGR_FY_MINUS_3_OCF_MISSING|SHARE_CHANGE_CURRENT_DILUTED_SHARES_MISSING|SHARE_CHANGE_PRIOR_DILUTED_SHARES_MISSING,
IT,GARTNER INC,GENERAL,IOS_GENERAL,capex MISSING/CONFLICTING,3,CAPEX_SUPPORTED_XBRL_TAG_NOT_FOUND|FCF_PER_SHARE_CAGR_CURRENT_CAPEX_MISSING|FCF_PER_SHARE_CAGR_FY_MINUS_3_CAPEX_MISSING,SOURCE_RECOVERY_REQUIRED,,CAPEX_SUPPORTED_XBRL_TAG_NOT_FOUND|FCF_PER_SHARE_CAGR_CURRENT_CAPEX_MISSING|FCF_PER_SHARE_CAGR_FY_MINUS_3_CAPEX_MISSING,
ITW,ILLINOIS TOOL WORKS,INDUSTRIAL,IOS_GENERAL,share_change MISSING/CONFLICTING,4,FCF_PER_SHARE_CAGR_CURRENT_DILUTED_SHARES_MISSING|FCF_PER_SHARE_CAGR_FY_MINUS_3_DILUTED_SHARES_MISSING|SHARE_CHANGE_CURRENT_DILUTED_SHARES_MISSING|SHARE_CHANGE_PRIOR_DILUTED_SHARES_MISSING,SOURCE_RECOVERY_REQUIRED,,FCF_PER_SHARE_CAGR_CURRENT_DILUTED_SHARES_MISSING|FCF_PER_SHARE_CAGR_FY_MINUS_3_DILUTED_SHARES_MISSING|SHARE_CHANGE_CURRENT_DILUTED_SHARES_MISSING|SHARE_CHANGE_PRIOR_DILUTED_SHARES_MISSING,
JBHT,HUNT (JB) TRANSPRT SVCS INC,GENERAL,IOS_GENERAL,guarded growth inputs MISSING/CONFLICTING,2,REVENUE_CAGR_CURRENT_REVENUE_MISSING|REVENUE_CAGR_FY_MINUS_3_REVENUE_MISSING,SOURCE_RECOVERY_REQUIRED,,REVENUE_CAGR_CURRENT_REVENUE_MISSING|REVENUE_CAGR_FY_MINUS_3_REVENUE_MISSING,
JBL,JABIL INC,SEMICONDUCTOR,IOS_GENERAL,SBC MISSING/CONFLICTING,1,SBC_SUPPORTED_XBRL_TAG_NOT_FOUND,SOURCE_RECOVERY_REQUIRED,,SBC_SUPPORTED_XBRL_TAG_NOT_FOUND,
KEYS,KEYSIGHT TECHNOLOGIES IN,GENERAL,IOS_GENERAL,guarded growth inputs MISSING/CONFLICTING,1,REVENUE_CAGR_FY_MINUS_3_REVENUE_MISSING,SOURCE_RECOVERY_REQUIRED,,REVENUE_CAGR_FY_MINUS_3_REVENUE_MISSING,
KMB,KIMBERLY CLARK CORP,GENERAL,IOS_GENERAL,share_change MISSING/CONFLICTING,4,FCF_PER_SHARE_CAGR_CURRENT_DILUTED_SHARES_MISSING|FCF_PER_SHARE_CAGR_FY_MINUS_3_DILUTED_SHARES_MISSING|SHARE_CHANGE_CURRENT_DILUTED_SHARES_MISSING|SHARE_CHANGE_PRIOR_DILUTED_SHARES_MISSING,SOURCE_RECOVERY_REQUIRED,,FCF_PER_SHARE_CAGR_CURRENT_DILUTED_SHARES_MISSING|FCF_PER_SHARE_CAGR_FY_MINUS_3_DILUTED_SHARES_MISSING|SHARE_CHANGE_CURRENT_DILUTED_SHARES_MISSING|SHARE_CHANGE_PRIOR_DILUTED_SHARES_MISSING,
KMI,KINDER MORGAN INC,UTILITY,IOS_GENERAL,SBC MISSING/CONFLICTING,1,SBC_SUPPORTED_XBRL_TAG_NOT_FOUND,SOURCE_RECOVERY_REQUIRED,,SBC_SUPPORTED_XBRL_TAG_NOT_FOUND,
KVUE,KENVUE INC,GENERAL,IOS_GENERAL,guarded growth inputs MISSING/CONFLICTING,4,FCF_PER_SHARE_CAGR_FY_MINUS_3_CAPEX_MISSING|FCF_PER_SHARE_CAGR_FY_MINUS_3_DILUTED_SHARES_MISSING|FCF_PER_SHARE_CAGR_FY_MINUS_3_OCF_MISSING|REVENUE_CAGR_FY_MINUS_3_REVENUE_MISSING,SOURCE_RECOVERY_REQUIRED,,FCF_PER_SHARE_CAGR_FY_MINUS_3_CAPEX_MISSING|FCF_PER_SHARE_CAGR_FY_MINUS_3_DILUTED_SHARES_MISSING|FCF_PER_SHARE_CAGR_FY_MINUS_3_OCF_MISSING|REVENUE_CAGR_FY_MINUS_3_REVENUE_MISSING,
LDOS,LEIDOS HOLDINGS INC,SOFTWARE,IOS_GENERAL,share_change MISSING/CONFLICTING,4,FCF_PER_SHARE_CAGR_CURRENT_DILUTED_SHARES_MISSING|FCF_PER_SHARE_CAGR_FY_MINUS_3_DILUTED_SHARES_MISSING|SHARE_CHANGE_CURRENT_DILUTED_SHARES_MISSING|SHARE_CHANGE_PRIOR_DILUTED_SHARES_MISSING,SOURCE_RECOVERY_REQUIRED,,FCF_PER_SHARE_CAGR_CURRENT_DILUTED_SHARES_MISSING|FCF_PER_SHARE_CAGR_FY_MINUS_3_DILUTED_SHARES_MISSING|SHARE_CHANGE_CURRENT_DILUTED_SHARES_MISSING|SHARE_CHANGE_PRIOR_DILUTED_SHARES_MISSING,
LHX,L3HARRIS TECHNOLOGIES INC,INDUSTRIAL,IOS_GENERAL,share_change MISSING/CONFLICTING,4,FCF_PER_SHARE_CAGR_CURRENT_DILUTED_SHARES_MISSING|FCF_PER_SHARE_CAGR_FY_MINUS_3_DILUTED_SHARES_MISSING|SHARE_CHANGE_CURRENT_DILUTED_SHARES_MISSING|SHARE_CHANGE_PRIOR_DILUTED_SHARES_MISSING,SOURCE_RECOVERY_REQUIRED,,FCF_PER_SHARE_CAGR_CURRENT_DILUTED_SHARES_MISSING|FCF_PER_SHARE_CAGR_FY_MINUS_3_DILUTED_SHARES_MISSING|SHARE_CHANGE_CURRENT_DILUTED_SHARES_MISSING|SHARE_CHANGE_PRIOR_DILUTED_SHARES_MISSING,
LLY,ELI LILLY + CO,GENERAL,IOS_GENERAL,capex MISSING/CONFLICTING,3,CAPEX_SUPPORTED_XBRL_TAG_NOT_FOUND|FCF_PER_SHARE_CAGR_CURRENT_CAPEX_MISSING|FCF_PER_SHARE_CAGR_FY_MINUS_3_CAPEX_MISSING,SOURCE_RECOVERY_REQUIRED,,CAPEX_SUPPORTED_XBRL_TAG_NOT_FOUND|FCF_PER_SHARE_CAGR_CURRENT_CAPEX_MISSING|FCF_PER_SHARE_CAGR_FY_MINUS_3_CAPEX_MISSING,
LMT,LOCKHEED MARTIN CORP,GENERAL,IOS_GENERAL,share_change MISSING/CONFLICTING,4,FCF_PER_SHARE_CAGR_CURRENT_DILUTED_SHARES_MISSING|FCF_PER_SHARE_CAGR_FY_MINUS_3_DILUTED_SHARES_MISSING|SHARE_CHANGE_CURRENT_DILUTED_SHARES_MISSING|SHARE_CHANGE_PRIOR_DILUTED_SHARES_MISSING,SOURCE_RECOVERY_REQUIRED,,FCF_PER_SHARE_CAGR_CURRENT_DILUTED_SHARES_MISSING|FCF_PER_SHARE_CAGR_FY_MINUS_3_DILUTED_SHARES_MISSING|SHARE_CHANGE_CURRENT_DILUTED_SHARES_MISSING|SHARE_CHANGE_PRIOR_DILUTED_SHARES_MISSING,
LNT,ALLIANT ENERGY CORP,UTILITY,IOS_GENERAL,capex MISSING/CONFLICTING,4,CAPEX_SUPPORTED_XBRL_TAG_NOT_FOUND|FCF_PER_SHARE_CAGR_CURRENT_CAPEX_MISSING|FCF_PER_SHARE_CAGR_FY_MINUS_3_CAPEX_MISSING|SBC_SUPPORTED_XBRL_TAG_NOT_FOUND,SOURCE_RECOVERY_REQUIRED,,CAPEX_SUPPORTED_XBRL_TAG_NOT_FOUND|FCF_PER_SHARE_CAGR_CURRENT_CAPEX_MISSING|FCF_PER_SHARE_CAGR_FY_MINUS_3_CAPEX_MISSING|SBC_SUPPORTED_XBRL_TAG_NOT_FOUND,
LVS,LAS VEGAS SANDS CORP,GENERAL,IOS_GENERAL,guarded growth inputs MISSING/CONFLICTING,1,FCF_PER_SHARE_CAGR_FY_MINUS_3_OCF_MISSING,SOURCE_RECOVERY_REQUIRED,,FCF_PER_SHARE_CAGR_FY_MINUS_3_OCF_MISSING,
MAR,MARRIOTT INTERNATIONAL CL A,GENERAL,IOS_GENERAL,share_change MISSING/CONFLICTING,4,FCF_PER_SHARE_CAGR_CURRENT_DILUTED_SHARES_MISSING|FCF_PER_SHARE_CAGR_FY_MINUS_3_DILUTED_SHARES_MISSING|SHARE_CHANGE_CURRENT_DILUTED_SHARES_MISSING|SHARE_CHANGE_PRIOR_DILUTED_SHARES_MISSING,SOURCE_RECOVERY_REQUIRED,,FCF_PER_SHARE_CAGR_CURRENT_DILUTED_SHARES_MISSING|FCF_PER_SHARE_CAGR_FY_MINUS_3_DILUTED_SHARES_MISSING|SHARE_CHANGE_CURRENT_DILUTED_SHARES_MISSING|SHARE_CHANGE_PRIOR_DILUTED_SHARES_MISSING,
MAS,MASCO CORP,INDUSTRIAL,IOS_GENERAL,share_change MISSING/CONFLICTING,4,FCF_PER_SHARE_CAGR_CURRENT_DILUTED_SHARES_MISSING|FCF_PER_SHARE_CAGR_FY_MINUS_3_DILUTED_SHARES_MISSING|SHARE_CHANGE_CURRENT_DILUTED_SHARES_MISSING|SHARE_CHANGE_PRIOR_DILUTED_SHARES_MISSING,SOURCE_RECOVERY_REQUIRED,,FCF_PER_SHARE_CAGR_CURRENT_DILUTED_SHARES_MISSING|FCF_PER_SHARE_CAGR_FY_MINUS_3_DILUTED_SHARES_MISSING|SHARE_CHANGE_CURRENT_DILUTED_SHARES_MISSING|SHARE_CHANGE_PRIOR_DILUTED_SHARES_MISSING,
MCK,MCKESSON CORP,GENERAL,IOS_GENERAL,SBC MISSING/CONFLICTING,1,SBC_SUPPORTED_XBRL_TAG_NOT_FOUND,SOURCE_RECOVERY_REQUIRED,,SBC_SUPPORTED_XBRL_TAG_NOT_FOUND,
MDLZ,MONDELEZ INTERNATIONAL INC A,GENERAL,IOS_GENERAL,share_change MISSING/CONFLICTING,4,FCF_PER_SHARE_CAGR_CURRENT_DILUTED_SHARES_MISSING|FCF_PER_SHARE_CAGR_FY_MINUS_3_DILUTED_SHARES_MISSING|SHARE_CHANGE_CURRENT_DILUTED_SHARES_MISSING|SHARE_CHANGE_PRIOR_DILUTED_SHARES_MISSING,SOURCE_RECOVERY_REQUIRED,,FCF_PER_SHARE_CAGR_CURRENT_DILUTED_SHARES_MISSING|FCF_PER_SHARE_CAGR_FY_MINUS_3_DILUTED_SHARES_MISSING|SHARE_CHANGE_CURRENT_DILUTED_SHARES_MISSING|SHARE_CHANGE_PRIOR_DILUTED_SHARES_MISSING,
MKC,MCCORMICK + CO NON VTG SHRS,GENERAL,IOS_GENERAL,share_change MISSING/CONFLICTING,4,FCF_PER_SHARE_CAGR_CURRENT_DILUTED_SHARES_MISSING|FCF_PER_SHARE_CAGR_FY_MINUS_3_DILUTED_SHARES_MISSING|SHARE_CHANGE_CURRENT_DILUTED_SHARES_MISSING|SHARE_CHANGE_PRIOR_DILUTED_SHARES_MISSING,SOURCE_RECOVERY_REQUIRED,,FCF_PER_SHARE_CAGR_CURRENT_DILUTED_SHARES_MISSING|FCF_PER_SHARE_CAGR_FY_MINUS_3_DILUTED_SHARES_MISSING|SHARE_CHANGE_CURRENT_DILUTED_SHARES_MISSING|SHARE_CHANGE_PRIOR_DILUTED_SHARES_MISSING,
MO,ALTRIA GROUP INC,GENERAL,IOS_GENERAL,SBC MISSING/CONFLICTING,5,FCF_PER_SHARE_CAGR_CURRENT_DILUTED_SHARES_MISSING|FCF_PER_SHARE_CAGR_FY_MINUS_3_DILUTED_SHARES_MISSING|SBC_SUPPORTED_XBRL_TAG_NOT_FOUND|SHARE_CHANGE_CURRENT_DILUTED_SHARES_MISSING|SHARE_CHANGE_PRIOR_DILUTED_SHARES_MISSING,SOURCE_RECOVERY_REQUIRED,,FCF_PER_SHARE_CAGR_CURRENT_DILUTED_SHARES_MISSING|FCF_PER_SHARE_CAGR_FY_MINUS_3_DILUTED_SHARES_MISSING|SBC_SUPPORTED_XBRL_TAG_NOT_FOUND|SHARE_CHANGE_CURRENT_DILUTED_SHARES_MISSING|SHARE_CHANGE_PRIOR_DILUTED_SHARES_MISSING,
MRK,MERCK + CO. INC.,GENERAL,IOS_GENERAL,share_change MISSING/CONFLICTING,5,FCF_PER_SHARE_CAGR_CURRENT_DILUTED_SHARES_MISSING|FCF_PER_SHARE_CAGR_FY_MINUS_3_DILUTED_SHARES_MISSING|FCF_PER_SHARE_CAGR_FY_MINUS_3_OCF_MISSING|SHARE_CHANGE_CURRENT_DILUTED_SHARES_MISSING|SHARE_CHANGE_PRIOR_DILUTED_SHARES_MISSING,SOURCE_RECOVERY_REQUIRED,,FCF_PER_SHARE_CAGR_CURRENT_DILUTED_SHARES_MISSING|FCF_PER_SHARE_CAGR_FY_MINUS_3_DILUTED_SHARES_MISSING|FCF_PER_SHARE_CAGR_FY_MINUS_3_OCF_MISSING|SHARE_CHANGE_CURRENT_DILUTED_SHARES_MISSING|SHARE_CHANGE_PRIOR_DILUTED_SHARES_MISSING,
NCLH,NORWEGIAN CRUISE LINE HOLDIN,GENERAL,IOS_GENERAL,guarded growth inputs MISSING/CONFLICTING,3,FCF_PER_SHARE_CAGR_NONPOSITIVE_ENDPOINT|REVENUE_CAGR_CURRENT_REVENUE_MISSING|REVENUE_CAGR_FY_MINUS_3_REVENUE_MISSING,MULTI_CAUSE,,REVENUE_CAGR_CURRENT_REVENUE_MISSING|REVENUE_CAGR_FY_MINUS_3_REVENUE_MISSING,FCF_PER_SHARE_CAGR_NONPOSITIVE_ENDPOINT
NDAQ,NASDAQ INC,ASSETMGR_EXCH,IOS_BANK,share_change MISSING/CONFLICTING,2,SHARE_CHANGE_CURRENT_DILUTED_SHARES_MISSING|SHARE_CHANGE_PRIOR_DILUTED_SHARES_MISSING,SOURCE_RECOVERY_REQUIRED,,SHARE_CHANGE_CURRENT_DILUTED_SHARES_MISSING|SHARE_CHANGE_PRIOR_DILUTED_SHARES_MISSING,
NEM,NEWMONT CORP,RESOURCES,IOS_GENERAL,SBC MISSING/CONFLICTING,1,SBC_SUPPORTED_XBRL_TAG_NOT_FOUND,SOURCE_RECOVERY_REQUIRED,,SBC_SUPPORTED_XBRL_TAG_NOT_FOUND,
NSC,NORFOLK SOUTHERN CORP,GENERAL,IOS_GENERAL,SBC MISSING/CONFLICTING,5,FCF_PER_SHARE_CAGR_CURRENT_DILUTED_SHARES_MISSING|FCF_PER_SHARE_CAGR_FY_MINUS_3_DILUTED_SHARES_MISSING|SBC_SUPPORTED_XBRL_TAG_NOT_FOUND|SHARE_CHANGE_CURRENT_DILUTED_SHARES_MISSING|SHARE_CHANGE_PRIOR_DILUTED_SHARES_MISSING,SOURCE_RECOVERY_REQUIRED,,FCF_PER_SHARE_CAGR_CURRENT_DILUTED_SHARES_MISSING|FCF_PER_SHARE_CAGR_FY_MINUS_3_DILUTED_SHARES_MISSING|SBC_SUPPORTED_XBRL_TAG_NOT_FOUND|SHARE_CHANGE_CURRENT_DILUTED_SHARES_MISSING|SHARE_CHANGE_PRIOR_DILUTED_SHARES_MISSING,
NVDA,NVIDIA CORP,SEMICONDUCTOR,IOS_GENERAL,guarded growth inputs MISSING/CONFLICTING,1,FCF_PER_SHARE_CAGR_FY_MINUS_3_CAPEX_MISSING,SOURCE_RECOVERY_REQUIRED,,FCF_PER_SHARE_CAGR_FY_MINUS_3_CAPEX_MISSING,
ODFL,OLD DOMINION FREIGHT LINE,GENERAL,IOS_GENERAL,guarded growth inputs MISSING/CONFLICTING,2,REVENUE_CAGR_CURRENT_REVENUE_MISSING|REVENUE_CAGR_FY_MINUS_3_REVENUE_MISSING,SOURCE_RECOVERY_REQUIRED,,REVENUE_CAGR_CURRENT_REVENUE_MISSING|REVENUE_CAGR_FY_MINUS_3_REVENUE_MISSING,
OKE,ONEOK INC,UTILITY,IOS_GENERAL,SBC MISSING/CONFLICTING,1,SBC_SUPPORTED_XBRL_TAG_NOT_FOUND,SOURCE_RECOVERY_REQUIRED,,SBC_SUPPORTED_XBRL_TAG_NOT_FOUND,
OXY,OCCIDENTAL PETROLEUM CORP,RESOURCES,IOS_GENERAL,SBC MISSING/CONFLICTING,5,FCF_PER_SHARE_CAGR_CURRENT_DILUTED_SHARES_MISSING|FCF_PER_SHARE_CAGR_FY_MINUS_3_DILUTED_SHARES_MISSING|SBC_SUPPORTED_XBRL_TAG_NOT_FOUND|SHARE_CHANGE_CURRENT_DILUTED_SHARES_MISSING|SHARE_CHANGE_PRIOR_DILUTED_SHARES_MISSING,SOURCE_RECOVERY_REQUIRED,,FCF_PER_SHARE_CAGR_CURRENT_DILUTED_SHARES_MISSING|FCF_PER_SHARE_CAGR_FY_MINUS_3_DILUTED_SHARES_MISSING|SBC_SUPPORTED_XBRL_TAG_NOT_FOUND|SHARE_CHANGE_CURRENT_DILUTED_SHARES_MISSING|SHARE_CHANGE_PRIOR_DILUTED_SHARES_MISSING,
PCAR,PACCAR INC,INDUSTRIAL,IOS_GENERAL,SBC MISSING/CONFLICTING,1,SBC_SUPPORTED_XBRL_TAG_NOT_FOUND,SOURCE_RECOVERY_REQUIRED,,SBC_SUPPORTED_XBRL_TAG_NOT_FOUND,
PCG,P G + E CORP,UTILITY,IOS_GENERAL,SBC MISSING/CONFLICTING,2,FCF_PER_SHARE_CAGR_NONPOSITIVE_ENDPOINT|SBC_SUPPORTED_XBRL_TAG_NOT_FOUND,MULTI_CAUSE,,SBC_SUPPORTED_XBRL_TAG_NOT_FOUND,FCF_PER_SHARE_CAGR_NONPOSITIVE_ENDPOINT
PEG,PUBLIC SERVICE ENTERPRISE GP,UTILITY,IOS_GENERAL,SBC MISSING/CONFLICTING,2,FCF_PER_SHARE_CAGR_NONPOSITIVE_ENDPOINT|SBC_SUPPORTED_XBRL_TAG_NOT_FOUND,MULTI_CAUSE,,SBC_SUPPORTED_XBRL_TAG_NOT_FOUND,FCF_PER_SHARE_CAGR_NONPOSITIVE_ENDPOINT
PG,PROCTER + GAMBLE CO/THE,GENERAL,IOS_GENERAL,share_change MISSING/CONFLICTING,4,FCF_PER_SHARE_CAGR_CURRENT_DILUTED_SHARES_MISSING|FCF_PER_SHARE_CAGR_FY_MINUS_3_DILUTED_SHARES_MISSING|SHARE_CHANGE_CURRENT_DILUTED_SHARES_MISSING|SHARE_CHANGE_PRIOR_DILUTED_SHARES_MISSING,SOURCE_RECOVERY_REQUIRED,,FCF_PER_SHARE_CAGR_CURRENT_DILUTED_SHARES_MISSING|FCF_PER_SHARE_CAGR_FY_MINUS_3_DILUTED_SHARES_MISSING|SHARE_CHANGE_CURRENT_DILUTED_SHARES_MISSING|SHARE_CHANGE_PRIOR_DILUTED_SHARES_MISSING,
PH,PARKER HANNIFIN CORP,INDUSTRIAL,IOS_GENERAL,share_change MISSING/CONFLICTING,4,FCF_PER_SHARE_CAGR_CURRENT_DILUTED_SHARES_MISSING|FCF_PER_SHARE_CAGR_FY_MINUS_3_DILUTED_SHARES_MISSING|SHARE_CHANGE_CURRENT_DILUTED_SHARES_MISSING|SHARE_CHANGE_PRIOR_DILUTED_SHARES_MISSING,SOURCE_RECOVERY_REQUIRED,,FCF_PER_SHARE_CAGR_CURRENT_DILUTED_SHARES_MISSING|FCF_PER_SHARE_CAGR_FY_MINUS_3_DILUTED_SHARES_MISSING|SHARE_CHANGE_CURRENT_DILUTED_SHARES_MISSING|SHARE_CHANGE_PRIOR_DILUTED_SHARES_MISSING,
PKG,PACKAGING CORP OF AMERICA,GENERAL,IOS_GENERAL,share_change MISSING/CONFLICTING,4,FCF_PER_SHARE_CAGR_CURRENT_DILUTED_SHARES_MISSING|FCF_PER_SHARE_CAGR_FY_MINUS_3_DILUTED_SHARES_MISSING|SHARE_CHANGE_CURRENT_DILUTED_SHARES_MISSING|SHARE_CHANGE_PRIOR_DILUTED_SHARES_MISSING,SOURCE_RECOVERY_REQUIRED,,FCF_PER_SHARE_CAGR_CURRENT_DILUTED_SHARES_MISSING|FCF_PER_SHARE_CAGR_FY_MINUS_3_DILUTED_SHARES_MISSING|SHARE_CHANGE_CURRENT_DILUTED_SHARES_MISSING|SHARE_CHANGE_PRIOR_DILUTED_SHARES_MISSING,
PM,PHILIP MORRIS INTERNATIONAL,GENERAL,IOS_GENERAL,SBC MISSING/CONFLICTING,5,FCF_PER_SHARE_CAGR_CURRENT_DILUTED_SHARES_MISSING|FCF_PER_SHARE_CAGR_FY_MINUS_3_DILUTED_SHARES_MISSING|SBC_SUPPORTED_XBRL_TAG_NOT_FOUND|SHARE_CHANGE_CURRENT_DILUTED_SHARES_MISSING|SHARE_CHANGE_PRIOR_DILUTED_SHARES_MISSING,SOURCE_RECOVERY_REQUIRED,,FCF_PER_SHARE_CAGR_CURRENT_DILUTED_SHARES_MISSING|FCF_PER_SHARE_CAGR_FY_MINUS_3_DILUTED_SHARES_MISSING|SBC_SUPPORTED_XBRL_TAG_NOT_FOUND|SHARE_CHANGE_CURRENT_DILUTED_SHARES_MISSING|SHARE_CHANGE_PRIOR_DILUTED_SHARES_MISSING,
PPG,PPG INDUSTRIES INC,GENERAL,IOS_GENERAL,share_change MISSING/CONFLICTING,4,FCF_PER_SHARE_CAGR_CURRENT_DILUTED_SHARES_MISSING|FCF_PER_SHARE_CAGR_FY_MINUS_3_DILUTED_SHARES_MISSING|SHARE_CHANGE_CURRENT_DILUTED_SHARES_MISSING|SHARE_CHANGE_PRIOR_DILUTED_SHARES_MISSING,SOURCE_RECOVERY_REQUIRED,,FCF_PER_SHARE_CAGR_CURRENT_DILUTED_SHARES_MISSING|FCF_PER_SHARE_CAGR_FY_MINUS_3_DILUTED_SHARES_MISSING|SHARE_CHANGE_CURRENT_DILUTED_SHARES_MISSING|SHARE_CHANGE_PRIOR_DILUTED_SHARES_MISSING,
Q,QNITY ELECTRONICS INC,SEMICONDUCTOR,IOS_GENERAL,guarded growth inputs MISSING/CONFLICTING,4,FCF_PER_SHARE_CAGR_FY_MINUS_3_CAPEX_MISSING|FCF_PER_SHARE_CAGR_FY_MINUS_3_DILUTED_SHARES_MISSING|FCF_PER_SHARE_CAGR_FY_MINUS_3_OCF_MISSING|REVENUE_CAGR_FY_MINUS_3_REVENUE_MISSING,SOURCE_RECOVERY_REQUIRED,,FCF_PER_SHARE_CAGR_FY_MINUS_3_CAPEX_MISSING|FCF_PER_SHARE_CAGR_FY_MINUS_3_DILUTED_SHARES_MISSING|FCF_PER_SHARE_CAGR_FY_MINUS_3_OCF_MISSING|REVENUE_CAGR_FY_MINUS_3_REVENUE_MISSING,
RCL,ROYAL CARIBBEAN CRUISES LTD,GENERAL,IOS_GENERAL,share_change MISSING/CONFLICTING,4,FCF_PER_SHARE_CAGR_CURRENT_DILUTED_SHARES_MISSING|FCF_PER_SHARE_CAGR_FY_MINUS_3_DILUTED_SHARES_MISSING|SHARE_CHANGE_CURRENT_DILUTED_SHARES_MISSING|SHARE_CHANGE_PRIOR_DILUTED_SHARES_MISSING,SOURCE_RECOVERY_REQUIRED,,FCF_PER_SHARE_CAGR_CURRENT_DILUTED_SHARES_MISSING|FCF_PER_SHARE_CAGR_FY_MINUS_3_DILUTED_SHARES_MISSING|SHARE_CHANGE_CURRENT_DILUTED_SHARES_MISSING|SHARE_CHANGE_PRIOR_DILUTED_SHARES_MISSING,
RL,RALPH LAUREN CORP,GENERAL,IOS_GENERAL,capex MISSING/CONFLICTING,2,CAPEX_SUPPORTED_XBRL_TAG_NOT_FOUND|FCF_PER_SHARE_CAGR_CURRENT_CAPEX_MISSING,SOURCE_RECOVERY_REQUIRED,,CAPEX_SUPPORTED_XBRL_TAG_NOT_FOUND|FCF_PER_SHARE_CAGR_CURRENT_CAPEX_MISSING,
ROP,ROPER TECHNOLOGIES INC,GENERAL,IOS_GENERAL,capex MISSING/CONFLICTING,3,CAPEX_SUPPORTED_XBRL_TAG_NOT_FOUND|FCF_PER_SHARE_CAGR_CURRENT_CAPEX_MISSING|FCF_PER_SHARE_CAGR_FY_MINUS_3_CAPEX_MISSING,SOURCE_RECOVERY_REQUIRED,,CAPEX_SUPPORTED_XBRL_TAG_NOT_FOUND|FCF_PER_SHARE_CAGR_CURRENT_CAPEX_MISSING|FCF_PER_SHARE_CAGR_FY_MINUS_3_CAPEX_MISSING,
RSG,REPUBLIC SERVICES INC,UTILITY,IOS_GENERAL,SBC MISSING/CONFLICTING,1,SBC_SUPPORTED_XBRL_TAG_NOT_FOUND,SOURCE_RECOVERY_REQUIRED,,SBC_SUPPORTED_XBRL_TAG_NOT_FOUND,
RTX,RTX CORP,GENERAL,IOS_GENERAL,guarded growth inputs MISSING/CONFLICTING,1,FCF_PER_SHARE_CAGR_FY_MINUS_3_OCF_MISSING,SOURCE_RECOVERY_REQUIRED,,FCF_PER_SHARE_CAGR_FY_MINUS_3_OCF_MISSING,
RVTY,REVVITY INC,GENERAL,IOS_GENERAL,share_change MISSING/CONFLICTING,4,FCF_PER_SHARE_CAGR_CURRENT_DILUTED_SHARES_MISSING|FCF_PER_SHARE_CAGR_FY_MINUS_3_DILUTED_SHARES_MISSING|SHARE_CHANGE_CURRENT_DILUTED_SHARES_MISSING|SHARE_CHANGE_PRIOR_DILUTED_SHARES_MISSING,SOURCE_RECOVERY_REQUIRED,,FCF_PER_SHARE_CAGR_CURRENT_DILUTED_SHARES_MISSING|FCF_PER_SHARE_CAGR_FY_MINUS_3_DILUTED_SHARES_MISSING|SHARE_CHANGE_CURRENT_DILUTED_SHARES_MISSING|SHARE_CHANGE_PRIOR_DILUTED_SHARES_MISSING,
SNA,SNAP ON INC,INDUSTRIAL,IOS_GENERAL,capex MISSING/CONFLICTING,3,CAPEX_SUPPORTED_XBRL_TAG_NOT_FOUND|FCF_PER_SHARE_CAGR_CURRENT_CAPEX_MISSING|FCF_PER_SHARE_CAGR_FY_MINUS_3_CAPEX_MISSING,SOURCE_RECOVERY_REQUIRED,,CAPEX_SUPPORTED_XBRL_TAG_NOT_FOUND|FCF_PER_SHARE_CAGR_CURRENT_CAPEX_MISSING|FCF_PER_SHARE_CAGR_FY_MINUS_3_CAPEX_MISSING,
SO,SOUTHERN CO/THE,UTILITY,IOS_GENERAL,SBC MISSING/CONFLICTING,2,FCF_PER_SHARE_CAGR_NONPOSITIVE_ENDPOINT|SBC_SUPPORTED_XBRL_TAG_NOT_FOUND,MULTI_CAUSE,,SBC_SUPPORTED_XBRL_TAG_NOT_FOUND,FCF_PER_SHARE_CAGR_NONPOSITIVE_ENDPOINT
SRE,SEMPRA,UTILITY,IOS_GENERAL,guarded growth inputs MISSING/CONFLICTING,3,FCF_PER_SHARE_CAGR_NONPOSITIVE_ENDPOINT|REVENUE_CAGR_CURRENT_REVENUE_MISSING|REVENUE_CAGR_FY_MINUS_3_REVENUE_MISSING,MULTI_CAUSE,,REVENUE_CAGR_CURRENT_REVENUE_MISSING|REVENUE_CAGR_FY_MINUS_3_REVENUE_MISSING,FCF_PER_SHARE_CAGR_NONPOSITIVE_ENDPOINT
STE,STERIS PLC,GENERAL,IOS_GENERAL,share_change MISSING/CONFLICTING,4,FCF_PER_SHARE_CAGR_CURRENT_DILUTED_SHARES_MISSING|FCF_PER_SHARE_CAGR_FY_MINUS_3_DILUTED_SHARES_MISSING|SHARE_CHANGE_CURRENT_DILUTED_SHARES_MISSING|SHARE_CHANGE_PRIOR_DILUTED_SHARES_MISSING,SOURCE_RECOVERY_REQUIRED,,FCF_PER_SHARE_CAGR_CURRENT_DILUTED_SHARES_MISSING|FCF_PER_SHARE_CAGR_FY_MINUS_3_DILUTED_SHARES_MISSING|SHARE_CHANGE_CURRENT_DILUTED_SHARES_MISSING|SHARE_CHANGE_PRIOR_DILUTED_SHARES_MISSING,
STZ,CONSTELLATION BRANDS INC A,GENERAL,IOS_GENERAL,share_change MISSING/CONFLICTING,4,FCF_PER_SHARE_CAGR_CURRENT_DILUTED_SHARES_MISSING|FCF_PER_SHARE_CAGR_FY_MINUS_3_DILUTED_SHARES_MISSING|SHARE_CHANGE_CURRENT_DILUTED_SHARES_MISSING|SHARE_CHANGE_PRIOR_DILUTED_SHARES_MISSING,SOURCE_RECOVERY_REQUIRED,,FCF_PER_SHARE_CAGR_CURRENT_DILUTED_SHARES_MISSING|FCF_PER_SHARE_CAGR_FY_MINUS_3_DILUTED_SHARES_MISSING|SHARE_CHANGE_CURRENT_DILUTED_SHARES_MISSING|SHARE_CHANGE_PRIOR_DILUTED_SHARES_MISSING,
T,AT+T INC,GENERAL,IOS_GENERAL,SBC MISSING/CONFLICTING,6,FCF_PER_SHARE_CAGR_CURRENT_DILUTED_SHARES_MISSING|FCF_PER_SHARE_CAGR_FY_MINUS_3_DILUTED_SHARES_MISSING|FCF_PER_SHARE_CAGR_FY_MINUS_3_OCF_MISSING|SBC_SUPPORTED_XBRL_TAG_NOT_FOUND|SHARE_CHANGE_CURRENT_DILUTED_SHARES_MISSING|SHARE_CHANGE_PRIOR_DILUTED_SHARES_MISSING,SOURCE_RECOVERY_REQUIRED,,FCF_PER_SHARE_CAGR_CURRENT_DILUTED_SHARES_MISSING|FCF_PER_SHARE_CAGR_FY_MINUS_3_DILUTED_SHARES_MISSING|FCF_PER_SHARE_CAGR_FY_MINUS_3_OCF_MISSING|SBC_SUPPORTED_XBRL_TAG_NOT_FOUND|SHARE_CHANGE_CURRENT_DILUTED_SHARES_MISSING|SHARE_CHANGE_PRIOR_DILUTED_SHARES_MISSING,
TDG,TRANSDIGM GROUP INC,INDUSTRIAL,IOS_GENERAL,SBC MISSING/CONFLICTING,1,SBC_SUPPORTED_XBRL_TAG_NOT_FOUND,SOURCE_RECOVERY_REQUIRED,,SBC_SUPPORTED_XBRL_TAG_NOT_FOUND,
TDY,TELEDYNE TECHNOLOGIES INC,INDUSTRIAL,IOS_GENERAL,SBC MISSING/CONFLICTING,1,SBC_SUPPORTED_XBRL_TAG_NOT_FOUND,SOURCE_RECOVERY_REQUIRED,,SBC_SUPPORTED_XBRL_TAG_NOT_FOUND,
TJX,TJX COMPANIES INC,GENERAL,IOS_GENERAL,guarded growth inputs MISSING/CONFLICTING,2,REVENUE_CAGR_CURRENT_REVENUE_MISSING|REVENUE_CAGR_FY_MINUS_3_REVENUE_MISSING,SOURCE_RECOVERY_REQUIRED,,REVENUE_CAGR_CURRENT_REVENUE_MISSING|REVENUE_CAGR_FY_MINUS_3_REVENUE_MISSING,
TKO,TKO GROUP HOLDINGS INC,GENERAL,IOS_GENERAL,capex MISSING/CONFLICTING,6,CAPEX_SUPPORTED_XBRL_TAG_NOT_FOUND|FCF_PER_SHARE_CAGR_CURRENT_CAPEX_MISSING|FCF_PER_SHARE_CAGR_FY_MINUS_3_CAPEX_MISSING|FCF_PER_SHARE_CAGR_FY_MINUS_3_DILUTED_SHARES_MISSING|FCF_PER_SHARE_CAGR_FY_MINUS_3_OCF_MISSING|REVENUE_CAGR_FY_MINUS_3_REVENUE_MISSING,SOURCE_RECOVERY_REQUIRED,,CAPEX_SUPPORTED_XBRL_TAG_NOT_FOUND|FCF_PER_SHARE_CAGR_CURRENT_CAPEX_MISSING|FCF_PER_SHARE_CAGR_FY_MINUS_3_CAPEX_MISSING|FCF_PER_SHARE_CAGR_FY_MINUS_3_DILUTED_SHARES_MISSING|FCF_PER_SHARE_CAGR_FY_MINUS_3_OCF_MISSING|REVENUE_CAGR_FY_MINUS_3_REVENUE_MISSING,
TROW,T ROWE PRICE GROUP INC,ASSETMGR_EXCH,IOS_BANK,share_change MISSING/CONFLICTING,2,SHARE_CHANGE_CURRENT_DILUTED_SHARES_MISSING|SHARE_CHANGE_PRIOR_DILUTED_SHARES_MISSING,SOURCE_RECOVERY_REQUIRED,,SHARE_CHANGE_CURRENT_DILUTED_SHARES_MISSING|SHARE_CHANGE_PRIOR_DILUTED_SHARES_MISSING,
TT,TRANE TECHNOLOGIES PLC,GENERAL,IOS_GENERAL,share_change MISSING/CONFLICTING,4,FCF_PER_SHARE_CAGR_CURRENT_DILUTED_SHARES_MISSING|FCF_PER_SHARE_CAGR_FY_MINUS_3_DILUTED_SHARES_MISSING|SHARE_CHANGE_CURRENT_DILUTED_SHARES_MISSING|SHARE_CHANGE_PRIOR_DILUTED_SHARES_MISSING,SOURCE_RECOVERY_REQUIRED,,FCF_PER_SHARE_CAGR_CURRENT_DILUTED_SHARES_MISSING|FCF_PER_SHARE_CAGR_FY_MINUS_3_DILUTED_SHARES_MISSING|SHARE_CHANGE_CURRENT_DILUTED_SHARES_MISSING|SHARE_CHANGE_PRIOR_DILUTED_SHARES_MISSING,
TYL,TYLER TECHNOLOGIES INC,SOFTWARE,IOS_GENERAL,share_change MISSING/CONFLICTING,4,FCF_PER_SHARE_CAGR_CURRENT_DILUTED_SHARES_MISSING|FCF_PER_SHARE_CAGR_FY_MINUS_3_DILUTED_SHARES_MISSING|SHARE_CHANGE_CURRENT_DILUTED_SHARES_MISSING|SHARE_CHANGE_PRIOR_DILUTED_SHARES_MISSING,SOURCE_RECOVERY_REQUIRED,,FCF_PER_SHARE_CAGR_CURRENT_DILUTED_SHARES_MISSING|FCF_PER_SHARE_CAGR_FY_MINUS_3_DILUTED_SHARES_MISSING|SHARE_CHANGE_CURRENT_DILUTED_SHARES_MISSING|SHARE_CHANGE_PRIOR_DILUTED_SHARES_MISSING,
UAL,UNITED AIRLINES HOLDINGS INC,GENERAL,IOS_GENERAL,SBC MISSING/CONFLICTING,5,FCF_PER_SHARE_CAGR_CURRENT_DILUTED_SHARES_MISSING|FCF_PER_SHARE_CAGR_FY_MINUS_3_DILUTED_SHARES_MISSING|SBC_SUPPORTED_XBRL_TAG_NOT_FOUND|SHARE_CHANGE_CURRENT_DILUTED_SHARES_MISSING|SHARE_CHANGE_PRIOR_DILUTED_SHARES_MISSING,SOURCE_RECOVERY_REQUIRED,,FCF_PER_SHARE_CAGR_CURRENT_DILUTED_SHARES_MISSING|FCF_PER_SHARE_CAGR_FY_MINUS_3_DILUTED_SHARES_MISSING|SBC_SUPPORTED_XBRL_TAG_NOT_FOUND|SHARE_CHANGE_CURRENT_DILUTED_SHARES_MISSING|SHARE_CHANGE_PRIOR_DILUTED_SHARES_MISSING,
UNP,UNION PACIFIC CORP,GENERAL,IOS_GENERAL,SBC MISSING/CONFLICTING,1,SBC_SUPPORTED_XBRL_TAG_NOT_FOUND,SOURCE_RECOVERY_REQUIRED,,SBC_SUPPORTED_XBRL_TAG_NOT_FOUND,
UPS,UNITED PARCEL SERVICE CL B,GENERAL,IOS_GENERAL,share_change MISSING/CONFLICTING,4,FCF_PER_SHARE_CAGR_CURRENT_DILUTED_SHARES_MISSING|FCF_PER_SHARE_CAGR_FY_MINUS_3_DILUTED_SHARES_MISSING|SHARE_CHANGE_CURRENT_DILUTED_SHARES_MISSING|SHARE_CHANGE_PRIOR_DILUTED_SHARES_MISSING,SOURCE_RECOVERY_REQUIRED,,FCF_PER_SHARE_CAGR_CURRENT_DILUTED_SHARES_MISSING|FCF_PER_SHARE_CAGR_FY_MINUS_3_DILUTED_SHARES_MISSING|SHARE_CHANGE_CURRENT_DILUTED_SHARES_MISSING|SHARE_CHANGE_PRIOR_DILUTED_SHARES_MISSING,
URI,UNITED RENTALS INC,GENERAL,IOS_GENERAL,capex MISSING/CONFLICTING,7,CAPEX_SUPPORTED_XBRL_TAG_NOT_FOUND|FCF_PER_SHARE_CAGR_CURRENT_CAPEX_MISSING|FCF_PER_SHARE_CAGR_CURRENT_DILUTED_SHARES_MISSING|FCF_PER_SHARE_CAGR_FY_MINUS_3_CAPEX_MISSING|FCF_PER_SHARE_CAGR_FY_MINUS_3_DILUTED_SHARES_MISSING|SHARE_CHANGE_CURRENT_DILUTED_SHARES_MISSING|SHARE_CHANGE_PRIOR_DILUTED_SHARES_MISSING,SOURCE_RECOVERY_REQUIRED,,CAPEX_SUPPORTED_XBRL_TAG_NOT_FOUND|FCF_PER_SHARE_CAGR_CURRENT_CAPEX_MISSING|FCF_PER_SHARE_CAGR_CURRENT_DILUTED_SHARES_MISSING|FCF_PER_SHARE_CAGR_FY_MINUS_3_CAPEX_MISSING|FCF_PER_SHARE_CAGR_FY_MINUS_3_DILUTED_SHARES_MISSING|SHARE_CHANGE_CURRENT_DILUTED_SHARES_MISSING|SHARE_CHANGE_PRIOR_DILUTED_SHARES_MISSING,
V,VISA INC CLASS A SHARES,SOFTWARE,IOS_GENERAL,share_change MISSING/CONFLICTING,4,FCF_PER_SHARE_CAGR_CURRENT_DILUTED_SHARES_MISSING|FCF_PER_SHARE_CAGR_FY_MINUS_3_DILUTED_SHARES_MISSING|SHARE_CHANGE_CURRENT_DILUTED_SHARES_MISSING|SHARE_CHANGE_PRIOR_DILUTED_SHARES_MISSING,SOURCE_RECOVERY_REQUIRED,,FCF_PER_SHARE_CAGR_CURRENT_DILUTED_SHARES_MISSING|FCF_PER_SHARE_CAGR_FY_MINUS_3_DILUTED_SHARES_MISSING|SHARE_CHANGE_CURRENT_DILUTED_SHARES_MISSING|SHARE_CHANGE_PRIOR_DILUTED_SHARES_MISSING,
VEEV,VEEVA SYSTEMS INC CLASS A,SOFTWARE,IOS_GENERAL,capex MISSING/CONFLICTING,3,CAPEX_SUPPORTED_XBRL_TAG_NOT_FOUND|FCF_PER_SHARE_CAGR_CURRENT_CAPEX_MISSING|FCF_PER_SHARE_CAGR_FY_MINUS_3_CAPEX_MISSING,SOURCE_RECOVERY_REQUIRED,,CAPEX_SUPPORTED_XBRL_TAG_NOT_FOUND|FCF_PER_SHARE_CAGR_CURRENT_CAPEX_MISSING|FCF_PER_SHARE_CAGR_FY_MINUS_3_CAPEX_MISSING,
VLO,VALERO ENERGY CORP,RESOURCES,IOS_GENERAL,capex MISSING/CONFLICTING,6,CAPEX_SUPPORTED_XBRL_TAG_NOT_FOUND|FCF_PER_SHARE_CAGR_CURRENT_CAPEX_MISSING|FCF_PER_SHARE_CAGR_FY_MINUS_3_CAPEX_MISSING|REVENUE_CAGR_CURRENT_REVENUE_MISSING|REVENUE_CAGR_FY_MINUS_3_REVENUE_MISSING|SBC_SUPPORTED_XBRL_TAG_NOT_FOUND,SOURCE_RECOVERY_REQUIRED,,CAPEX_SUPPORTED_XBRL_TAG_NOT_FOUND|FCF_PER_SHARE_CAGR_CURRENT_CAPEX_MISSING|FCF_PER_SHARE_CAGR_FY_MINUS_3_CAPEX_MISSING|REVENUE_CAGR_CURRENT_REVENUE_MISSING|REVENUE_CAGR_FY_MINUS_3_REVENUE_MISSING|SBC_SUPPORTED_XBRL_TAG_NOT_FOUND,
VLTO,VERALTO CORP,SEMICONDUCTOR,IOS_GENERAL,guarded growth inputs MISSING/CONFLICTING,4,FCF_PER_SHARE_CAGR_FY_MINUS_3_CAPEX_MISSING|FCF_PER_SHARE_CAGR_FY_MINUS_3_DILUTED_SHARES_MISSING|FCF_PER_SHARE_CAGR_FY_MINUS_3_OCF_MISSING|REVENUE_CAGR_FY_MINUS_3_REVENUE_MISSING,SOURCE_RECOVERY_REQUIRED,,FCF_PER_SHARE_CAGR_FY_MINUS_3_CAPEX_MISSING|FCF_PER_SHARE_CAGR_FY_MINUS_3_DILUTED_SHARES_MISSING|FCF_PER_SHARE_CAGR_FY_MINUS_3_OCF_MISSING|REVENUE_CAGR_FY_MINUS_3_REVENUE_MISSING,
VZ,VERIZON COMMUNICATIONS INC,GENERAL,IOS_GENERAL,capex MISSING/CONFLICTING,4,CAPEX_SUPPORTED_XBRL_TAG_NOT_FOUND|FCF_PER_SHARE_CAGR_CURRENT_CAPEX_MISSING|FCF_PER_SHARE_CAGR_FY_MINUS_3_CAPEX_MISSING|SBC_SUPPORTED_XBRL_TAG_NOT_FOUND,SOURCE_RECOVERY_REQUIRED,,CAPEX_SUPPORTED_XBRL_TAG_NOT_FOUND|FCF_PER_SHARE_CAGR_CURRENT_CAPEX_MISSING|FCF_PER_SHARE_CAGR_FY_MINUS_3_CAPEX_MISSING|SBC_SUPPORTED_XBRL_TAG_NOT_FOUND,
WAT,WATERS CORP,GENERAL,IOS_GENERAL,guarded growth inputs MISSING/CONFLICTING,1,FCF_PER_SHARE_CAGR_FY_MINUS_3_CAPEX_MISSING,SOURCE_RECOVERY_REQUIRED,,FCF_PER_SHARE_CAGR_FY_MINUS_3_CAPEX_MISSING,
WDAY,WORKDAY INC CLASS A,SOFTWARE,IOS_GENERAL,guarded growth inputs MISSING/CONFLICTING,1,FCF_PER_SHARE_CAGR_FY_MINUS_3_CAPEX_MISSING,SOURCE_RECOVERY_REQUIRED,,FCF_PER_SHARE_CAGR_FY_MINUS_3_CAPEX_MISSING,
WM,WASTE MANAGEMENT INC,UTILITY,IOS_GENERAL,share_change MISSING/CONFLICTING,4,FCF_PER_SHARE_CAGR_CURRENT_DILUTED_SHARES_MISSING|FCF_PER_SHARE_CAGR_FY_MINUS_3_DILUTED_SHARES_MISSING|SHARE_CHANGE_CURRENT_DILUTED_SHARES_MISSING|SHARE_CHANGE_PRIOR_DILUTED_SHARES_MISSING,SOURCE_RECOVERY_REQUIRED,,FCF_PER_SHARE_CAGR_CURRENT_DILUTED_SHARES_MISSING|FCF_PER_SHARE_CAGR_FY_MINUS_3_DILUTED_SHARES_MISSING|SHARE_CHANGE_CURRENT_DILUTED_SHARES_MISSING|SHARE_CHANGE_PRIOR_DILUTED_SHARES_MISSING,
WMT,WALMART INC,GENERAL,IOS_GENERAL,SBC MISSING/CONFLICTING,1,SBC_SUPPORTED_XBRL_TAG_NOT_FOUND,SOURCE_RECOVERY_REQUIRED,,SBC_SUPPORTED_XBRL_TAG_NOT_FOUND,
WYNN,WYNN RESORTS LTD,GENERAL,IOS_GENERAL,guarded growth inputs MISSING/CONFLICTING,3,FCF_PER_SHARE_CAGR_NONPOSITIVE_ENDPOINT|REVENUE_CAGR_CURRENT_REVENUE_MISSING|REVENUE_CAGR_FY_MINUS_3_REVENUE_MISSING,MULTI_CAUSE,,REVENUE_CAGR_CURRENT_REVENUE_MISSING|REVENUE_CAGR_FY_MINUS_3_REVENUE_MISSING,FCF_PER_SHARE_CAGR_NONPOSITIVE_ENDPOINT
YUM,YUM BRANDS INC,GENERAL,IOS_GENERAL,share_change MISSING/CONFLICTING,4,FCF_PER_SHARE_CAGR_CURRENT_DILUTED_SHARES_MISSING|FCF_PER_SHARE_CAGR_FY_MINUS_3_DILUTED_SHARES_MISSING|SHARE_CHANGE_CURRENT_DILUTED_SHARES_MISSING|SHARE_CHANGE_PRIOR_DILUTED_SHARES_MISSING,SOURCE_RECOVERY_REQUIRED,,FCF_PER_SHARE_CAGR_CURRENT_DILUTED_SHARES_MISSING|FCF_PER_SHARE_CAGR_FY_MINUS_3_DILUTED_SHARES_MISSING|SHARE_CHANGE_CURRENT_DILUTED_SHARES_MISSING|SHARE_CHANGE_PRIOR_DILUTED_SHARES_MISSING,
ZBH,ZIMMER BIOMET HOLDINGS INC,GENERAL,IOS_GENERAL,guarded growth inputs MISSING/CONFLICTING,1,FCF_PER_SHARE_CAGR_FY_MINUS_3_OCF_MISSING,SOURCE_RECOVERY_REQUIRED,,FCF_PER_SHARE_CAGR_FY_MINUS_3_OCF_MISSING,
ZBRA,ZEBRA TECHNOLOGIES CORP CL A,INDUSTRIAL,IOS_GENERAL,share_change MISSING/CONFLICTING,4,FCF_PER_SHARE_CAGR_CURRENT_DILUTED_SHARES_MISSING|FCF_PER_SHARE_CAGR_FY_MINUS_3_DILUTED_SHARES_MISSING|SHARE_CHANGE_CURRENT_DILUTED_SHARES_MISSING|SHARE_CHANGE_PRIOR_DILUTED_SHARES_MISSING,SOURCE_RECOVERY_REQUIRED,,FCF_PER_SHARE_CAGR_CURRENT_DILUTED_SHARES_MISSING|FCF_PER_SHARE_CAGR_FY_MINUS_3_DILUTED_SHARES_MISSING|SHARE_CHANGE_CURRENT_DILUTED_SHARES_MISSING|SHARE_CHANGE_PRIOR_DILUTED_SHARES_MISSING,
